internal_company_id,internal_company_name,internal_domain,internal_country,external_provider,external_provider_commit,external_ats_family,external_company_name,external_slug,external_url,match_class,match_basis,confidence_reason,verified,verified_at,jrc_support,source_multiplicity
EMP-00002,AMP Bank,amp.com.au,Australia,ats-scrapers,6b44a1badc9bfbf5cf176f75265cc5729e520e99,bamboohr,amp,amp,https://amp.bamboohr.com/careers,CANDIDATE,SLUG,board slug/host token equals domain company token but names differ; inspect,false,,UNSUPPORTED,MULTI_SOURCE_CANDIDATE
EMP-00002,AMP Bank,amp.com.au,Australia,ats-scrapers,6b44a1badc9bfbf5cf176f75265cc5729e520e99,jazzhr,Amp,amp,https://amp.applytojob.com,CANDIDATE,SLUG,board slug/host token equals domain company token but names differ; inspect,false,,UNSUPPORTED,MULTI_SOURCE_CANDIDATE
EMP-00002,AMP Bank,amp.com.au,Australia,ats-scrapers,6b44a1badc9bfbf5cf176f75265cc5729e520e99,rippling,Amp,amp,https://ats.rippling.com/amp/jobs,CANDIDATE,SLUG,board slug/host token equals domain company token but names differ; inspect,false,,UNSUPPORTED,MULTI_SOURCE_CANDIDATE
EMP-00013,Beyond Bank Australia,beyondbank.com.au,Australia,ats-scrapers,6b44a1badc9bfbf5cf176f75265cc5729e520e99,smartrecruiters,Beyond Bank Australia,beyondbankaustralia,https://careers.smartrecruiters.com/beyondbankaustralia,CANDIDATE,NAME_EXACT,"exact normalized name match, no domain evidence; inspect",false,,LEGACY_SUPPORTED,SINGLE_SOURCE_CANDIDATE
EMP-00018,Cuscal,cuscal.com,Australia,ats-scrapers,6b44a1badc9bfbf5cf176f75265cc5729e520e99,smartrecruiters,Cuscal,cuscal1,https://careers.smartrecruiters.com/cuscal1,CANDIDATE,NAME_EXACT,"exact normalized name match, no domain evidence; inspect",false,,LEGACY_SUPPORTED,SINGLE_SOURCE_CANDIDATE
EMP-00020,HSBC Bank Australia,hsbc.com,Australia,ats-scrapers,6b44a1badc9bfbf5cf176f75265cc5729e520e99,eightfold,HSBC,hsbc,https://hsbc.eightfold.ai/careers,HIGH_CONFIDENCE,SLUG_PLUS_NAME,board slug/host token equals domain company token + compatible names,false,,DECLARATIVE_SUPPORTED,SINGLE_SOURCE_CANDIDATE
EMP-00021,ING Bank Australia,ing.com,Australia,ats-scrapers,6b44a1badc9bfbf5cf176f75265cc5729e520e99,workday,Ing,ing/icsausdir,https://ing.wd3.myworkdayjobs.com/icsausdir,CANDIDATE,SLUG,board slug/host token equals domain company token but names differ; inspect,false,,LEGACY_SUPPORTED,MULTI_SOURCE_CANDIDATE
EMP-00021,ING Bank Australia,ing.com,Australia,ats-scrapers,6b44a1badc9bfbf5cf176f75265cc5729e520e99,workday,ING,ing/icsgblcor,https://ing.wd3.myworkdayjobs.com/icsgblcor,CANDIDATE,SLUG,board slug/host token equals domain company token but names differ; inspect,false,,LEGACY_SUPPORTED,MULTI_SOURCE_CANDIDATE
EMP-00021,ING Bank Australia,ing.com,Australia,ats-scrapers,6b44a1badc9bfbf5cf176f75265cc5729e520e99,workday,Ing,ing/icsnldgen,https://ing.wd3.myworkdayjobs.com/icsnldgen,CANDIDATE,SLUG,board slug/host token equals domain company token but names differ; inspect,false,,LEGACY_SUPPORTED,MULTI_SOURCE_CANDIDATE
EMP-00021,ING Bank Australia,ing.com,Australia,ats-scrapers,6b44a1badc9bfbf5cf176f75265cc5729e520e99,workday,Ing (Jvsgblcor),ing/jvsgblcor,https://ing.wd3.myworkdayjobs.com/jvsgblcor,CANDIDATE,SLUG,board slug/host token equals domain company token but names differ; inspect,false,,LEGACY_SUPPORTED,MULTI_SOURCE_CANDIDATE
EMP-00025,National Australia Bank,nab.com.au,Australia,ats-scrapers,6b44a1badc9bfbf5cf176f75265cc5729e520e99,workday,Nab,nab/bnz_careers,https://nab.wd3.myworkdayjobs.com/bnz_careers,CANDIDATE,SLUG,board slug/host token equals domain company token but names differ; inspect,false,,LEGACY_SUPPORTED,SINGLE_SOURCE_CANDIDATE
EMP-00026,PayPal Australia,paypal.com,Australia,ats-scrapers,6b44a1badc9bfbf5cf176f75265cc5729e520e99,eightfold,PayPal,paypal,https://paypal.eightfold.ai/careers,HIGH_CONFIDENCE,SLUG_PLUS_NAME,board slug/host token equals domain company token + compatible names,false,,DECLARATIVE_SUPPORTED,MULTI_SOURCE_CANDIDATE
EMP-00026,PayPal Australia,paypal.com,Australia,ats-scrapers,6b44a1badc9bfbf5cf176f75265cc5729e520e99,workday,PayPal,paypal/jobs,https://paypal.wd1.myworkdayjobs.com/jobs,HIGH_CONFIDENCE,URL_EXACT,internal resolved portal URL equals external board URL,false,,LEGACY_SUPPORTED,MULTI_SOURCE_CANDIDATE
EMP-00027,Rabobank Australia,rabobank.com.au,Australia,ats-scrapers,6b44a1badc9bfbf5cf176f75265cc5729e520e99,workday,Rabobank,rabobank/jobs,https://rabobank.wd3.myworkdayjobs.com/jobs,HIGH_CONFIDENCE,SLUG_PLUS_NAME,board slug/host token equals domain company token + compatible names,false,,LEGACY_SUPPORTED,SINGLE_SOURCE_CANDIDATE
EMP-00029,Suncorp Bank,suncorpbank.com.au,Australia,ats-scrapers,6b44a1badc9bfbf5cf176f75265cc5729e520e99,successfactors,ANZ Banking Careers,anzbanking,https://careers.anz.com,HIGH_CONFIDENCE,URL_EXACT,internal resolved portal URL equals external board URL,false,,LEGACY_SUPPORTED,SINGLE_SOURCE_CANDIDATE
EMP-00030,Wise Australia,wise.com,Australia,ats-scrapers,6b44a1badc9bfbf5cf176f75265cc5729e520e99,smartrecruiters,Wise,Wise,https://careers.smartrecruiters.com/Wise,HIGH_CONFIDENCE,SLUG_PLUS_NAME,board slug/host token equals domain company token + compatible names,false,,LEGACY_SUPPORTED,SINGLE_SOURCE_CANDIDATE
EMP-00072,Pioneer,,Australia,ats-scrapers,6b44a1badc9bfbf5cf176f75265cc5729e520e99,ashby,Pioneer,pioneer,https://jobs.ashbyhq.com/pioneer,CANDIDATE,NAME_EXACT,"exact normalized name match, no domain evidence; inspect",false,,LEGACY_SUPPORTED,SINGLE_SOURCE_CANDIDATE
EMP-00083,Stantec,,Australia,ats-scrapers,6b44a1badc9bfbf5cf176f75265cc5729e520e99,oracle,Stantec,hdhl,https://hdhl.fa.us6.oraclecloud.com/hcmUI/CandidateExperience/en/sites/CX_1,CANDIDATE,NAME_EXACT,"exact normalized name match, no domain evidence; inspect",false,,LEGACY_SUPPORTED,MULTI_SOURCE_CANDIDATE
EMP-00083,Stantec,,Australia,ats-scrapers,6b44a1badc9bfbf5cf176f75265cc5729e520e99,smartrecruiters,Stantec,stantec,https://careers.smartrecruiters.com/stantec,CANDIDATE,NAME_EXACT,"exact normalized name match, no domain evidence; inspect",false,,LEGACY_SUPPORTED,MULTI_SOURCE_CANDIDATE
EMP-00105,Shell Energy Australia,shell.com,Australia,ats-scrapers,6b44a1badc9bfbf5cf176f75265cc5729e520e99,workday,Work at Shell,shell/shellcareers,https://shell.wd3.myworkdayjobs.com/shellcareers,HIGH_CONFIDENCE,URL_EXACT,internal resolved portal URL equals external board URL,false,,LEGACY_SUPPORTED,MULTI_SOURCE_CANDIDATE
EMP-00105,Shell Energy Australia,shell.com,Australia,ats-scrapers,6b44a1badc9bfbf5cf176f75265cc5729e520e99,workday,Work at Shell,shell/shellcareers,https://shell.wd3.myworkdayjobs.com/shellcareers,CANDIDATE,SLUG,board slug/host token equals domain company token but names differ; inspect,false,,LEGACY_SUPPORTED,MULTI_SOURCE_CANDIDATE
EMP-00109,AAI Limited,suncorpgroup.com.au,Australia,ats-scrapers,6b44a1badc9bfbf5cf176f75265cc5729e520e99,bamboohr,aai,aai,https://aai.bamboohr.com/careers,CANDIDATE,NAME_EXACT,"exact normalized name match, no domain evidence; inspect",false,,UNSUPPORTED,SINGLE_SOURCE_CANDIDATE
EMP-00110,AIG Australia,aig.com.au,Australia,ats-scrapers,6b44a1badc9bfbf5cf176f75265cc5729e520e99,workday,Aig (PrivateJobPostings),aig/PrivateJobPostings,https://aig.wd1.myworkdayjobs.com/PrivateJobPostings,CANDIDATE,SLUG,board slug/host token equals domain company token but names differ; inspect,false,,LEGACY_SUPPORTED,MULTI_SOURCE_CANDIDATE
EMP-00110,AIG Australia,aig.com.au,Australia,ats-scrapers,6b44a1badc9bfbf5cf176f75265cc5729e520e99,workday,Aig,aig/aig,https://aig.wd1.myworkdayjobs.com/aig,CANDIDATE,SLUG,board slug/host token equals domain company token but names differ; inspect,false,,LEGACY_SUPPORTED,MULTI_SOURCE_CANDIDATE
EMP-00110,AIG Australia,aig.com.au,Australia,ats-scrapers,6b44a1badc9bfbf5cf176f75265cc5729e520e99,workday,Aig (Early Careers),aig/early_careers,https://aig.wd1.myworkdayjobs.com/early_careers,CANDIDATE,SLUG,board slug/host token equals domain company token but names differ; inspect,false,,LEGACY_SUPPORTED,MULTI_SOURCE_CANDIDATE
EMP-00110,AIG Australia,aig.com.au,Australia,ats-scrapers,6b44a1badc9bfbf5cf176f75265cc5729e520e99,workday,Aig,aig/japan,https://aig.wd1.myworkdayjobs.com/japan,CANDIDATE,SLUG,board slug/host token equals domain company token but names differ; inspect,false,,LEGACY_SUPPORTED,MULTI_SOURCE_CANDIDATE
EMP-00116,Arch Lenders Mortgage Indemnity,mortgage.archgroup.com,Australia,ats-scrapers,6b44a1badc9bfbf5cf176f75265cc5729e520e99,workday,Arch Capital Group Ltd,archgroup/careers,https://archgroup.wd1.myworkdayjobs.com/careers,CANDIDATE,SLUG,board slug/host token equals domain company token but names differ; inspect,false,,LEGACY_SUPPORTED,SINGLE_SOURCE_CANDIDATE
EMP-00119,Avant Insurance,avant.org.au,Australia,ats-scrapers,6b44a1badc9bfbf5cf176f75265cc5729e520e99,workday,Avant,avant/external_careers,https://avant.wd503.myworkdayjobs.com/external_careers,HIGH_CONFIDENCE,SLUG_PLUS_NAME,board slug/host token equals domain company token + compatible names,false,,LEGACY_SUPPORTED,SINGLE_SOURCE_CANDIDATE
EMP-00120,Chubb Insurance Australia,chubb.com,Australia,ats-scrapers,6b44a1badc9bfbf5cf176f75265cc5729e520e99,hrmos,Chubb損害保険株式会社,chubb,https://hrmos.co/pages/chubb/jobs,HIGH_CONFIDENCE,SLUG_PLUS_NAME,board slug/host token equals domain company token + compatible names,false,,UNSUPPORTED,SINGLE_SOURCE_CANDIDATE
EMP-00122,FM Insurance Australia,fm.com,Australia,ats-scrapers,6b44a1badc9bfbf5cf176f75265cc5729e520e99,icims,fm,fm,https://careers-fm.icims.com,CANDIDATE,SLUG,board slug/host token equals domain company token but names differ; inspect,false,,UNSUPPORTED,SINGLE_SOURCE_CANDIDATE
EMP-00131,QBE Insurance Australia,qbe.com,Australia,ats-scrapers,6b44a1badc9bfbf5cf176f75265cc5729e520e99,workday,Qbe,qbe/qbe-careers,https://qbe.wd3.myworkdayjobs.com/qbe-careers,CANDIDATE,SLUG,board slug/host token equals domain company token but names differ; inspect,false,,LEGACY_SUPPORTED,SINGLE_SOURCE_CANDIDATE
EMP-00137,Swiss Re Australia,swissre.com,Australia,ats-scrapers,6b44a1badc9bfbf5cf176f75265cc5729e520e99,successfactors,Swiss Re,careers,https://careers.swissre.com,HIGH_CONFIDENCE,URL_EXACT,internal resolved portal URL equals external board URL,false,,LEGACY_SUPPORTED,SINGLE_SOURCE_CANDIDATE
EMP-00143,Alcoa Australia,alcoa.com,Australia,ats-scrapers,6b44a1badc9bfbf5cf176f75265cc5729e520e99,workday,Alcoa,alcoa/careers,https://alcoa.wd5.myworkdayjobs.com/careers,HIGH_CONFIDENCE,SLUG_PLUS_NAME,board slug/host token equals domain company token + compatible names,false,,LEGACY_SUPPORTED,SINGLE_SOURCE_CANDIDATE
EMP-00149,Hancock Iron Ore,hancockironore.com.au,Australia,ats-scrapers,6b44a1badc9bfbf5cf176f75265cc5729e520e99,successfactors,Hancock Iron Ore,mycareer,https://mycareer.royhill.com.au,CANDIDATE,NAME_EXACT,"exact normalized name match, no domain evidence; inspect",false,,LEGACY_SUPPORTED,SINGLE_SOURCE_CANDIDATE
EMP-00154,Newmont Australia,newmont.com,Australia,ats-scrapers,6b44a1badc9bfbf5cf176f75265cc5729e520e99,successfactors,Newmont,newmont,https://newmont.jobs2web.com,HIGH_CONFIDENCE,SLUG_PLUS_NAME,board slug/host token equals domain company token + compatible names,false,,LEGACY_SUPPORTED,SINGLE_SOURCE_CANDIDATE
EMP-00159,South32,south32.net,Australia,ats-scrapers,6b44a1badc9bfbf5cf176f75265cc5729e520e99,successfactors,South32 Group Operations Pty Ltd,careers,https://careers.south32.net,HIGH_CONFIDENCE,URL_EXACT,internal resolved portal URL equals external board URL,false,,LEGACY_SUPPORTED,SINGLE_SOURCE_CANDIDATE
EMP-00160,Thiess,thiess.com,Australia,ats-scrapers,6b44a1badc9bfbf5cf176f75265cc5729e520e99,greenhouse,Thiess,thiess,https://job-boards.greenhouse.io/thiess,HIGH_CONFIDENCE,SLUG_PLUS_NAME,board slug/host token equals domain company token + compatible names,false,,LEGACY_SUPPORTED,SINGLE_SOURCE_CANDIDATE
EMP-00162,Yancoal Australia,yancoal.com.au,Australia,ats-scrapers,6b44a1badc9bfbf5cf176f75265cc5729e520e99,successfactors,Yancoal,careers,https://careers.yancoal.com.au,HIGH_CONFIDENCE,URL_EXACT,internal resolved portal URL equals external board URL,false,,LEGACY_SUPPORTED,SINGLE_SOURCE_CANDIDATE
EMP-00163,Accenture Australia,accenture.com,Australia,ats-scrapers,6b44a1badc9bfbf5cf176f75265cc5729e520e99,bamboohr,accenture,accenture,https://accenture.bamboohr.com/careers,HIGH_CONFIDENCE,SLUG_PLUS_NAME,board slug/host token equals domain company token + compatible names,false,,UNSUPPORTED,MULTI_SOURCE_CANDIDATE
EMP-00163,Accenture Australia,accenture.com,Australia,ats-scrapers,6b44a1badc9bfbf5cf176f75265cc5729e520e99,breezy,Accenture,accenture,https://accenture.breezy.hr,HIGH_CONFIDENCE,SLUG_PLUS_NAME,board slug/host token equals domain company token + compatible names,false,,UNSUPPORTED,MULTI_SOURCE_CANDIDATE
EMP-00163,Accenture Australia,accenture.com,Australia,ats-scrapers,6b44a1badc9bfbf5cf176f75265cc5729e520e99,join_com,Accenture,accenture,https://join.com/companies/accenture,HIGH_CONFIDENCE,SLUG_PLUS_NAME,board slug/host token equals domain company token + compatible names,false,,UNSUPPORTED,MULTI_SOURCE_CANDIDATE
EMP-00163,Accenture Australia,accenture.com,Australia,ats-scrapers,6b44a1badc9bfbf5cf176f75265cc5729e520e99,pinpoint,Accenture,accenture,https://accenture.pinpointhq.com,HIGH_CONFIDENCE,SLUG_PLUS_NAME,board slug/host token equals domain company token + compatible names,false,,UNSUPPORTED,MULTI_SOURCE_CANDIDATE
EMP-00163,Accenture Australia,accenture.com,Australia,ats-scrapers,6b44a1badc9bfbf5cf176f75265cc5729e520e99,smartrecruiters,accenture,accenture,https://careers.smartrecruiters.com/accenture,HIGH_CONFIDENCE,SLUG_PLUS_NAME,board slug/host token equals domain company token + compatible names,false,,LEGACY_SUPPORTED,MULTI_SOURCE_CANDIDATE
EMP-00163,Accenture Australia,accenture.com,Australia,ats-scrapers,6b44a1badc9bfbf5cf176f75265cc5729e520e99,workable,Accenture,accenture,https://apply.workable.com/accenture,HIGH_CONFIDENCE,SLUG_PLUS_NAME,board slug/host token equals domain company token + compatible names,false,,UNSUPPORTED,MULTI_SOURCE_CANDIDATE
EMP-00163,Accenture Australia,accenture.com,Australia,ats-scrapers,6b44a1badc9bfbf5cf176f75265cc5729e520e99,workday,Accenture (AvanadeLeadershipCareers),accenture/AvanadeLeadershipCareers,https://accenture.wd103.myworkdayjobs.com/AvanadeLeadershipCareers,CANDIDATE,SLUG,board slug/host token equals domain company token but names differ; inspect,false,,LEGACY_SUPPORTED,MULTI_SOURCE_CANDIDATE
EMP-00163,Accenture Australia,accenture.com,Australia,ats-scrapers,6b44a1badc9bfbf5cf176f75265cc5729e520e99,workday,Accenture,accenture/accenturecareers,https://accenture.wd103.myworkdayjobs.com/accenturecareers,HIGH_CONFIDENCE,SLUG_PLUS_NAME,board slug/host token equals domain company token + compatible names,false,,LEGACY_SUPPORTED,MULTI_SOURCE_CANDIDATE
EMP-00163,Accenture Australia,accenture.com,Australia,ats-scrapers,6b44a1badc9bfbf5cf176f75265cc5729e520e99,workday,Avanade,accenture/avanadecareers,https://accenture.wd103.myworkdayjobs.com/avanadecareers,CANDIDATE,SLUG,board slug/host token equals domain company token but names differ; inspect,false,,LEGACY_SUPPORTED,MULTI_SOURCE_CANDIDATE
EMP-00165,BlackSky,,Australia,ats-scrapers,6b44a1badc9bfbf5cf176f75265cc5729e520e99,greenhouse,BlackSky,blacksky,https://job-boards.greenhouse.io/blacksky,CANDIDATE,NAME_EXACT,"exact normalized name match, no domain evidence; inspect",false,,LEGACY_SUPPORTED,SINGLE_SOURCE_CANDIDATE
EMP-00174,Hypersonix,,Australia,ats-scrapers,6b44a1badc9bfbf5cf176f75265cc5729e520e99,jazzhr,Hypersonix,hypersonix,https://hypersonix.applytojob.com,CANDIDATE,NAME_EXACT,"exact normalized name match, no domain evidence; inspect",false,,UNSUPPORTED,SINGLE_SOURCE_CANDIDATE
EMP-00180,Planet,,Australia,ats-scrapers,6b44a1badc9bfbf5cf176f75265cc5729e520e99,ashby,Planet,planet,https://jobs.ashbyhq.com/planet,CANDIDATE,NAME_EXACT,"exact normalized name match, no domain evidence; inspect",false,,LEGACY_SUPPORTED,MULTI_SOURCE_CANDIDATE
EMP-00180,Planet,,Australia,ats-scrapers,6b44a1badc9bfbf5cf176f75265cc5729e520e99,greenhouse,Planet,planetlabs,https://job-boards.greenhouse.io/planetlabs,CANDIDATE,NAME_EXACT,"exact normalized name match, no domain evidence; inspect",false,,LEGACY_SUPPORTED,MULTI_SOURCE_CANDIDATE
EMP-00196,EPE,,Australia,ats-scrapers,6b44a1badc9bfbf5cf176f75265cc5729e520e99,oracle,EPE,ibrvjb/cx_1,https://ibrvjb.fa.ocs.oraclecloud.com/hcmUI/CandidateExperience/en/sites/cx_1,CANDIDATE,NAME_EXACT,"exact normalized name match, no domain evidence; inspect",false,,LEGACY_SUPPORTED,SINGLE_SOURCE_CANDIDATE
EMP-00198,_nology,,Australia,ats-scrapers,6b44a1badc9bfbf5cf176f75265cc5729e520e99,workable,_nology,nology,https://apply.workable.com/nology,CANDIDATE,NAME_EXACT,"exact normalized name match, no domain evidence; inspect",false,,UNSUPPORTED,SINGLE_SOURCE_CANDIDATE
EMP-00200,Airtasker,,Australia,ats-scrapers,6b44a1badc9bfbf5cf176f75265cc5729e520e99,ashby,Airtasker,airtasker,https://jobs.ashbyhq.com/airtasker,CANDIDATE,NAME_EXACT,"exact normalized name match, no domain evidence; inspect",false,,LEGACY_SUPPORTED,MULTI_SOURCE_CANDIDATE
EMP-00200,Airtasker,,Australia,ats-scrapers,6b44a1badc9bfbf5cf176f75265cc5729e520e99,lever,Airtasker,airtasker,https://jobs.lever.co/airtasker,CANDIDATE,NAME_EXACT,"exact normalized name match, no domain evidence; inspect",false,,LEGACY_SUPPORTED,MULTI_SOURCE_CANDIDATE
EMP-00202,AWS – Amazon Web Services,amazon.com,Australia,ats-scrapers,6b44a1badc9bfbf5cf176f75265cc5729e520e99,breezy,Amazon,amazon,https://amazon.breezy.hr,HIGH_CONFIDENCE,SLUG_PLUS_NAME,board slug/host token equals domain company token + compatible names,false,,UNSUPPORTED,MULTI_SOURCE_CANDIDATE
EMP-00202,AWS – Amazon Web Services,amazon.com,Australia,ats-scrapers,6b44a1badc9bfbf5cf176f75265cc5729e520e99,personio,amazon,amazon,https://amazon.jobs.personio.com,HIGH_CONFIDENCE,SLUG_PLUS_NAME,board slug/host token equals domain company token + compatible names,false,,UNSUPPORTED,MULTI_SOURCE_CANDIDATE
EMP-00202,AWS – Amazon Web Services,amazon.com,Australia,ats-scrapers,6b44a1badc9bfbf5cf176f75265cc5729e520e99,smartrecruiters,Amazon,amazon,https://careers.smartrecruiters.com/amazon,HIGH_CONFIDENCE,SLUG_PLUS_NAME,board slug/host token equals domain company token + compatible names,false,,LEGACY_SUPPORTED,MULTI_SOURCE_CANDIDATE
EMP-00202,AWS – Amazon Web Services,amazon.com,Australia,ats-scrapers,6b44a1badc9bfbf5cf176f75265cc5729e520e99,workable,Amazon,amazon,https://apply.workable.com/amazon,HIGH_CONFIDENCE,SLUG_PLUS_NAME,board slug/host token equals domain company token + compatible names,false,,UNSUPPORTED,MULTI_SOURCE_CANDIDATE
EMP-00203,Brighte,,Australia,ats-scrapers,6b44a1badc9bfbf5cf176f75265cc5729e520e99,lever,Brighte,brighte,https://jobs.lever.co/brighte,CANDIDATE,NAME_EXACT,"exact normalized name match, no domain evidence; inspect",false,,LEGACY_SUPPORTED,SINGLE_SOURCE_CANDIDATE
EMP-00204,Canva,canva.com,Australia,ats-scrapers,6b44a1badc9bfbf5cf176f75265cc5729e520e99,smartrecruiters,Canva,canva,https://careers.smartrecruiters.com/canva,HIGH_CONFIDENCE,SLUG_PLUS_NAME,board slug/host token equals domain company token + compatible names,false,,LEGACY_SUPPORTED,MULTI_SOURCE_CANDIDATE
EMP-00204,Canva,canva.com,Australia,ats-scrapers,6b44a1badc9bfbf5cf176f75265cc5729e520e99,teamtailor,Canva,canva,https://canva.teamtailor.com,HIGH_CONFIDENCE,SLUG_PLUS_NAME,board slug/host token equals domain company token + compatible names,false,,UNSUPPORTED,MULTI_SOURCE_CANDIDATE
EMP-00207,Culture Amp,,Australia,ats-scrapers,6b44a1badc9bfbf5cf176f75265cc5729e520e99,bamboohr,cultureamp,cultureamp,https://cultureamp.bamboohr.com/careers,CANDIDATE,NAME_EXACT,"exact normalized name match, no domain evidence; inspect",false,,UNSUPPORTED,MULTI_SOURCE_CANDIDATE
EMP-00207,Culture Amp,,Australia,ats-scrapers,6b44a1badc9bfbf5cf176f75265cc5729e520e99,greenhouse,Culture Amp,cultureamp,https://job-boards.greenhouse.io/cultureamp,CANDIDATE,NAME_EXACT,"exact normalized name match, no domain evidence; inspect",false,,LEGACY_SUPPORTED,MULTI_SOURCE_CANDIDATE
EMP-00207,Culture Amp,,Australia,ats-scrapers,6b44a1badc9bfbf5cf176f75265cc5729e520e99,smartrecruiters,Culture Amp,cultureamp,https://careers.smartrecruiters.com/cultureamp,CANDIDATE,NAME_EXACT,"exact normalized name match, no domain evidence; inspect",false,,LEGACY_SUPPORTED,MULTI_SOURCE_CANDIDATE
EMP-00208,Datacom,,Australia,ats-scrapers,6b44a1badc9bfbf5cf176f75265cc5729e520e99,smartrecruiters,DATACOM,datacom1,https://careers.smartrecruiters.com/datacom1,CANDIDATE,NAME_EXACT,"exact normalized name match, no domain evidence; inspect",false,,LEGACY_SUPPORTED,MULTI_SOURCE_CANDIDATE
EMP-00208,Datacom,,Australia,ats-scrapers,6b44a1badc9bfbf5cf176f75265cc5729e520e99,workable,Datacom,datacom1,https://apply.workable.com/datacom1,CANDIDATE,NAME_EXACT,"exact normalized name match, no domain evidence; inspect",false,,UNSUPPORTED,MULTI_SOURCE_CANDIDATE
EMP-00209,Deputy,,Australia,ats-scrapers,6b44a1badc9bfbf5cf176f75265cc5729e520e99,lever,Deputy,deputy,https://jobs.lever.co/deputy,CANDIDATE,NAME_EXACT,"exact normalized name match, no domain evidence; inspect",false,,LEGACY_SUPPORTED,SINGLE_SOURCE_CANDIDATE
EMP-00211,Employment Hero,,Australia,ats-scrapers,6b44a1badc9bfbf5cf176f75265cc5729e520e99,smartrecruiters,Employmenthero,employmenthero,https://careers.smartrecruiters.com/employmenthero,CANDIDATE,NAME_EXACT,"exact normalized name match, no domain evidence; inspect",false,,LEGACY_SUPPORTED,MULTI_SOURCE_CANDIDATE
EMP-00211,Employment Hero,,Australia,ats-scrapers,6b44a1badc9bfbf5cf176f75265cc5729e520e99,workable,Employment Hero,employment-hero,https://apply.workable.com/employment-hero,CANDIDATE,NAME_EXACT,"exact normalized name match, no domain evidence; inspect",false,,UNSUPPORTED,MULTI_SOURCE_CANDIDATE
EMP-00212,Envato,,Australia,ats-scrapers,6b44a1badc9bfbf5cf176f75265cc5729e520e99,lever,Envato,envato-2,https://jobs.lever.co/envato-2,CANDIDATE,NAME_EXACT,"exact normalized name match, no domain evidence; inspect",false,,LEGACY_SUPPORTED,SINGLE_SOURCE_CANDIDATE
EMP-00216,Health Engine,,Australia,ats-scrapers,6b44a1badc9bfbf5cf176f75265cc5729e520e99,bamboohr,healthengine,healthengine,https://healthengine.bamboohr.com/careers,CANDIDATE,NAME_EXACT,"exact normalized name match, no domain evidence; inspect",false,,UNSUPPORTED,SINGLE_SOURCE_CANDIDATE
EMP-00217,Immutable,,Australia,ats-scrapers,6b44a1badc9bfbf5cf176f75265cc5729e520e99,bamboohr,Immutable,immutable,https://immutable.bamboohr.com/careers,CANDIDATE,NAME_EXACT,"exact normalized name match, no domain evidence; inspect",false,,UNSUPPORTED,MULTI_SOURCE_CANDIDATE
EMP-00217,Immutable,,Australia,ats-scrapers,6b44a1badc9bfbf5cf176f75265cc5729e520e99,lever,Immutable,immutable,https://jobs.lever.co/immutable,CANDIDATE,NAME_EXACT,"exact normalized name match, no domain evidence; inspect",false,,LEGACY_SUPPORTED,MULTI_SOURCE_CANDIDATE
EMP-00218,Indeed,,Australia,ats-scrapers,6b44a1badc9bfbf5cf176f75265cc5729e520e99,greenhouse,Indeed,indeed,https://job-boards.greenhouse.io/indeed,CANDIDATE,NAME_EXACT,"exact normalized name match, no domain evidence; inspect",false,,LEGACY_SUPPORTED,MULTI_SOURCE_CANDIDATE
EMP-00218,Indeed,,Australia,ats-scrapers,6b44a1badc9bfbf5cf176f75265cc5729e520e99,rippling,indeed,indeed,https://ats.rippling.com/indeed/jobs,CANDIDATE,NAME_EXACT,"exact normalized name match, no domain evidence; inspect",false,,UNSUPPORTED,MULTI_SOURCE_CANDIDATE
EMP-00219,Infleqtion,,Australia,ats-scrapers,6b44a1badc9bfbf5cf176f75265cc5729e520e99,workable,Infleqtion,coldquanta,https://apply.workable.com/coldquanta,CANDIDATE,NAME_EXACT,"exact normalized name match, no domain evidence; inspect",false,,UNSUPPORTED,SINGLE_SOURCE_CANDIDATE
EMP-00220,InfoTrack,,Australia,ats-scrapers,6b44a1badc9bfbf5cf176f75265cc5729e520e99,rippling,InfoTrack,infotrack-careers,https://ats.rippling.com/infotrack-careers/jobs,CANDIDATE,NAME_EXACT,"exact normalized name match, no domain evidence; inspect",false,,UNSUPPORTED,SINGLE_SOURCE_CANDIDATE
EMP-00221,LinkedIn,,Australia,ats-scrapers,6b44a1badc9bfbf5cf176f75265cc5729e520e99,greenhouse,linkedin,linkedin,https://job-boards.greenhouse.io/linkedin,CANDIDATE,NAME_EXACT,"exact normalized name match, no domain evidence; inspect",false,,LEGACY_SUPPORTED,MULTI_SOURCE_CANDIDATE
EMP-00221,LinkedIn,,Australia,ats-scrapers,6b44a1badc9bfbf5cf176f75265cc5729e520e99,smartrecruiters,LinkedIn,linkedin3,https://careers.smartrecruiters.com/linkedin3,CANDIDATE,NAME_EXACT,"exact normalized name match, no domain evidence; inspect",false,,LEGACY_SUPPORTED,MULTI_SOURCE_CANDIDATE
EMP-00221,LinkedIn,,Australia,ats-scrapers,6b44a1badc9bfbf5cf176f75265cc5729e520e99,workable,LinkedIn,linkedin,https://apply.workable.com/linkedin,CANDIDATE,NAME_EXACT,"exact normalized name match, no domain evidence; inspect",false,,UNSUPPORTED,MULTI_SOURCE_CANDIDATE
EMP-00225,Neara,,Australia,ats-scrapers,6b44a1badc9bfbf5cf176f75265cc5729e520e99,ashby,Neara,neara,https://jobs.ashbyhq.com/neara,CANDIDATE,NAME_EXACT,"exact normalized name match, no domain evidence; inspect",false,,LEGACY_SUPPORTED,SINGLE_SOURCE_CANDIDATE
EMP-00226,Optiver,,Australia,ats-scrapers,6b44a1badc9bfbf5cf176f75265cc5729e520e99,greenhouse,Optiver,optiver,https://job-boards.greenhouse.io/optiver,CANDIDATE,NAME_EXACT,"exact normalized name match, no domain evidence; inspect",false,,LEGACY_SUPPORTED,SINGLE_SOURCE_CANDIDATE
EMP-00227,PEXA,,Australia,ats-scrapers,6b44a1badc9bfbf5cf176f75265cc5729e520e99,smartrecruiters,PEXA,pexa,https://careers.smartrecruiters.com/pexa,CANDIDATE,NAME_EXACT,"exact normalized name match, no domain evidence; inspect",false,,LEGACY_SUPPORTED,SINGLE_SOURCE_CANDIDATE
EMP-00229,Pinterest,,Australia,ats-scrapers,6b44a1badc9bfbf5cf176f75265cc5729e520e99,greenhouse,pinterest,pinterest,https://job-boards.greenhouse.io/pinterest,CANDIDATE,NAME_EXACT,"exact normalized name match, no domain evidence; inspect",false,,LEGACY_SUPPORTED,MULTI_SOURCE_CANDIDATE
EMP-00229,Pinterest,,Australia,ats-scrapers,6b44a1badc9bfbf5cf176f75265cc5729e520e99,smartrecruiters,Pinterest,pinterest,https://careers.smartrecruiters.com/pinterest,CANDIDATE,NAME_EXACT,"exact normalized name match, no domain evidence; inspect",false,,LEGACY_SUPPORTED,MULTI_SOURCE_CANDIDATE
EMP-00229,Pinterest,,Australia,ats-scrapers,6b44a1badc9bfbf5cf176f75265cc5729e520e99,workable,Pinterest,pinterest,https://apply.workable.com/pinterest,CANDIDATE,NAME_EXACT,"exact normalized name match, no domain evidence; inspect",false,,UNSUPPORTED,MULTI_SOURCE_CANDIDATE
EMP-00230,Propeller,,Australia,ats-scrapers,6b44a1badc9bfbf5cf176f75265cc5729e520e99,pinpoint,Propeller,propelleraero,https://propelleraero.pinpointhq.com,CANDIDATE,NAME_EXACT,"exact normalized name match, no domain evidence; inspect",false,,UNSUPPORTED,SINGLE_SOURCE_CANDIDATE
EMP-00231,Q-CTRL,,Australia,ats-scrapers,6b44a1badc9bfbf5cf176f75265cc5729e520e99,bamboohr,Q Ctrl,qctrl,https://qctrl.bamboohr.com/careers,CANDIDATE,NAME_EXACT,"exact normalized name match, no domain evidence; inspect",false,,UNSUPPORTED,MULTI_SOURCE_CANDIDATE
EMP-00231,Q-CTRL,,Australia,ats-scrapers,6b44a1badc9bfbf5cf176f75265cc5729e520e99,lever,Q-CTRL,q-ctrl,https://jobs.lever.co/q-ctrl,CANDIDATE,NAME_EXACT,"exact normalized name match, no domain evidence; inspect",false,,LEGACY_SUPPORTED,MULTI_SOURCE_CANDIDATE
EMP-00231,Q-CTRL,,Australia,ats-scrapers,6b44a1badc9bfbf5cf176f75265cc5729e520e99,smartrecruiters,Q-CTRL,q-ctrl,https://careers.smartrecruiters.com/q-ctrl,CANDIDATE,NAME_EXACT,"exact normalized name match, no domain evidence; inspect",false,,LEGACY_SUPPORTED,MULTI_SOURCE_CANDIDATE
EMP-00232,QBE Ventures,qbe.com,Australia,ats-scrapers,6b44a1badc9bfbf5cf176f75265cc5729e520e99,workday,Qbe,qbe/qbe-careers,https://qbe.wd3.myworkdayjobs.com/qbe-careers,CANDIDATE,SLUG,board slug/host token equals domain company token but names differ; inspect,false,,LEGACY_SUPPORTED,SINGLE_SOURCE_CANDIDATE
EMP-00236,ROKT,,Australia,ats-scrapers,6b44a1badc9bfbf5cf176f75265cc5729e520e99,ashby,Rokt,rokt,https://jobs.ashbyhq.com/rokt,CANDIDATE,NAME_EXACT,"exact normalized name match, no domain evidence; inspect",false,,LEGACY_SUPPORTED,MULTI_SOURCE_CANDIDATE
EMP-00236,ROKT,,Australia,ats-scrapers,6b44a1badc9bfbf5cf176f75265cc5729e520e99,bamboohr,Rokt,rokt,https://rokt.bamboohr.com/careers,CANDIDATE,NAME_EXACT,"exact normalized name match, no domain evidence; inspect",false,,UNSUPPORTED,MULTI_SOURCE_CANDIDATE
EMP-00236,ROKT,,Australia,ats-scrapers,6b44a1badc9bfbf5cf176f75265cc5729e520e99,workable,Rokt,rokt,https://apply.workable.com/rokt,CANDIDATE,NAME_EXACT,"exact normalized name match, no domain evidence; inspect",false,,UNSUPPORTED,MULTI_SOURCE_CANDIDATE
EMP-00237,Roller,,Australia,ats-scrapers,6b44a1badc9bfbf5cf176f75265cc5729e520e99,greenhouse,ROLLER,roller,https://job-boards.greenhouse.io/roller,CANDIDATE,NAME_EXACT,"exact normalized name match, no domain evidence; inspect",false,,LEGACY_SUPPORTED,SINGLE_SOURCE_CANDIDATE
EMP-00238,Secure Code Warrior,,Australia,ats-scrapers,6b44a1badc9bfbf5cf176f75265cc5729e520e99,bamboohr,Securecodewarrior,securecodewarrior,https://securecodewarrior.bamboohr.com/careers,CANDIDATE,NAME_EXACT,"exact normalized name match, no domain evidence; inspect",false,,UNSUPPORTED,MULTI_SOURCE_CANDIDATE
EMP-00238,Secure Code Warrior,,Australia,ats-scrapers,6b44a1badc9bfbf5cf176f75265cc5729e520e99,lever,Secure Code Warrior,securecodewarrior,https://jobs.lever.co/securecodewarrior,CANDIDATE,NAME_EXACT,"exact normalized name match, no domain evidence; inspect",false,,LEGACY_SUPPORTED,MULTI_SOURCE_CANDIDATE
EMP-00239,Seek,,Australia,ats-scrapers,6b44a1badc9bfbf5cf176f75265cc5729e520e99,bamboohr,Seek,seek,https://seek.bamboohr.com/careers,CANDIDATE,NAME_EXACT,"exact normalized name match, no domain evidence; inspect",false,,UNSUPPORTED,MULTI_SOURCE_CANDIDATE
EMP-00239,Seek,,Australia,ats-scrapers,6b44a1badc9bfbf5cf176f75265cc5729e520e99,jazzhr,seek,seek,https://seek.applytojob.com,CANDIDATE,NAME_EXACT,"exact normalized name match, no domain evidence; inspect",false,,UNSUPPORTED,MULTI_SOURCE_CANDIDATE
EMP-00240,Shift,,Australia,ats-scrapers,6b44a1badc9bfbf5cf176f75265cc5729e520e99,ashby,Shift,shift,https://jobs.ashbyhq.com/shift,CANDIDATE,NAME_EXACT,"exact normalized name match, no domain evidence; inspect",false,,LEGACY_SUPPORTED,MULTI_SOURCE_CANDIDATE
EMP-00240,Shift,,Australia,ats-scrapers,6b44a1badc9bfbf5cf176f75265cc5729e520e99,hrmos,株式会社SHIFT,shiftinc,https://hrmos.co/pages/shiftinc/jobs,CANDIDATE,NAME_EXACT,"exact normalized name match, no domain evidence; inspect",false,,UNSUPPORTED,MULTI_SOURCE_CANDIDATE
EMP-00241,Shopify,shopify.com,Australia,ats-scrapers,6b44a1badc9bfbf5cf176f75265cc5729e520e99,teamtailor,shopify,shopify,https://shopify.teamtailor.com,HIGH_CONFIDENCE,SLUG_PLUS_NAME,board slug/host token equals domain company token + compatible names,false,,UNSUPPORTED,SINGLE_SOURCE_CANDIDATE
EMP-00249,Zendesk,,Australia,ats-scrapers,6b44a1badc9bfbf5cf176f75265cc5729e520e99,recruiterbox,Zendesk,zendesk,https://zendesk.recruiterbox.com,CANDIDATE,NAME_EXACT,"exact normalized name match, no domain evidence; inspect",false,,UNSUPPORTED,MULTI_SOURCE_CANDIDATE
EMP-00249,Zendesk,,Australia,ats-scrapers,6b44a1badc9bfbf5cf176f75265cc5729e520e99,smartrecruiters,Zendesk,zendesk,https://careers.smartrecruiters.com/zendesk,CANDIDATE,NAME_EXACT,"exact normalized name match, no domain evidence; inspect",false,,LEGACY_SUPPORTED,MULTI_SOURCE_CANDIDATE
EMP-00249,Zendesk,,Australia,ats-scrapers,6b44a1badc9bfbf5cf176f75265cc5729e520e99,workday,Zendesk,zendesk/zendesk,https://zendesk.wd1.myworkdayjobs.com/zendesk,CANDIDATE,NAME_EXACT,"exact normalized name match, no domain evidence; inspect",false,,LEGACY_SUPPORTED,MULTI_SOURCE_CANDIDATE
EMP-00250,Zepto,,Australia,ats-scrapers,6b44a1badc9bfbf5cf176f75265cc5729e520e99,bamboohr,zepto,zepto,https://zepto.bamboohr.com/careers,CANDIDATE,NAME_EXACT,"exact normalized name match, no domain evidence; inspect",false,,UNSUPPORTED,MULTI_SOURCE_CANDIDATE
EMP-00250,Zepto,,Australia,ats-scrapers,6b44a1badc9bfbf5cf176f75265cc5729e520e99,teamtailor,Zepto,zepto,https://zepto.teamtailor.com,CANDIDATE,NAME_EXACT,"exact normalized name match, no domain evidence; inspect",false,,UNSUPPORTED,MULTI_SOURCE_CANDIDATE
EMP-00251,Zip Co,,Australia,ats-scrapers,6b44a1badc9bfbf5cf176f75265cc5729e520e99,ashby,Zip,zip,https://jobs.ashbyhq.com/zip,CANDIDATE,NAME_EXACT,"exact normalized name match, no domain evidence; inspect",false,,LEGACY_SUPPORTED,SINGLE_SOURCE_CANDIDATE
EMP-00253,Telstra,telstra.com.au,Australia,ats-scrapers,6b44a1badc9bfbf5cf176f75265cc5729e520e99,workday,Telstra,telstra/telstra_careers,https://telstra.wd3.myworkdayjobs.com/Telstra_Careers,HIGH_CONFIDENCE,SLUG_PLUS_NAME,board slug/host token equals domain company token + compatible names,false,,LEGACY_SUPPORTED,SINGLE_SOURCE_CANDIDATE
EMP-00254,Twilio,,Australia,ats-scrapers,6b44a1badc9bfbf5cf176f75265cc5729e520e99,eightfold,Twilio,twilio,https://twilio.eightfold.ai/careers,CANDIDATE,NAME_EXACT,"exact normalized name match, no domain evidence; inspect",false,,DECLARATIVE_SUPPORTED,MULTI_SOURCE_CANDIDATE
EMP-00254,Twilio,,Australia,ats-scrapers,6b44a1badc9bfbf5cf176f75265cc5729e520e99,greenhouse,Twilio,twilio,https://job-boards.greenhouse.io/twilio,CANDIDATE,NAME_EXACT,"exact normalized name match, no domain evidence; inspect",false,,LEGACY_SUPPORTED,MULTI_SOURCE_CANDIDATE
EMP-00259,Aussie Broadband,,Australia,ats-scrapers,6b44a1badc9bfbf5cf176f75265cc5729e520e99,workday,Aussiebroadband,aussiebroadband/external,https://aussiebroadband.wd3.myworkdayjobs.com/external,CANDIDATE,NAME_EXACT,"exact normalized name match, no domain evidence; inspect",false,,LEGACY_SUPPORTED,SINGLE_SOURCE_CANDIDATE
EMP-00261,Cisco Systems Australia,cisco.com,Australia,ats-scrapers,6b44a1badc9bfbf5cf176f75265cc5729e520e99,workday,Cisco,cisco/cisco_careers,https://cisco.wd5.myworkdayjobs.com/cisco_careers,HIGH_CONFIDENCE,SLUG_PLUS_NAME,board slug/host token equals domain company token + compatible names,false,,LEGACY_SUPPORTED,SINGLE_SOURCE_CANDIDATE
EMP-00263,Ericsson Australia,ericsson.com,Australia,ats-scrapers,6b44a1badc9bfbf5cf176f75265cc5729e520e99,eightfold,Ericsson,ericsson,https://ericsson.eightfold.ai/careers,HIGH_CONFIDENCE,SLUG_PLUS_NAME,board slug/host token equals domain company token + compatible names,false,,DECLARATIVE_SUPPORTED,MULTI_SOURCE_CANDIDATE
EMP-00263,Ericsson Australia,ericsson.com,Australia,ats-scrapers,6b44a1badc9bfbf5cf176f75265cc5729e520e99,smartrecruiters,Ericsson,ericsson,https://careers.smartrecruiters.com/ericsson,HIGH_CONFIDENCE,SLUG_PLUS_NAME,board slug/host token equals domain company token + compatible names,false,,LEGACY_SUPPORTED,MULTI_SOURCE_CANDIDATE
EMP-00263,Ericsson Australia,ericsson.com,Australia,ats-scrapers,6b44a1badc9bfbf5cf176f75265cc5729e520e99,successfactors,Ericsson,Ericsson,https://career2.successfactors.eu/career?company=Ericsson,HIGH_CONFIDENCE,SLUG_PLUS_NAME,board slug/host token equals domain company token + compatible names,false,,LEGACY_SUPPORTED,MULTI_SOURCE_CANDIDATE
EMP-00264,Fastmail,,Australia,ats-scrapers,6b44a1badc9bfbf5cf176f75265cc5729e520e99,workable,Fastmail,fastmail-1,https://apply.workable.com/fastmail-1,CANDIDATE,NAME_EXACT,"exact normalized name match, no domain evidence; inspect",false,,UNSUPPORTED,SINGLE_SOURCE_CANDIDATE
EMP-00269,Sinch,,Australia,ats-scrapers,6b44a1badc9bfbf5cf176f75265cc5729e520e99,oracle,Sinch,iaings,https://iaings.fa.ocs.oraclecloud.com/hcmUI/CandidateExperience/en/sites/CX_1,CANDIDATE,NAME_EXACT,"exact normalized name match, no domain evidence; inspect",false,,LEGACY_SUPPORTED,MULTI_SOURCE_CANDIDATE
EMP-00269,Sinch,,Australia,ats-scrapers,6b44a1badc9bfbf5cf176f75265cc5729e520e99,workable,Sinch,sinch,https://apply.workable.com/sinch,CANDIDATE,NAME_EXACT,"exact normalized name match, no domain evidence; inspect",false,,UNSUPPORTED,MULTI_SOURCE_CANDIDATE
EMP-00271,Superloop Limited,,Australia,ats-scrapers,6b44a1badc9bfbf5cf176f75265cc5729e520e99,personio,superloop,superloop,https://superloop.jobs.personio.com,CANDIDATE,NAME_EXACT,"exact normalized name match, no domain evidence; inspect",false,,UNSUPPORTED,MULTI_SOURCE_CANDIDATE
EMP-00271,Superloop Limited,,Australia,ats-scrapers,6b44a1badc9bfbf5cf176f75265cc5729e520e99,teamtailor,Superloop,superloop-1733718881,https://superloop-1733718881.teamtailor.com,CANDIDATE,NAME_EXACT,"exact normalized name match, no domain evidence; inspect",false,,UNSUPPORTED,MULTI_SOURCE_CANDIDATE
EMP-00272,Telesat,,Australia,ats-scrapers,6b44a1badc9bfbf5cf176f75265cc5729e520e99,lever,Telesat,telesat,https://jobs.lever.co/telesat,CANDIDATE,NAME_EXACT,"exact normalized name match, no domain evidence; inspect",false,,LEGACY_SUPPORTED,SINGLE_SOURCE_CANDIDATE
EMP-00280,Apple,apple.com,Australia | EU / Europe | USA,ats-scrapers,6b44a1badc9bfbf5cf176f75265cc5729e520e99,workable,Apple,apple,https://apply.workable.com/apple,HIGH_CONFIDENCE,SLUG_PLUS_NAME,board slug/host token equals domain company token + compatible names,false,,UNSUPPORTED,SINGLE_SOURCE_CANDIDATE
EMP-00282,SES,,Australia | Luxembourg,ats-scrapers,6b44a1badc9bfbf5cf176f75265cc5729e520e99,greenhouse,ses,ses,https://job-boards.greenhouse.io/ses,CANDIDATE,NAME_EXACT,"exact normalized name match, no domain evidence; inspect",false,,LEGACY_SUPPORTED,MULTI_SOURCE_CANDIDATE
EMP-00282,SES,,Australia | Luxembourg,ats-scrapers,6b44a1badc9bfbf5cf176f75265cc5729e520e99,successfactors,SES,careers,https://careers.ses.com,CANDIDATE,NAME_EXACT,"exact normalized name match, no domain evidence; inspect",false,,LEGACY_SUPPORTED,MULTI_SOURCE_CANDIDATE
EMP-00283,Atlassian,atlassian.com,Australia | Multi-region,ats-scrapers,6b44a1badc9bfbf5cf176f75265cc5729e520e99,teamtailor,Atlassian,atlassian,https://atlassian.teamtailor.com,HIGH_CONFIDENCE,SLUG_PLUS_NAME,board slug/host token equals domain company token + compatible names,false,,UNSUPPORTED,SINGLE_SOURCE_CANDIDATE
EMP-00285,Stripe,stripe.com,Australia | Multi-region,ats-scrapers,6b44a1badc9bfbf5cf176f75265cc5729e520e99,greenhouse,Stripe,stripe,https://job-boards.greenhouse.io/stripe,HIGH_CONFIDENCE,URL_EXACT,internal resolved portal URL equals external board URL,false,,LEGACY_SUPPORTED,SINGLE_SOURCE_CANDIDATE
EMP-00286,NEXTDC,nextdc.com,Australia | Multi-region,ats-scrapers,6b44a1badc9bfbf5cf176f75265cc5729e520e99,smartrecruiters,NEXTDC,nextdc,https://careers.smartrecruiters.com/nextdc,HIGH_CONFIDENCE,SLUG_PLUS_NAME,board slug/host token equals domain company token + compatible names,false,,LEGACY_SUPPORTED,SINGLE_SOURCE_CANDIDATE
EMP-00287,Cloudflare,cloudflare.com,Australia | Multi-region | Canada,ats-scrapers,6b44a1badc9bfbf5cf176f75265cc5729e520e99,greenhouse,Cloudflare,cloudflare,https://job-boards.greenhouse.io/cloudflare,HIGH_CONFIDENCE,SLUG_PLUS_NAME,board slug/host token equals domain company token + compatible names,false,,LEGACY_SUPPORTED,MULTI_SOURCE_CANDIDATE
EMP-00287,Cloudflare,cloudflare.com,Australia | Multi-region | Canada,ats-scrapers,6b44a1badc9bfbf5cf176f75265cc5729e520e99,smartrecruiters,Cloudflare,cloudflare,https://careers.smartrecruiters.com/cloudflare,HIGH_CONFIDENCE,SLUG_PLUS_NAME,board slug/host token equals domain company token + compatible names,false,,LEGACY_SUPPORTED,MULTI_SOURCE_CANDIDATE
EMP-00291,Resmed,resmed.com,Australia | Multi-region | USA,ats-scrapers,6b44a1badc9bfbf5cf176f75265cc5729e520e99,workday,Resmed (MatrixCare External Careers),resmed/MatrixCare_External_Careers,https://resmed.wd3.myworkdayjobs.com/MatrixCare_External_Careers,HIGH_CONFIDENCE,SLUG_PLUS_NAME,board slug/host token equals domain company token + compatible names,false,,LEGACY_SUPPORTED,MULTI_SOURCE_CANDIDATE
EMP-00291,Resmed,resmed.com,Australia | Multi-region | USA,ats-scrapers,6b44a1badc9bfbf5cf176f75265cc5729e520e99,workday,Brightree,resmed/brightree_external_careers,https://resmed.wd3.myworkdayjobs.com/brightree_external_careers,CANDIDATE,SLUG,board slug/host token equals domain company token but names differ; inspect,false,,LEGACY_SUPPORTED,MULTI_SOURCE_CANDIDATE
EMP-00291,Resmed,resmed.com,Australia | Multi-region | USA,ats-scrapers,6b44a1badc9bfbf5cf176f75265cc5729e520e99,workday,Resmed,resmed/resmed_external_careers,https://resmed.wd3.myworkdayjobs.com/resmed_external_careers,HIGH_CONFIDENCE,SLUG_PLUS_NAME,board slug/host token equals domain company token + compatible names,false,,LEGACY_SUPPORTED,MULTI_SOURCE_CANDIDATE
EMP-00292,Block,block.xyz,Australia | Multi-region | USA,ats-scrapers,6b44a1badc9bfbf5cf176f75265cc5729e520e99,greenhouse,Block,block,https://job-boards.greenhouse.io/block,HIGH_CONFIDENCE,SLUG_PLUS_NAME,board slug/host token equals domain company token + compatible names,false,,LEGACY_SUPPORTED,SINGLE_SOURCE_CANDIDATE
EMP-00294,Xero,,Australia | New Zealand,ats-scrapers,6b44a1badc9bfbf5cf176f75265cc5729e520e99,ashby,Xero,xero,https://jobs.ashbyhq.com/xero,CANDIDATE,NAME_EXACT,"exact normalized name match, no domain evidence; inspect",false,,LEGACY_SUPPORTED,SINGLE_SOURCE_CANDIDATE
EMP-00296,Airwallex,,Australia | UK,ats-scrapers,6b44a1badc9bfbf5cf176f75265cc5729e520e99,ashby,Airwallex,airwallex,https://jobs.ashbyhq.com/airwallex,CANDIDATE,NAME_EXACT,"exact normalized name match, no domain evidence; inspect",false,,LEGACY_SUPPORTED,MULTI_SOURCE_CANDIDATE
EMP-00296,Airwallex,,Australia | UK,ats-scrapers,6b44a1badc9bfbf5cf176f75265cc5729e520e99,bamboohr,Airwallex,airwallex,https://airwallex.bamboohr.com/careers,CANDIDATE,NAME_EXACT,"exact normalized name match, no domain evidence; inspect",false,,UNSUPPORTED,MULTI_SOURCE_CANDIDATE
EMP-00296,Airwallex,,Australia | UK,ats-scrapers,6b44a1badc9bfbf5cf176f75265cc5729e520e99,smartrecruiters,Airwallex,airwallex,https://careers.smartrecruiters.com/airwallex,CANDIDATE,NAME_EXACT,"exact normalized name match, no domain evidence; inspect",false,,LEGACY_SUPPORTED,MULTI_SOURCE_CANDIDATE
EMP-00298,KBR,,Australia | USA,ats-scrapers,6b44a1badc9bfbf5cf176f75265cc5729e520e99,phenom,KBR,,https://careers.kbr.com,CANDIDATE,NAME_EXACT,"exact normalized name match, no domain evidence; inspect",false,,LEGACY_SUPPORTED,MULTI_SOURCE_CANDIDATE
EMP-00298,KBR,,Australia | USA,ats-scrapers,6b44a1badc9bfbf5cf176f75265cc5729e520e99,workday,KBR,kbr/kbr_careers,https://kbr.wd5.myworkdayjobs.com/kbr_careers,CANDIDATE,NAME_EXACT,"exact normalized name match, no domain evidence; inspect",false,,LEGACY_SUPPORTED,MULTI_SOURCE_CANDIDATE
EMP-00299,Uber,uber.com,Australia | USA,ats-scrapers,6b44a1badc9bfbf5cf176f75265cc5729e520e99,teamtailor,Uber,uber,https://uber.teamtailor.com,HIGH_CONFIDENCE,SLUG_PLUS_NAME,board slug/host token equals domain company token + compatible names,false,,UNSUPPORTED,SINGLE_SOURCE_CANDIDATE
EMP-00300,Adobe,adobe.com,Australia | USA,ats-scrapers,6b44a1badc9bfbf5cf176f75265cc5729e520e99,breezy,Adobe - Contract,adobe,https://adobe.breezy.hr,HIGH_CONFIDENCE,SLUG_PLUS_NAME,board slug/host token equals domain company token + compatible names,false,,UNSUPPORTED,MULTI_SOURCE_CANDIDATE
EMP-00300,Adobe,adobe.com,Australia | USA,ats-scrapers,6b44a1badc9bfbf5cf176f75265cc5729e520e99,phenom,Adobe,,https://careers.adobe.com,CANDIDATE,NAME_EXACT,"exact normalized name match, no domain evidence; inspect",false,,LEGACY_SUPPORTED,MULTI_SOURCE_CANDIDATE
EMP-00300,Adobe,adobe.com,Australia | USA,ats-scrapers,6b44a1badc9bfbf5cf176f75265cc5729e520e99,smartrecruiters,Adobe,adobe1,https://careers.smartrecruiters.com/adobe1,CANDIDATE,NAME_EXACT,"exact normalized name match, no domain evidence; inspect",false,,LEGACY_SUPPORTED,MULTI_SOURCE_CANDIDATE
EMP-00300,Adobe,adobe.com,Australia | USA,ats-scrapers,6b44a1badc9bfbf5cf176f75265cc5729e520e99,teamtailor,adobe,adobe,https://adobe.teamtailor.com,HIGH_CONFIDENCE,SLUG_PLUS_NAME,board slug/host token equals domain company token + compatible names,false,,UNSUPPORTED,MULTI_SOURCE_CANDIDATE
EMP-00300,Adobe,adobe.com,Australia | USA,ats-scrapers,6b44a1badc9bfbf5cf176f75265cc5729e520e99,workday,Adobe,adobe/external_experienced,https://adobe.wd5.myworkdayjobs.com/external_experienced,HIGH_CONFIDENCE,SLUG_PLUS_NAME,board slug/host token equals domain company token + compatible names,false,,LEGACY_SUPPORTED,MULTI_SOURCE_CANDIDATE
EMP-00302,OpenAI,,Australia | USA,ats-scrapers,6b44a1badc9bfbf5cf176f75265cc5729e520e99,ashby,OpenAI,openai,https://jobs.ashbyhq.com/openai,CANDIDATE,NAME_EXACT,"exact normalized name match, no domain evidence; inspect",false,,LEGACY_SUPPORTED,MULTI_SOURCE_CANDIDATE
EMP-00302,OpenAI,,Australia | USA,ats-scrapers,6b44a1badc9bfbf5cf176f75265cc5729e520e99,bamboohr,openai,openai,https://openai.bamboohr.com/careers,CANDIDATE,NAME_EXACT,"exact normalized name match, no domain evidence; inspect",false,,UNSUPPORTED,MULTI_SOURCE_CANDIDATE
EMP-00304,Coinbase,coinbase.com,Australia | USA | UK,ats-scrapers,6b44a1badc9bfbf5cf176f75265cc5729e520e99,greenhouse,Coinbase,coinbase,https://job-boards.greenhouse.io/coinbase,HIGH_CONFIDENCE,SLUG_PLUS_NAME,board slug/host token equals domain company token + compatible names,false,,LEGACY_SUPPORTED,SINGLE_SOURCE_CANDIDATE
EMP-00326,Deutsche Bank Austria,db.com,Austria,ats-scrapers,6b44a1badc9bfbf5cf176f75265cc5729e520e99,workday,Db,db/dbwebsite,https://db.wd3.myworkdayjobs.com/dbwebsite,CANDIDATE,SLUG,board slug/host token equals domain company token but names differ; inspect,false,,LEGACY_SUPPORTED,MULTI_SOURCE_CANDIDATE
EMP-00326,Deutsche Bank Austria,db.com,Austria,ats-scrapers,6b44a1badc9bfbf5cf176f75265cc5729e520e99,workday,DWS,db/dwswebsite,https://db.wd3.myworkdayjobs.com/dwswebsite,CANDIDATE,SLUG,board slug/host token equals domain company token but names differ; inspect,false,,LEGACY_SUPPORTED,MULTI_SOURCE_CANDIDATE
EMP-00329,Generali Bank AG,generali.com,Austria,ats-scrapers,6b44a1badc9bfbf5cf176f75265cc5729e520e99,teamtailor,Generali,generali,https://generali.teamtailor.com,HIGH_CONFIDENCE,SLUG_PLUS_NAME,board slug/host token equals domain company token + compatible names,false,,UNSUPPORTED,SINGLE_SOURCE_CANDIDATE
EMP-00332,ING Austria,ing.com,Austria,ats-scrapers,6b44a1badc9bfbf5cf176f75265cc5729e520e99,workday,Ing,ing/icsausdir,https://ing.wd3.myworkdayjobs.com/icsausdir,CANDIDATE,SLUG,board slug/host token equals domain company token but names differ; inspect,false,,LEGACY_SUPPORTED,MULTI_SOURCE_CANDIDATE
EMP-00332,ING Austria,ing.com,Austria,ats-scrapers,6b44a1badc9bfbf5cf176f75265cc5729e520e99,workday,ING,ing/icsgblcor,https://ing.wd3.myworkdayjobs.com/icsgblcor,CANDIDATE,SLUG,board slug/host token equals domain company token but names differ; inspect,false,,LEGACY_SUPPORTED,MULTI_SOURCE_CANDIDATE
EMP-00332,ING Austria,ing.com,Austria,ats-scrapers,6b44a1badc9bfbf5cf176f75265cc5729e520e99,workday,Ing,ing/icsnldgen,https://ing.wd3.myworkdayjobs.com/icsnldgen,CANDIDATE,SLUG,board slug/host token equals domain company token but names differ; inspect,false,,LEGACY_SUPPORTED,MULTI_SOURCE_CANDIDATE
EMP-00332,ING Austria,ing.com,Austria,ats-scrapers,6b44a1badc9bfbf5cf176f75265cc5729e520e99,workday,Ing (Jvsgblcor),ing/jvsgblcor,https://ing.wd3.myworkdayjobs.com/jvsgblcor,CANDIDATE,SLUG,board slug/host token equals domain company token but names differ; inspect,false,,LEGACY_SUPPORTED,MULTI_SOURCE_CANDIDATE
EMP-00345,Santander Consumer Bank Austria,santander.com,Austria,ats-scrapers,6b44a1badc9bfbf5cf176f75265cc5729e520e99,workday,Santander,santander/santandercareers,https://santander.wd3.myworkdayjobs.com/santandercareers,HIGH_CONFIDENCE,SLUG_PLUS_NAME,board slug/host token equals domain company token + compatible names,false,,LEGACY_SUPPORTED,SINGLE_SOURCE_CANDIDATE
EMP-00373,OMV,,Austria,ats-scrapers,6b44a1badc9bfbf5cf176f75265cc5729e520e99,successfactors,OMV,omvagPRD,https://careers.omv.com,CANDIDATE,NAME_EXACT,"exact normalized name match, no domain evidence; inspect",false,,LEGACY_SUPPORTED,SINGLE_SOURCE_CANDIDATE
EMP-00378,TAG GmbH,,Austria,ats-scrapers,6b44a1badc9bfbf5cf176f75265cc5729e520e99,bamboohr,tag,tag,https://tag.bamboohr.com/careers,CANDIDATE,NAME_EXACT,"exact normalized name match, no domain evidence; inspect",false,,UNSUPPORTED,SINGLE_SOURCE_CANDIDATE
EMP-00420,mountX GmbH,,Austria,ats-scrapers,6b44a1badc9bfbf5cf176f75265cc5729e520e99,join_com,mountX GmbH,mountx,https://join.com/companies/mountx,CANDIDATE,NAME_EXACT,"exact normalized name match, no domain evidence; inspect",false,,UNSUPPORTED,SINGLE_SOURCE_CANDIDATE
EMP-00443,Chubb Austria,chubb.com,Austria,ats-scrapers,6b44a1badc9bfbf5cf176f75265cc5729e520e99,hrmos,Chubb損害保険株式会社,chubb,https://hrmos.co/pages/chubb/jobs,HIGH_CONFIDENCE,SLUG_PLUS_NAME,board slug/host token equals domain company token + compatible names,false,,UNSUPPORTED,SINGLE_SOURCE_CANDIDATE
EMP-00448,Generali Versicherung Austria,generali.com,Austria,ats-scrapers,6b44a1badc9bfbf5cf176f75265cc5729e520e99,teamtailor,Generali,generali,https://generali.teamtailor.com,HIGH_CONFIDENCE,SLUG_PLUS_NAME,board slug/host token equals domain company token + compatible names,false,,UNSUPPORTED,SINGLE_SOURCE_CANDIDATE
EMP-00464,Aion Bank,,Belgium,ats-scrapers,6b44a1badc9bfbf5cf176f75265cc5729e520e99,personio,Aion Bank,aionbank,https://aionbank.jobs.personio.com,CANDIDATE,NAME_EXACT,"exact normalized name match, no domain evidence; inspect",false,,UNSUPPORTED,SINGLE_SOURCE_CANDIDATE
EMP-00483,Deutsche Bank Belgium,db.com,Belgium,ats-scrapers,6b44a1badc9bfbf5cf176f75265cc5729e520e99,workday,Db,db/dbwebsite,https://db.wd3.myworkdayjobs.com/dbwebsite,CANDIDATE,SLUG,board slug/host token equals domain company token but names differ; inspect,false,,LEGACY_SUPPORTED,MULTI_SOURCE_CANDIDATE
EMP-00483,Deutsche Bank Belgium,db.com,Belgium,ats-scrapers,6b44a1badc9bfbf5cf176f75265cc5729e520e99,workday,DWS,db/dwswebsite,https://db.wd3.myworkdayjobs.com/dwswebsite,CANDIDATE,SLUG,board slug/host token equals domain company token but names differ; inspect,false,,LEGACY_SUPPORTED,MULTI_SOURCE_CANDIDATE
EMP-00495,Santander Consumer Finance Belgium,santander.com,Belgium,ats-scrapers,6b44a1badc9bfbf5cf176f75265cc5729e520e99,workday,Santander,santander/santandercareers,https://santander.wd3.myworkdayjobs.com/santandercareers,HIGH_CONFIDENCE,SLUG_PLUS_NAME,board slug/host token equals domain company token + compatible names,false,,LEGACY_SUPPORTED,SINGLE_SOURCE_CANDIDATE
EMP-00496,Worldline Belgium,worldline.com,Belgium,ats-scrapers,6b44a1badc9bfbf5cf176f75265cc5729e520e99,lever,Worldline NZ,Worldline,https://jobs.lever.co/Worldline,CANDIDATE,SLUG,board slug/host token equals domain company token but names differ; inspect,false,,LEGACY_SUPPORTED,MULTI_SOURCE_CANDIDATE
EMP-00496,Worldline Belgium,worldline.com,Belgium,ats-scrapers,6b44a1badc9bfbf5cf176f75265cc5729e520e99,successfactors,Worldline,jobs,https://jobs.worldline.com,HIGH_CONFIDENCE,URL_EXACT,internal resolved portal URL equals external board URL,false,,LEGACY_SUPPORTED,MULTI_SOURCE_CANDIDATE
EMP-00497,Accenture Belgium,accenture.com,Belgium,ats-scrapers,6b44a1badc9bfbf5cf176f75265cc5729e520e99,bamboohr,accenture,accenture,https://accenture.bamboohr.com/careers,HIGH_CONFIDENCE,SLUG_PLUS_NAME,board slug/host token equals domain company token + compatible names,false,,UNSUPPORTED,MULTI_SOURCE_CANDIDATE
EMP-00497,Accenture Belgium,accenture.com,Belgium,ats-scrapers,6b44a1badc9bfbf5cf176f75265cc5729e520e99,breezy,Accenture,accenture,https://accenture.breezy.hr,HIGH_CONFIDENCE,SLUG_PLUS_NAME,board slug/host token equals domain company token + compatible names,false,,UNSUPPORTED,MULTI_SOURCE_CANDIDATE
EMP-00497,Accenture Belgium,accenture.com,Belgium,ats-scrapers,6b44a1badc9bfbf5cf176f75265cc5729e520e99,join_com,Accenture,accenture,https://join.com/companies/accenture,HIGH_CONFIDENCE,SLUG_PLUS_NAME,board slug/host token equals domain company token + compatible names,false,,UNSUPPORTED,MULTI_SOURCE_CANDIDATE
EMP-00497,Accenture Belgium,accenture.com,Belgium,ats-scrapers,6b44a1badc9bfbf5cf176f75265cc5729e520e99,pinpoint,Accenture,accenture,https://accenture.pinpointhq.com,HIGH_CONFIDENCE,SLUG_PLUS_NAME,board slug/host token equals domain company token + compatible names,false,,UNSUPPORTED,MULTI_SOURCE_CANDIDATE
EMP-00497,Accenture Belgium,accenture.com,Belgium,ats-scrapers,6b44a1badc9bfbf5cf176f75265cc5729e520e99,smartrecruiters,accenture,accenture,https://careers.smartrecruiters.com/accenture,HIGH_CONFIDENCE,SLUG_PLUS_NAME,board slug/host token equals domain company token + compatible names,false,,LEGACY_SUPPORTED,MULTI_SOURCE_CANDIDATE
EMP-00497,Accenture Belgium,accenture.com,Belgium,ats-scrapers,6b44a1badc9bfbf5cf176f75265cc5729e520e99,workable,Accenture,accenture,https://apply.workable.com/accenture,HIGH_CONFIDENCE,SLUG_PLUS_NAME,board slug/host token equals domain company token + compatible names,false,,UNSUPPORTED,MULTI_SOURCE_CANDIDATE
EMP-00497,Accenture Belgium,accenture.com,Belgium,ats-scrapers,6b44a1badc9bfbf5cf176f75265cc5729e520e99,workday,Accenture (AvanadeLeadershipCareers),accenture/AvanadeLeadershipCareers,https://accenture.wd103.myworkdayjobs.com/AvanadeLeadershipCareers,CANDIDATE,SLUG,board slug/host token equals domain company token but names differ; inspect,false,,LEGACY_SUPPORTED,MULTI_SOURCE_CANDIDATE
EMP-00497,Accenture Belgium,accenture.com,Belgium,ats-scrapers,6b44a1badc9bfbf5cf176f75265cc5729e520e99,workday,Accenture,accenture/accenturecareers,https://accenture.wd103.myworkdayjobs.com/accenturecareers,HIGH_CONFIDENCE,SLUG_PLUS_NAME,board slug/host token equals domain company token + compatible names,false,,LEGACY_SUPPORTED,MULTI_SOURCE_CANDIDATE
EMP-00497,Accenture Belgium,accenture.com,Belgium,ats-scrapers,6b44a1badc9bfbf5cf176f75265cc5729e520e99,workday,Avanade,accenture/avanadecareers,https://accenture.wd103.myworkdayjobs.com/avanadecareers,CANDIDATE,SLUG,board slug/host token equals domain company token but names differ; inspect,false,,LEGACY_SUPPORTED,MULTI_SOURCE_CANDIDATE
EMP-00500,Atos Belgium,atos.net,Belgium,ats-scrapers,6b44a1badc9bfbf5cf176f75265cc5729e520e99,successfactors,Atos,jobs,https://jobs.atos.net,HIGH_CONFIDENCE,URL_EXACT,internal resolved portal URL equals external board URL,false,,LEGACY_SUPPORTED,SINGLE_SOURCE_CANDIDATE
EMP-00502,Belfius,,Belgium,ats-scrapers,6b44a1badc9bfbf5cf176f75265cc5729e520e99,successfactors,Belfius,belfiusban,https://jobs.belfius.be,CANDIDATE,NAME_EXACT,"exact normalized name match, no domain evidence; inspect",false,,LEGACY_SUPPORTED,SINGLE_SOURCE_CANDIDATE
EMP-00509,Deloitte Belgium,deloitte.com,Belgium,ats-scrapers,6b44a1badc9bfbf5cf176f75265cc5729e520e99,avature,Deloitte Belgium,deloittebe,https://deloittebe.avature.net/careers/SearchJobs,CANDIDATE,NAME_EXACT,"exact normalized name match, no domain evidence; inspect",false,,LEGACY_SUPPORTED,MULTI_SOURCE_CANDIDATE
EMP-00509,Deloitte Belgium,deloitte.com,Belgium,ats-scrapers,6b44a1badc9bfbf5cf176f75265cc5729e520e99,eightfold,Deloitte,deloitte,https://deloitte.eightfold.ai/careers,HIGH_CONFIDENCE,SLUG_PLUS_NAME,board slug/host token equals domain company token + compatible names,false,,DECLARATIVE_SUPPORTED,MULTI_SOURCE_CANDIDATE
EMP-00510,EY Belgium,ey.com,Belgium,ats-scrapers,6b44a1badc9bfbf5cf176f75265cc5729e520e99,moka,EY (Ernst & Young),ey/47410,https://app.mokahr.com/social-recruitment/ey/47410,CANDIDATE,SLUG,board slug/host token equals domain company token but names differ; inspect,false,,UNSUPPORTED,MULTI_SOURCE_CANDIDATE
EMP-00510,EY Belgium,ey.com,Belgium,ats-scrapers,6b44a1badc9bfbf5cf176f75265cc5729e520e99,successfactors,Careers at EY: search jobs,EYHRISPRD1,https://careers.ey.com,HIGH_CONFIDENCE,URL_EXACT,internal resolved portal URL equals external board URL,false,,LEGACY_SUPPORTED,MULTI_SOURCE_CANDIDATE
EMP-00514,KBC Group,,Belgium,ats-scrapers,6b44a1badc9bfbf5cf176f75265cc5729e520e99,successfactors,KBC Group,careers,https://careers.kbc-group.com,CANDIDATE,NAME_EXACT,"exact normalized name match, no domain evidence; inspect",false,,LEGACY_SUPPORTED,SINGLE_SOURCE_CANDIDATE
EMP-00515,KPMG Belgium,kpmg.com,Belgium,ats-scrapers,6b44a1badc9bfbf5cf176f75265cc5729e520e99,lever,KPMG LLP,kpmg,https://jobs.lever.co/kpmg,CANDIDATE,SLUG,board slug/host token equals domain company token but names differ; inspect,false,,LEGACY_SUPPORTED,MULTI_SOURCE_CANDIDATE
EMP-00515,KPMG Belgium,kpmg.com,Belgium,ats-scrapers,6b44a1badc9bfbf5cf176f75265cc5729e520e99,moka,KPMG,kpmg/74216,https://app.mokahr.com/social-recruitment/kpmg/74216,HIGH_CONFIDENCE,SLUG_PLUS_NAME,board slug/host token equals domain company token + compatible names,false,,UNSUPPORTED,MULTI_SOURCE_CANDIDATE
EMP-00515,KPMG Belgium,kpmg.com,Belgium,ats-scrapers,6b44a1badc9bfbf5cf176f75265cc5729e520e99,successfactors,Kpmg,KPMGHITPRD,https://careers.kpmg.it,HIGH_CONFIDENCE,URL_EXACT,internal resolved portal URL equals external board URL,false,,LEGACY_SUPPORTED,MULTI_SOURCE_CANDIDATE
EMP-00516,Mastercard Europe,mastercard.com,Belgium,ats-scrapers,6b44a1badc9bfbf5cf176f75265cc5729e520e99,smartrecruiters,MasterCard,mastercard,https://careers.smartrecruiters.com/mastercard,HIGH_CONFIDENCE,SLUG_PLUS_NAME,board slug/host token equals domain company token + compatible names,false,,LEGACY_SUPPORTED,MULTI_SOURCE_CANDIDATE
EMP-00516,Mastercard Europe,mastercard.com,Belgium,ats-scrapers,6b44a1badc9bfbf5cf176f75265cc5729e520e99,workday,Mastercard (Campus),mastercard/Campus,https://mastercard.wd1.myworkdayjobs.com/Campus,CANDIDATE,SLUG,board slug/host token equals domain company token but names differ; inspect,false,,LEGACY_SUPPORTED,MULTI_SOURCE_CANDIDATE
EMP-00516,Mastercard Europe,mastercard.com,Belgium,ats-scrapers,6b44a1badc9bfbf5cf176f75265cc5729e520e99,workday,Mastercard,mastercard/corporatecareers,https://mastercard.wd1.myworkdayjobs.com/corporatecareers,HIGH_CONFIDENCE,SLUG_PLUS_NAME,board slug/host token equals domain company token + compatible names,false,,LEGACY_SUPPORTED,MULTI_SOURCE_CANDIDATE
EMP-00518,NRB,,Belgium,ats-scrapers,6b44a1badc9bfbf5cf176f75265cc5729e520e99,recruitee,NRB,nrb,https://nrb.recruitee.com,CANDIDATE,NAME_EXACT,"exact normalized name match, no domain evidence; inspect",false,,UNSUPPORTED,SINGLE_SOURCE_CANDIDATE
EMP-00519,NVISO,,Belgium,ats-scrapers,6b44a1badc9bfbf5cf176f75265cc5729e520e99,join_com,NVISO,nviso,https://join.com/companies/nviso,CANDIDATE,NAME_EXACT,"exact normalized name match, no domain evidence; inspect",false,,UNSUPPORTED,MULTI_SOURCE_CANDIDATE
EMP-00519,NVISO,,Belgium,ats-scrapers,6b44a1badc9bfbf5cf176f75265cc5729e520e99,personio,nviso,nviso,https://nviso.jobs.personio.com,CANDIDATE,NAME_EXACT,"exact normalized name match, no domain evidence; inspect",false,,UNSUPPORTED,MULTI_SOURCE_CANDIDATE
EMP-00521,PwC Belgium,pwc.com,Belgium,ats-scrapers,6b44a1badc9bfbf5cf176f75265cc5729e520e99,darwinbox,PwC Asia,pwc.com,https://pwc.darwinbox.com/ms/candidate/careers,CANDIDATE,SLUG,board slug/host token equals domain company token but names differ; inspect,false,,UNSUPPORTED,MULTI_SOURCE_CANDIDATE
EMP-00521,PwC Belgium,pwc.com,Belgium,ats-scrapers,6b44a1badc9bfbf5cf176f75265cc5729e520e99,moka,PwC China,pwc/140014,https://app.mokahr.com/social-recruitment/pwc/140014,CANDIDATE,SLUG,board slug/host token equals domain company token but names differ; inspect,false,,UNSUPPORTED,MULTI_SOURCE_CANDIDATE
EMP-00521,PwC Belgium,pwc.com,Belgium,ats-scrapers,6b44a1badc9bfbf5cf176f75265cc5729e520e99,workday,Pwc (Crm Experienced Careers Site),pwc/crm_experienced_careers_site,https://pwc.wd3.myworkdayjobs.com/crm_experienced_careers_site,CANDIDATE,SLUG,board slug/host token equals domain company token but names differ; inspect,false,,LEGACY_SUPPORTED,MULTI_SOURCE_CANDIDATE
EMP-00521,PwC Belgium,pwc.com,Belgium,ats-scrapers,6b44a1badc9bfbf5cf176f75265cc5729e520e99,workday,Pwc,pwc/global_campus_careers,https://pwc.wd3.myworkdayjobs.com/global_campus_careers,CANDIDATE,SLUG,board slug/host token equals domain company token but names differ; inspect,false,,LEGACY_SUPPORTED,MULTI_SOURCE_CANDIDATE
EMP-00521,PwC Belgium,pwc.com,Belgium,ats-scrapers,6b44a1badc9bfbf5cf176f75265cc5729e520e99,workday,Pwc,pwc/global_experienced_careers,https://pwc.wd3.myworkdayjobs.com/global_experienced_careers,CANDIDATE,SLUG,board slug/host token equals domain company token but names differ; inspect,false,,LEGACY_SUPPORTED,MULTI_SOURCE_CANDIDATE
EMP-00521,PwC Belgium,pwc.com,Belgium,ats-scrapers,6b44a1badc9bfbf5cf176f75265cc5729e520e99,workday,Pwc (Nonpublic Postings),pwc/nonpublic_postings,https://pwc.wd3.myworkdayjobs.com/nonpublic_postings,CANDIDATE,SLUG,board slug/host token equals domain company token but names differ; inspect,false,,LEGACY_SUPPORTED,MULTI_SOURCE_CANDIDATE
EMP-00521,PwC Belgium,pwc.com,Belgium,ats-scrapers,6b44a1badc9bfbf5cf176f75265cc5729e520e99,workday,Pwc,pwc/us_experienced_careers,https://pwc.wd3.myworkdayjobs.com/us_experienced_careers,CANDIDATE,SLUG,board slug/host token equals domain company token but names differ; inspect,false,,LEGACY_SUPPORTED,MULTI_SOURCE_CANDIDATE
EMP-00524,Telenet,,Belgium,ats-scrapers,6b44a1badc9bfbf5cf176f75265cc5729e520e99,oracle,Telenet,ebza/cx_1001,https://ebza.fa.em2.oraclecloud.com/hcmUI/CandidateExperience/en/sites/cx_1001,CANDIDATE,NAME_EXACT,"exact normalized name match, no domain evidence; inspect",false,,LEGACY_SUPPORTED,SINGLE_SOURCE_CANDIDATE
EMP-00527,Euroclear,,Belgium,ats-scrapers,6b44a1badc9bfbf5cf176f75265cc5729e520e99,oracle,Euroclear,don,https://don.fa.em2.oraclecloud.com/hcmUI/CandidateExperience/en/sites/CX_1,CANDIDATE,NAME_EXACT,"exact normalized name match, no domain evidence; inspect",false,,LEGACY_SUPPORTED,MULTI_SOURCE_CANDIDATE
EMP-00527,Euroclear,,Belgium,ats-scrapers,6b44a1badc9bfbf5cf176f75265cc5729e520e99,oracle,Euroclear,don/cx_1003,https://don.fa.em2.oraclecloud.com/hcmUI/CandidateExperience/en/sites/CX_1003,CANDIDATE,NAME_EXACT,"exact normalized name match, no domain evidence; inspect",false,,LEGACY_SUPPORTED,MULTI_SOURCE_CANDIDATE
EMP-00528,ING Belgium,ing.com,Belgium,ats-scrapers,6b44a1badc9bfbf5cf176f75265cc5729e520e99,workday,Ing,ing/icsausdir,https://ing.wd3.myworkdayjobs.com/icsausdir,CANDIDATE,SLUG,board slug/host token equals domain company token but names differ; inspect,false,,LEGACY_SUPPORTED,MULTI_SOURCE_CANDIDATE
EMP-00528,ING Belgium,ing.com,Belgium,ats-scrapers,6b44a1badc9bfbf5cf176f75265cc5729e520e99,workday,ING,ing/icsgblcor,https://ing.wd3.myworkdayjobs.com/icsgblcor,CANDIDATE,SLUG,board slug/host token equals domain company token but names differ; inspect,false,,LEGACY_SUPPORTED,MULTI_SOURCE_CANDIDATE
EMP-00528,ING Belgium,ing.com,Belgium,ats-scrapers,6b44a1badc9bfbf5cf176f75265cc5729e520e99,workday,Ing,ing/icsnldgen,https://ing.wd3.myworkdayjobs.com/icsnldgen,CANDIDATE,SLUG,board slug/host token equals domain company token but names differ; inspect,false,,LEGACY_SUPPORTED,MULTI_SOURCE_CANDIDATE
EMP-00528,ING Belgium,ing.com,Belgium,ats-scrapers,6b44a1badc9bfbf5cf176f75265cc5729e520e99,workday,Ing (Jvsgblcor),ing/jvsgblcor,https://ing.wd3.myworkdayjobs.com/jvsgblcor,CANDIDATE,SLUG,board slug/host token equals domain company token but names differ; inspect,false,,LEGACY_SUPPORTED,MULTI_SOURCE_CANDIDATE
EMP-00530,Umicore,umicore.com,Belgium,ats-scrapers,6b44a1badc9bfbf5cf176f75265cc5729e520e99,successfactors,Umicore,careers,https://careers.umicore.com,CANDIDATE,NAME_EXACT,"exact normalized name match, no domain evidence; inspect",false,,LEGACY_SUPPORTED,SINGLE_SOURCE_CANDIDATE
EMP-00533,Elia,,Belgium,ats-scrapers,6b44a1badc9bfbf5cf176f75265cc5729e520e99,teamtailor,ELIA,elia,https://elia.teamtailor.com,CANDIDATE,NAME_EXACT,"exact normalized name match, no domain evidence; inspect",false,,UNSUPPORTED,SINGLE_SOURCE_CANDIDATE
EMP-00547,Chubb Belgium,chubb.com,Belgium,ats-scrapers,6b44a1badc9bfbf5cf176f75265cc5729e520e99,hrmos,Chubb損害保険株式会社,chubb,https://hrmos.co/pages/chubb/jobs,HIGH_CONFIDENCE,SLUG_PLUS_NAME,board slug/host token equals domain company token + compatible names,false,,UNSUPPORTED,SINGLE_SOURCE_CANDIDATE
EMP-00559,P&V Group,,Belgium,ats-scrapers,6b44a1badc9bfbf5cf176f75265cc5729e520e99,cornerstone,PV Group,https://pvgroup.csod.com/ux/ats/careersite/4/home?c=pvgroup,https://pvgroup.csod.com/ux/ats/careersite/4/home?c=pvgroup,CANDIDATE,NAME_EXACT,"exact normalized name match, no domain evidence; inspect",false,,UNSUPPORTED,MULTI_SOURCE_CANDIDATE
EMP-00559,P&V Group,,Belgium,ats-scrapers,6b44a1badc9bfbf5cf176f75265cc5729e520e99,cornerstone,PV Group,pvgroup,https://pvgroup.csod.com/ux/ats/careersite/1/home?c=pvgroup,CANDIDATE,NAME_EXACT,"exact normalized name match, no domain evidence; inspect",false,,UNSUPPORTED,MULTI_SOURCE_CANDIDATE
EMP-00560,QBE Belgium,qbe.com,Belgium,ats-scrapers,6b44a1badc9bfbf5cf176f75265cc5729e520e99,workday,Qbe,qbe/qbe-careers,https://qbe.wd3.myworkdayjobs.com/qbe-careers,CANDIDATE,SLUG,board slug/host token equals domain company token but names differ; inspect,false,,LEGACY_SUPPORTED,SINGLE_SOURCE_CANDIDATE
EMP-00565,AbbVie Belgium,abbvie.com,Belgium,ats-scrapers,6b44a1badc9bfbf5cf176f75265cc5729e520e99,smartrecruiters,AbbVie,abbvie,https://careers.smartrecruiters.com/abbvie,HIGH_CONFIDENCE,SLUG_PLUS_NAME,board slug/host token equals domain company token + compatible names,false,,LEGACY_SUPPORTED,SINGLE_SOURCE_CANDIDATE
EMP-00571,Amgen Belgium,amgen.com,Belgium,ats-scrapers,6b44a1badc9bfbf5cf176f75265cc5729e520e99,workday,Amgen,amgen/careers,https://amgen.wd1.myworkdayjobs.com/careers,HIGH_CONFIDENCE,SLUG_PLUS_NAME,board slug/host token equals domain company token + compatible names,false,,LEGACY_SUPPORTED,SINGLE_SOURCE_CANDIDATE
EMP-00572,argenx,,Belgium,ats-scrapers,6b44a1badc9bfbf5cf176f75265cc5729e520e99,workday,Argenx,argenx/external_careers,https://argenx.wd3.myworkdayjobs.com/external_careers,CANDIDATE,NAME_EXACT,"exact normalized name match, no domain evidence; inspect",false,,LEGACY_SUPPORTED,SINGLE_SOURCE_CANDIDATE
EMP-00574,AstraZeneca Belgium,astrazeneca.com,Belgium,ats-scrapers,6b44a1badc9bfbf5cf176f75265cc5729e520e99,eightfold,AstraZeneca,astrazeneca,https://astrazeneca.eightfold.ai/careers,HIGH_CONFIDENCE,DOMAIN_EXACT,eightfold registry domain equals internal corporate domain,false,,DECLARATIVE_SUPPORTED,MULTI_SOURCE_CANDIDATE
EMP-00574,AstraZeneca Belgium,astrazeneca.com,Belgium,ats-scrapers,6b44a1badc9bfbf5cf176f75265cc5729e520e99,workday,AstraZeneca (Alexion),astrazeneca/Alexion,https://astrazeneca.wd3.myworkdayjobs.com/Alexion,CANDIDATE,SLUG,board slug/host token equals domain company token but names differ; inspect,false,,LEGACY_SUPPORTED,MULTI_SOURCE_CANDIDATE
EMP-00574,AstraZeneca Belgium,astrazeneca.com,Belgium,ats-scrapers,6b44a1badc9bfbf5cf176f75265cc5729e520e99,workday,AstraZeneca (Emerging Talent),astrazeneca/Emerging-Talent,https://astrazeneca.wd3.myworkdayjobs.com/Emerging-Talent,CANDIDATE,SLUG,board slug/host token equals domain company token but names differ; inspect,false,,LEGACY_SUPPORTED,MULTI_SOURCE_CANDIDATE
EMP-00574,AstraZeneca Belgium,astrazeneca.com,Belgium,ats-scrapers,6b44a1badc9bfbf5cf176f75265cc5729e520e99,workday,AstraZeneca,astrazeneca/careers,https://astrazeneca.wd3.myworkdayjobs.com/careers,HIGH_CONFIDENCE,SLUG_PLUS_NAME,board slug/host token equals domain company token + compatible names,false,,LEGACY_SUPPORTED,MULTI_SOURCE_CANDIDATE
EMP-00575,BASF Antwerpen,basf.com,Belgium,ats-scrapers,6b44a1badc9bfbf5cf176f75265cc5729e520e99,successfactors,Basf,basf,https://basf.jobs,HIGH_CONFIDENCE,SLUG_PLUS_NAME,board slug/host token equals domain company token + compatible names,false,,LEGACY_SUPPORTED,SINGLE_SOURCE_CANDIDATE
EMP-00587,Gilead Sciences Belgium,gilead.com,Belgium,ats-scrapers,6b44a1badc9bfbf5cf176f75265cc5729e520e99,workday,"Gilead Sciences, Inc",gilead/gileadcareers,https://gilead.wd1.myworkdayjobs.com/gileadcareers,CANDIDATE,SLUG,board slug/host token equals domain company token but names differ; inspect,false,,LEGACY_SUPPORTED,MULTI_SOURCE_CANDIDATE
EMP-00587,Gilead Sciences Belgium,gilead.com,Belgium,ats-scrapers,6b44a1badc9bfbf5cf176f75265cc5729e520e99,workday,"Gilead Sciences, Inc (Gileadhotjobcareers)",gilead/gileadhotjobcareers,https://gilead.wd1.myworkdayjobs.com/gileadhotjobcareers,CANDIDATE,SLUG,board slug/host token equals domain company token but names differ; inspect,false,,LEGACY_SUPPORTED,MULTI_SOURCE_CANDIDATE
EMP-00587,Gilead Sciences Belgium,gilead.com,Belgium,ats-scrapers,6b44a1badc9bfbf5cf176f75265cc5729e520e99,workday,"Gilead Sciences, Inc (Kitepharmacareers)",gilead/kitepharmacareers,https://gilead.wd1.myworkdayjobs.com/kitepharmacareers,CANDIDATE,SLUG,board slug/host token equals domain company token but names differ; inspect,false,,LEGACY_SUPPORTED,MULTI_SOURCE_CANDIDATE
EMP-00598,MSD Animal Health Belgium,merck.com,Belgium,ats-scrapers,6b44a1badc9bfbf5cf176f75265cc5729e520e99,phenom,Merck,,https://jobs.merck.com,HIGH_CONFIDENCE,URL_EXACT,internal resolved portal URL equals external board URL,false,,LEGACY_SUPPORTED,SINGLE_SOURCE_CANDIDATE
EMP-00600,Novartis Manufacturing Belgium,novartis.com,Belgium,ats-scrapers,6b44a1badc9bfbf5cf176f75265cc5729e520e99,workday,Novartis (Internal Careers for Acquired Entities),novartis/Internal_Careers_for_Acquired_Entities,https://novartis.wd3.myworkdayjobs.com/Internal_Careers_for_Acquired_Entities,CANDIDATE,SLUG,board slug/host token equals domain company token but names differ; inspect,false,,LEGACY_SUPPORTED,MULTI_SOURCE_CANDIDATE
EMP-00600,Novartis Manufacturing Belgium,novartis.com,Belgium,ats-scrapers,6b44a1badc9bfbf5cf176f75265cc5729e520e99,workday,Novartis,novartis/novartis_careers,https://novartis.wd3.myworkdayjobs.com/novartis_careers,HIGH_CONFIDENCE,SLUG_PLUS_NAME,board slug/host token equals domain company token + compatible names,false,,LEGACY_SUPPORTED,MULTI_SOURCE_CANDIDATE
EMP-00601,Novartis Pharma Belgium,novartis.com,Belgium,ats-scrapers,6b44a1badc9bfbf5cf176f75265cc5729e520e99,workday,Novartis (Internal Careers for Acquired Entities),novartis/Internal_Careers_for_Acquired_Entities,https://novartis.wd3.myworkdayjobs.com/Internal_Careers_for_Acquired_Entities,CANDIDATE,SLUG,board slug/host token equals domain company token but names differ; inspect,false,,LEGACY_SUPPORTED,MULTI_SOURCE_CANDIDATE
EMP-00601,Novartis Pharma Belgium,novartis.com,Belgium,ats-scrapers,6b44a1badc9bfbf5cf176f75265cc5729e520e99,workday,Novartis,novartis/novartis_careers,https://novartis.wd3.myworkdayjobs.com/novartis_careers,HIGH_CONFIDENCE,SLUG_PLUS_NAME,board slug/host token equals domain company token + compatible names,false,,LEGACY_SUPPORTED,MULTI_SOURCE_CANDIDATE
EMP-00602,Novo Nordisk Belgium,novonordisk.com,Belgium,ats-scrapers,6b44a1badc9bfbf5cf176f75265cc5729e520e99,successfactors,Novo Nordisk,novonordisk,https://careers.novonordisk.com,HIGH_CONFIDENCE,SLUG_PLUS_NAME,board slug/host token equals domain company token + compatible names,false,,LEGACY_SUPPORTED,SINGLE_SOURCE_CANDIDATE
EMP-00603,Pfizer Belgium,pfizer.com,Belgium,ats-scrapers,6b44a1badc9bfbf5cf176f75265cc5729e520e99,workday,Pfizer (Internaljobs),pfizer/internaljobs,https://pfizer.wd1.myworkdayjobs.com/internaljobs,CANDIDATE,SLUG,board slug/host token equals domain company token but names differ; inspect,false,,LEGACY_SUPPORTED,MULTI_SOURCE_CANDIDATE
EMP-00603,Pfizer Belgium,pfizer.com,Belgium,ats-scrapers,6b44a1badc9bfbf5cf176f75265cc5729e520e99,workday,Pfizer,pfizer/pfizercareers,https://pfizer.wd1.myworkdayjobs.com/pfizercareers,HIGH_CONFIDENCE,SLUG_PLUS_NAME,board slug/host token equals domain company token + compatible names,false,,LEGACY_SUPPORTED,MULTI_SOURCE_CANDIDATE
EMP-00605,Roche Belgium,roche.com,Belgium,ats-scrapers,6b44a1badc9bfbf5cf176f75265cc5729e520e99,workday,Roche,roche/roche-ext,https://roche.wd3.myworkdayjobs.com/roche-ext,HIGH_CONFIDENCE,SLUG_PLUS_NAME,board slug/host token equals domain company token + compatible names,false,,LEGACY_SUPPORTED,MULTI_SOURCE_CANDIDATE
EMP-00605,Roche Belgium,roche.com,Belgium,ats-scrapers,6b44a1badc9bfbf5cf176f75265cc5729e520e99,workday,Roche,roche/rog-a2o-gene,https://roche.wd3.myworkdayjobs.com/rog-a2o-gene,HIGH_CONFIDENCE,SLUG_PLUS_NAME,board slug/host token equals domain company token + compatible names,false,,LEGACY_SUPPORTED,MULTI_SOURCE_CANDIDATE
EMP-00607,Sanofi Belgium,sanofi.com,Belgium,ats-scrapers,6b44a1badc9bfbf5cf176f75265cc5729e520e99,workday,Sanofi,sanofi/sanoficareers,https://sanofi.wd3.myworkdayjobs.com/sanoficareers,HIGH_CONFIDENCE,SLUG_PLUS_NAME,board slug/host token equals domain company token + compatible names,false,,LEGACY_SUPPORTED,SINGLE_SOURCE_CANDIDATE
EMP-00608,Takeda Belgium,takeda.com,Belgium,ats-scrapers,6b44a1badc9bfbf5cf176f75265cc5729e520e99,workday,Takeda,takeda/external,https://takeda.wd3.myworkdayjobs.com/external,HIGH_CONFIDENCE,SLUG_PLUS_NAME,board slug/host token equals domain company token + compatible names,false,,LEGACY_SUPPORTED,SINGLE_SOURCE_CANDIDATE
EMP-00609,TotalEnergies Antwerp,totalenergies.com,Belgium,ats-scrapers,6b44a1badc9bfbf5cf176f75265cc5729e520e99,bamboohr,totalenergies,totalenergies,https://totalenergies.bamboohr.com/careers,HIGH_CONFIDENCE,SLUG_PLUS_NAME,board slug/host token equals domain company token + compatible names,false,,UNSUPPORTED,MULTI_SOURCE_CANDIDATE
EMP-00609,TotalEnergies Antwerp,totalenergies.com,Belgium,ats-scrapers,6b44a1badc9bfbf5cf176f75265cc5729e520e99,moka,TotalEnergies,totalenergies/100441,https://app.mokahr.com/social-recruitment/totalenergies/100441,HIGH_CONFIDENCE,SLUG_PLUS_NAME,board slug/host token equals domain company token + compatible names,false,,UNSUPPORTED,MULTI_SOURCE_CANDIDATE
EMP-00611,Swift,,Belgium | Germany | UK,ats-scrapers,6b44a1badc9bfbf5cf176f75265cc5729e520e99,workable,swift,swift,https://apply.workable.com/swift,CANDIDATE,NAME_EXACT,"exact normalized name match, no domain evidence; inspect",false,,UNSUPPORTED,MULTI_SOURCE_CANDIDATE
EMP-00611,Swift,,Belgium | Germany | UK,ats-scrapers,6b44a1badc9bfbf5cf176f75265cc5729e520e99,workday,Swift,swift/join-swift,https://swift.wd3.myworkdayjobs.com/join-swift,CANDIDATE,NAME_EXACT,"exact normalized name match, no domain evidence; inspect",false,,LEGACY_SUPPORTED,MULTI_SOURCE_CANDIDATE
EMP-00630,EY Bulgaria,ey.com,Bulgaria,ats-scrapers,6b44a1badc9bfbf5cf176f75265cc5729e520e99,moka,EY (Ernst & Young),ey/47410,https://app.mokahr.com/social-recruitment/ey/47410,CANDIDATE,SLUG,board slug/host token equals domain company token but names differ; inspect,false,,UNSUPPORTED,MULTI_SOURCE_CANDIDATE
EMP-00630,EY Bulgaria,ey.com,Bulgaria,ats-scrapers,6b44a1badc9bfbf5cf176f75265cc5729e520e99,successfactors,Careers at EY: search jobs,EYHRISPRD1,https://careers.ey.com,HIGH_CONFIDENCE,URL_EXACT,internal resolved portal URL equals external board URL,false,,LEGACY_SUPPORTED,MULTI_SOURCE_CANDIDATE
EMP-00670,Aviya Aerospace Systems,,Canada,ats-scrapers,6b44a1badc9bfbf5cf176f75265cc5729e520e99,lever,Aviya Aerospace Systems,aviyatech,https://jobs.lever.co/aviyatech,CANDIDATE,NAME_EXACT,"exact normalized name match, no domain evidence; inspect",false,,LEGACY_SUPPORTED,SINGLE_SOURCE_CANDIDATE
EMP-00674,Bombardier,bombardier.com,Canada,ats-scrapers,6b44a1badc9bfbf5cf176f75265cc5729e520e99,successfactors,Bombardier,Bombardier,https://jobs.bombardier.com,HIGH_CONFIDENCE,URL_EXACT,internal resolved portal URL equals external board URL,false,,LEGACY_SUPPORTED,SINGLE_SOURCE_CANDIDATE
EMP-00677,CAE Inc.,cae.com,Canada,ats-scrapers,6b44a1badc9bfbf5cf176f75265cc5729e520e99,workday,Cae,cae/caecareer2,https://cae.wd3.myworkdayjobs.com/caecareer2,CANDIDATE,SLUG,board slug/host token equals domain company token but names differ; inspect,false,,LEGACY_SUPPORTED,MULTI_SOURCE_CANDIDATE
EMP-00677,CAE Inc.,cae.com,Canada,ats-scrapers,6b44a1badc9bfbf5cf176f75265cc5729e520e99,workday,Cae,cae/career,https://cae.wd3.myworkdayjobs.com/career,CANDIDATE,SLUG,board slug/host token equals domain company token but names differ; inspect,false,,LEGACY_SUPPORTED,MULTI_SOURCE_CANDIDATE
EMP-00695,General Dynamics Mission Systems Canada,gd.com,Canada,ats-scrapers,6b44a1badc9bfbf5cf176f75265cc5729e520e99,icims,General Dynamics Mission Systems,gd,https://careers-gd.icims.com,HIGH_CONFIDENCE,SLUG_PLUS_NAME,board slug/host token equals domain company token + compatible names,false,,UNSUPPORTED,SINGLE_SOURCE_CANDIDATE
EMP-00704,Isaac Operations,,Canada,ats-scrapers,6b44a1badc9bfbf5cf176f75265cc5729e520e99,smartrecruiters,Isaac Operations,IsaacOperations,https://careers.smartrecruiters.com/IsaacOperations,CANDIDATE,NAME_EXACT,"exact normalized name match, no domain evidence; inspect",false,,LEGACY_SUPPORTED,SINGLE_SOURCE_CANDIDATE
EMP-00718,Marshall,,Canada,ats-scrapers,6b44a1badc9bfbf5cf176f75265cc5729e520e99,workday,Marshall,marshall/marshall_group,https://marshall.wd103.myworkdayjobs.com/Marshall_Group,CANDIDATE,NAME_EXACT,"exact normalized name match, no domain evidence; inspect",false,,LEGACY_SUPPORTED,MULTI_SOURCE_CANDIDATE
EMP-00718,Marshall,,Canada,ats-scrapers,6b44a1badc9bfbf5cf176f75265cc5729e520e99,workday,Marshall,marshallmedical/mmc,https://marshallmedical.wd1.myworkdayjobs.com/mmc,CANDIDATE,NAME_EXACT,"exact normalized name match, no domain evidence; inspect",false,,LEGACY_SUPPORTED,MULTI_SOURCE_CANDIDATE
EMP-00778,Albarrie Canada Limited,,Canada,ats-scrapers,6b44a1badc9bfbf5cf176f75265cc5729e520e99,jazzhr,Albarrie Canada Limited,albarriecanadalimited,https://albarriecanadalimited.applytojob.com,CANDIDATE,NAME_EXACT,"exact normalized name match, no domain evidence; inspect",false,,UNSUPPORTED,SINGLE_SOURCE_CANDIDATE
EMP-00790,AMEC Corporation,,Canada,ats-scrapers,6b44a1badc9bfbf5cf176f75265cc5729e520e99,moka,AMEC,amec/28371,https://app.mokahr.com/social-recruitment/amec/28371,CANDIDATE,NAME_EXACT,"exact normalized name match, no domain evidence; inspect",false,,UNSUPPORTED,SINGLE_SOURCE_CANDIDATE
EMP-00803,ANVIL,,Canada,ats-scrapers,6b44a1badc9bfbf5cf176f75265cc5729e520e99,bamboohr,anvil,anvil,https://anvil.bamboohr.com/careers,CANDIDATE,NAME_EXACT,"exact normalized name match, no domain evidence; inspect",false,,UNSUPPORTED,MULTI_SOURCE_CANDIDATE
EMP-00803,ANVIL,,Canada,ats-scrapers,6b44a1badc9bfbf5cf176f75265cc5729e520e99,workable,Anvil,anvil,https://apply.workable.com/anvil,CANDIDATE,NAME_EXACT,"exact normalized name match, no domain evidence; inspect",false,,UNSUPPORTED,MULTI_SOURCE_CANDIDATE
EMP-00811,Appian,,Canada,ats-scrapers,6b44a1badc9bfbf5cf176f75265cc5729e520e99,smartrecruiters,Appian,appian,https://careers.smartrecruiters.com/appian,CANDIDATE,NAME_EXACT,"exact normalized name match, no domain evidence; inspect",false,,LEGACY_SUPPORTED,SINGLE_SOURCE_CANDIDATE
EMP-00823,Arctic Shell,shell.com,Canada,ats-scrapers,6b44a1badc9bfbf5cf176f75265cc5729e520e99,workday,Work at Shell,shell/shellcareers,https://shell.wd3.myworkdayjobs.com/shellcareers,HIGH_CONFIDENCE,URL_EXACT,internal resolved portal URL equals external board URL,false,,LEGACY_SUPPORTED,MULTI_SOURCE_CANDIDATE
EMP-00823,Arctic Shell,shell.com,Canada,ats-scrapers,6b44a1badc9bfbf5cf176f75265cc5729e520e99,workday,Work at Shell,shell/shellcareers,https://shell.wd3.myworkdayjobs.com/shellcareers,CANDIDATE,SLUG,board slug/host token equals domain company token but names differ; inspect,false,,LEGACY_SUPPORTED,MULTI_SOURCE_CANDIDATE
EMP-00849,Atreides,,Canada,ats-scrapers,6b44a1badc9bfbf5cf176f75265cc5729e520e99,bamboohr,atreides,atreides,https://atreides.bamboohr.com/careers,CANDIDATE,NAME_EXACT,"exact normalized name match, no domain evidence; inspect",false,,UNSUPPORTED,MULTI_SOURCE_CANDIDATE
EMP-00849,Atreides,,Canada,ats-scrapers,6b44a1badc9bfbf5cf176f75265cc5729e520e99,rippling,Atreides,atreides,https://ats.rippling.com/atreides/jobs,CANDIDATE,NAME_EXACT,"exact normalized name match, no domain evidence; inspect",false,,UNSUPPORTED,MULTI_SOURCE_CANDIDATE
EMP-00850,"AUMOVIO Systems, Inc.",continental.com,Canada,ats-scrapers,6b44a1badc9bfbf5cf176f75265cc5729e520e99,smartrecruiters,Continental,continental,https://careers.smartrecruiters.com/continental,CANDIDATE,SLUG,board slug/host token equals domain company token but names differ; inspect,false,,LEGACY_SUPPORTED,SINGLE_SOURCE_CANDIDATE
EMP-00866,Axya,,Canada,ats-scrapers,6b44a1badc9bfbf5cf176f75265cc5729e520e99,bamboohr,axya,axya,https://axya.bamboohr.com/careers,CANDIDATE,NAME_EXACT,"exact normalized name match, no domain evidence; inspect",false,,UNSUPPORTED,SINGLE_SOURCE_CANDIDATE
EMP-00883,Canadian Nuclear Laboratories,,Canada,ats-scrapers,6b44a1badc9bfbf5cf176f75265cc5729e520e99,taleo,Canadian Nuclear Laboratories,https://tre.tbe.taleo.net/tre01/ats/careers/v2/searchResults?org=CNLLTD&cws=37,https://tre.tbe.taleo.net/tre01/ats/careers/v2/searchResults?org=CNLLTD&cws=37,CANDIDATE,NAME_EXACT,"exact normalized name match, no domain evidence; inspect",false,,UNSUPPORTED,SINGLE_SOURCE_CANDIDATE
EMP-00955,Cohere,,Canada,ats-scrapers,6b44a1badc9bfbf5cf176f75265cc5729e520e99,ashby,Cohere,cohere,https://jobs.ashbyhq.com/cohere,CANDIDATE,NAME_EXACT,"exact normalized name match, no domain evidence; inspect",false,,LEGACY_SUPPORTED,MULTI_SOURCE_CANDIDATE
EMP-00955,Cohere,,Canada,ats-scrapers,6b44a1badc9bfbf5cf176f75265cc5729e520e99,bamboohr,Cohere,cohere,https://cohere.bamboohr.com/careers,CANDIDATE,NAME_EXACT,"exact normalized name match, no domain evidence; inspect",false,,UNSUPPORTED,MULTI_SOURCE_CANDIDATE
EMP-00956,CoLab Software Inc.,,Canada,ats-scrapers,6b44a1badc9bfbf5cf176f75265cc5729e520e99,greenhouse,CoLab Software,colabsoftware,https://job-boards.greenhouse.io/colabsoftware,CANDIDATE,NAME_EXACT,"exact normalized name match, no domain evidence; inspect",false,,LEGACY_SUPPORTED,SINGLE_SOURCE_CANDIDATE
EMP-00959,Colliers,,Canada,ats-scrapers,6b44a1badc9bfbf5cf176f75265cc5729e520e99,gupy,Colliers,colliers,https://colliers.gupy.io,CANDIDATE,NAME_EXACT,"exact normalized name match, no domain evidence; inspect",false,,UNSUPPORTED,MULTI_SOURCE_CANDIDATE
EMP-00959,Colliers,,Canada,ats-scrapers,6b44a1badc9bfbf5cf176f75265cc5729e520e99,smartrecruiters,Colliers,Colliers,https://careers.smartrecruiters.com/Colliers,CANDIDATE,NAME_EXACT,"exact normalized name match, no domain evidence; inspect",false,,LEGACY_SUPPORTED,MULTI_SOURCE_CANDIDATE
EMP-00959,Colliers,,Canada,ats-scrapers,6b44a1badc9bfbf5cf176f75265cc5729e520e99,workday,Colliers,colliers/colliers-external-career-site,https://colliers.wd3.myworkdayjobs.com/colliers-external-career-site,CANDIDATE,NAME_EXACT,"exact normalized name match, no domain evidence; inspect",false,,LEGACY_SUPPORTED,MULTI_SOURCE_CANDIDATE
EMP-00964,Commissionaires,,Canada,ats-scrapers,6b44a1badc9bfbf5cf176f75265cc5729e520e99,bamboohr,commissionaires,commissionaires,https://commissionaires.bamboohr.com/careers,CANDIDATE,NAME_EXACT,"exact normalized name match, no domain evidence; inspect",false,,UNSUPPORTED,SINGLE_SOURCE_CANDIDATE
EMP-00981,Contact Corporation,,Canada,ats-scrapers,6b44a1badc9bfbf5cf176f75265cc5729e520e99,herp,株式会社Contact,contact,https://herp.careers/v1/contact,CANDIDATE,NAME_EXACT,"exact normalized name match, no domain evidence; inspect",false,,UNSUPPORTED,MULTI_SOURCE_CANDIDATE
EMP-00981,Contact Corporation,,Canada,ats-scrapers,6b44a1badc9bfbf5cf176f75265cc5729e520e99,workable,CONTACT,contact,https://apply.workable.com/contact,CANDIDATE,NAME_EXACT,"exact normalized name match, no domain evidence; inspect",false,,UNSUPPORTED,MULTI_SOURCE_CANDIDATE
EMP-00992,COVE,,Canada,ats-scrapers,6b44a1badc9bfbf5cf176f75265cc5729e520e99,join_com,Cove,covepartners,https://join.com/companies/covepartners,CANDIDATE,NAME_EXACT,"exact normalized name match, no domain evidence; inspect",false,,UNSUPPORTED,SINGLE_SOURCE_CANDIDATE
EMP-01000,CSA Group,,Canada,ats-scrapers,6b44a1badc9bfbf5cf176f75265cc5729e520e99,workday,CSA Group,csagroup/csagroup,https://csagroup.wd3.myworkdayjobs.com/csagroup,CANDIDATE,NAME_EXACT,"exact normalized name match, no domain evidence; inspect",false,,LEGACY_SUPPORTED,SINGLE_SOURCE_CANDIDATE
EMP-01006,Curtiss-Wright,,Canada,ats-scrapers,6b44a1badc9bfbf5cf176f75265cc5729e520e99,workday,Curtisswright,curtisswright/cw_external_career_site,https://curtisswright.wd1.myworkdayjobs.com/cw_external_career_site,CANDIDATE,NAME_EXACT,"exact normalized name match, no domain evidence; inspect",false,,LEGACY_SUPPORTED,SINGLE_SOURCE_CANDIDATE
EMP-01033,Defence Construction Canada,,Canada,ats-scrapers,6b44a1badc9bfbf5cf176f75265cc5729e520e99,taleo,Defence Construction Canada,https://phh.tbe.taleo.net/phh04/ats/careers/v2/searchResults?org=DEFENCECONSTRUCTIONCANADA&cws=47,https://phh.tbe.taleo.net/phh04/ats/careers/v2/searchResults?org=DEFENCECONSTRUCTIONCANADA&cws=47,CANDIDATE,NAME_EXACT,"exact normalized name match, no domain evidence; inspect",false,,UNSUPPORTED,SINGLE_SOURCE_CANDIDATE
EMP-01048,Dexterra,,Canada,ats-scrapers,6b44a1badc9bfbf5cf176f75265cc5729e520e99,smartrecruiters,Dexterra,dexterra,https://careers.smartrecruiters.com/dexterra,CANDIDATE,NAME_EXACT,"exact normalized name match, no domain evidence; inspect",false,,LEGACY_SUPPORTED,SINGLE_SOURCE_CANDIDATE
EMP-01050,DIALOG,,Canada,ats-scrapers,6b44a1badc9bfbf5cf176f75265cc5729e520e99,lever,DIALOG,dialogdesign,https://jobs.lever.co/dialogdesign,CANDIDATE,NAME_EXACT,"exact normalized name match, no domain evidence; inspect",false,,LEGACY_SUPPORTED,MULTI_SOURCE_CANDIDATE
EMP-01050,DIALOG,,Canada,ats-scrapers,6b44a1badc9bfbf5cf176f75265cc5729e520e99,successfactors,Dialog,careers,https://careers.dialogasia.com,CANDIDATE,NAME_EXACT,"exact normalized name match, no domain evidence; inspect",false,,LEGACY_SUPPORTED,MULTI_SOURCE_CANDIDATE
EMP-01054,DIGITAL,,Canada,ats-scrapers,6b44a1badc9bfbf5cf176f75265cc5729e520e99,workable,Digital,digital-368,https://apply.workable.com/digital-368,CANDIDATE,NAME_EXACT,"exact normalized name match, no domain evidence; inspect",false,,UNSUPPORTED,SINGLE_SOURCE_CANDIDATE
EMP-01084,Earth Daily Analytics,,Canada,ats-scrapers,6b44a1badc9bfbf5cf176f75265cc5729e520e99,jazzhr,EarthDaily Analytics,earthdaily,https://earthdaily.applytojob.com,CANDIDATE,NAME_EXACT,"exact normalized name match, no domain evidence; inspect",false,,UNSUPPORTED,SINGLE_SOURCE_CANDIDATE
EMP-01092,Ecole de Technologie Superieure,,Canada,ats-scrapers,6b44a1badc9bfbf5cf176f75265cc5729e520e99,taleo,Ecole de technologie superieure,https://tre.tbe.taleo.net/tre01/ats/careers/v2/searchResults?org=ETS&cws=42,https://tre.tbe.taleo.net/tre01/ats/careers/v2/searchResults?org=ETS&cws=42,CANDIDATE,NAME_EXACT,"exact normalized name match, no domain evidence; inspect",false,,UNSUPPORTED,SINGLE_SOURCE_CANDIDATE
EMP-01152,Apex Industries Inc.,,Canada,ats-scrapers,6b44a1badc9bfbf5cf176f75265cc5729e520e99,jazzhr,Apex Industries,apexindustries,https://apexindustries.applytojob.com,CANDIDATE,NAME_EXACT,"exact normalized name match, no domain evidence; inspect",false,,UNSUPPORTED,SINGLE_SOURCE_CANDIDATE
EMP-01194,AECOM,,Canada,ats-scrapers,6b44a1badc9bfbf5cf176f75265cc5729e520e99,smartrecruiters,AECOM,aecom2,https://careers.smartrecruiters.com/aecom2,CANDIDATE,NAME_EXACT,"exact normalized name match, no domain evidence; inspect",false,,LEGACY_SUPPORTED,SINGLE_SOURCE_CANDIDATE
EMP-01211,"AirShare, Inc.",,Canada,ats-scrapers,6b44a1badc9bfbf5cf176f75265cc5729e520e99,paycom,Airshare,efb6deffc727a2fc82dd4522cb84ea1d,https://paycomonline.net/v4/ats/web.php/portal/efb6deffc727a2fc82dd4522cb84ea1d/career-page,CANDIDATE,NAME_EXACT,"exact normalized name match, no domain evidence; inspect",false,,UNSUPPORTED,SINGLE_SOURCE_CANDIDATE
EMP-01217,Alchemy,,Canada,ats-scrapers,6b44a1badc9bfbf5cf176f75265cc5729e520e99,ashby,Alchemy,alchemy,https://jobs.ashbyhq.com/alchemy,CANDIDATE,NAME_EXACT,"exact normalized name match, no domain evidence; inspect",false,,LEGACY_SUPPORTED,MULTI_SOURCE_CANDIDATE
EMP-01217,Alchemy,,Canada,ats-scrapers,6b44a1badc9bfbf5cf176f75265cc5729e520e99,personio,Alchemy,alchemy,https://alchemy.jobs.personio.com,CANDIDATE,NAME_EXACT,"exact normalized name match, no domain evidence; inspect",false,,UNSUPPORTED,MULTI_SOURCE_CANDIDATE
EMP-01217,Alchemy,,Canada,ats-scrapers,6b44a1badc9bfbf5cf176f75265cc5729e520e99,workday,Alchemy,alchemy/alchemy,https://alchemy.wd1.myworkdayjobs.com/alchemy,CANDIDATE,NAME_EXACT,"exact normalized name match, no domain evidence; inspect",false,,LEGACY_SUPPORTED,MULTI_SOURCE_CANDIDATE
EMP-01218,Algo Communication Products Ltd,,Canada,ats-scrapers,6b44a1badc9bfbf5cf176f75265cc5729e520e99,rippling,Algo Communication Products,algo-communication-products,https://ats.rippling.com/algo-communication-products/jobs,CANDIDATE,NAME_EXACT,"exact normalized name match, no domain evidence; inspect",false,,UNSUPPORTED,SINGLE_SOURCE_CANDIDATE
EMP-01222,AltaML,,Canada,ats-scrapers,6b44a1badc9bfbf5cf176f75265cc5729e520e99,lever,AltaML,altaml,https://jobs.lever.co/altaml,CANDIDATE,NAME_EXACT,"exact normalized name match, no domain evidence; inspect",false,,LEGACY_SUPPORTED,SINGLE_SOURCE_CANDIDATE
EMP-01227,ATCO,,Canada,ats-scrapers,6b44a1badc9bfbf5cf176f75265cc5729e520e99,oracle,ATCO,eezy,https://eezy.fa.ca2.oraclecloud.com/hcmUI/CandidateExperience/en/sites/CX,CANDIDATE,NAME_EXACT,"exact normalized name match, no domain evidence; inspect",false,,LEGACY_SUPPORTED,SINGLE_SOURCE_CANDIDATE
EMP-01230,CIMA+,,Canada,ats-scrapers,6b44a1badc9bfbf5cf176f75265cc5729e520e99,smartrecruiters,CIMA+,cima2,https://careers.smartrecruiters.com/cima2,CANDIDATE,NAME_EXACT,"exact normalized name match, no domain evidence; inspect",false,,LEGACY_SUPPORTED,SINGLE_SOURCE_CANDIDATE
EMP-01235,AltaLink,,Canada,ats-scrapers,6b44a1badc9bfbf5cf176f75265cc5729e520e99,workable,AltaLink,altalink,https://apply.workable.com/altalink,CANDIDATE,NAME_EXACT,"exact normalized name match, no domain evidence; inspect",false,,UNSUPPORTED,SINGLE_SOURCE_CANDIDATE
EMP-01248,FortisAlberta,,Canada,ats-scrapers,6b44a1badc9bfbf5cf176f75265cc5729e520e99,successfactors,Fortisalberta,careers,https://careers.fortisalberta.com,CANDIDATE,NAME_EXACT,"exact normalized name match, no domain evidence; inspect",false,,LEGACY_SUPPORTED,SINGLE_SOURCE_CANDIDATE
EMP-01253,Hydro-Québec,hydroquebec.com,Canada,ats-scrapers,6b44a1badc9bfbf5cf176f75265cc5729e520e99,successfactors,Hydro-Québec,HYDROQUEBEC,https://career17.sapsf.com/career?company=HYDROQUEBEC,HIGH_CONFIDENCE,SLUG_PLUS_NAME,board slug/host token equals domain company token + compatible names,false,,LEGACY_SUPPORTED,SINGLE_SOURCE_CANDIDATE
EMP-01264,Northwest Territories Power Corporation,,Canada,ats-scrapers,6b44a1badc9bfbf5cf176f75265cc5729e520e99,icims,Northwest Territories Power Corporation,ntpc,https://careers-ntpc.icims.com,CANDIDATE,NAME_EXACT,"exact normalized name match, no domain evidence; inspect",false,,UNSUPPORTED,SINGLE_SOURCE_CANDIDATE
EMP-01270,TC Energy,,Canada,ats-scrapers,6b44a1badc9bfbf5cf176f75265cc5729e520e99,workday,TC Energy,tcenergy/career_site_tc,https://tcenergy.wd3.myworkdayjobs.com/career_site_tc,CANDIDATE,NAME_EXACT,"exact normalized name match, no domain evidence; inspect",false,,LEGACY_SUPPORTED,SINGLE_SOURCE_CANDIDATE
EMP-01271,Toronto Hydro,,Canada,ats-scrapers,6b44a1badc9bfbf5cf176f75265cc5729e520e99,successfactors,Toronto Hydro,C0009109522P,https://career17.sapsf.com/career?company=C0009109522P,CANDIDATE,NAME_EXACT,"exact normalized name match, no domain evidence; inspect",false,,LEGACY_SUPPORTED,SINGLE_SOURCE_CANDIDATE
EMP-01272,TransAlta,,Canada,ats-scrapers,6b44a1badc9bfbf5cf176f75265cc5729e520e99,successfactors,TransAlta,jobs,https://jobs.transalta.com,CANDIDATE,NAME_EXACT,"exact normalized name match, no domain evidence; inspect",false,,LEGACY_SUPPORTED,SINGLE_SOURCE_CANDIDATE
EMP-01277,ADGA Group Consultants Inc.,,Canada,ats-scrapers,6b44a1badc9bfbf5cf176f75265cc5729e520e99,smartrecruiters,ADGA Group Consultants Inc,ADGAGroupConsultantsInc1,https://careers.smartrecruiters.com/ADGAGroupConsultantsInc1,CANDIDATE,NAME_EXACT,"exact normalized name match, no domain evidence; inspect",false,,LEGACY_SUPPORTED,SINGLE_SOURCE_CANDIDATE
EMP-01291,CIBC,cibc.com,Canada,ats-scrapers,6b44a1badc9bfbf5cf176f75265cc5729e520e99,workday,CIBC (Campus),cibc/campus,https://cibc.wd3.myworkdayjobs.com/campus,HIGH_CONFIDENCE,SLUG_PLUS_NAME,board slug/host token equals domain company token + compatible names,false,,LEGACY_SUPPORTED,MULTI_SOURCE_CANDIDATE
EMP-01291,CIBC,cibc.com,Canada,ats-scrapers,6b44a1badc9bfbf5cf176f75265cc5729e520e99,workday,CIBC,cibc/search,https://cibc.wd3.myworkdayjobs.com/search,HIGH_CONFIDENCE,URL_EXACT,internal resolved portal URL equals external board URL,false,,LEGACY_SUPPORTED,MULTI_SOURCE_CANDIDATE
EMP-01292,D2L Corporation,,Canada,ats-scrapers,6b44a1badc9bfbf5cf176f75265cc5729e520e99,greenhouse,D2L,d2l,https://job-boards.greenhouse.io/d2l,CANDIDATE,NAME_EXACT,"exact normalized name match, no domain evidence; inspect",false,,LEGACY_SUPPORTED,SINGLE_SOURCE_CANDIDATE
EMP-01294,Deloitte LLP,deloitte.com,Canada,ats-scrapers,6b44a1badc9bfbf5cf176f75265cc5729e520e99,eightfold,Deloitte,deloitte,https://deloitte.eightfold.ai/careers,HIGH_CONFIDENCE,SLUG_PLUS_NAME,board slug/host token equals domain company token + compatible names,false,,DECLARATIVE_SUPPORTED,SINGLE_SOURCE_CANDIDATE
EMP-01295,Digital Boundary Group,,Canada,ats-scrapers,6b44a1badc9bfbf5cf176f75265cc5729e520e99,bamboohr,digitalboundarygroup,digitalboundarygroup,https://digitalboundarygroup.bamboohr.com/careers,CANDIDATE,NAME_EXACT,"exact normalized name match, no domain evidence; inspect",false,,UNSUPPORTED,SINGLE_SOURCE_CANDIDATE
EMP-01299,Geotab,,Canada,ats-scrapers,6b44a1badc9bfbf5cf176f75265cc5729e520e99,greenhouse,Geotab,geotab,https://job-boards.greenhouse.io/geotab,CANDIDATE,NAME_EXACT,"exact normalized name match, no domain evidence; inspect",false,,LEGACY_SUPPORTED,SINGLE_SOURCE_CANDIDATE
EMP-01300,Google Canada,abc.xyz,Canada,ats-scrapers,6b44a1badc9bfbf5cf176f75265cc5729e520e99,breezy,abc,abc,https://abc.breezy.hr,CANDIDATE,SLUG,board slug/host token equals domain company token but names differ; inspect,false,,UNSUPPORTED,MULTI_SOURCE_CANDIDATE
EMP-01300,Google Canada,abc.xyz,Canada,ats-scrapers,6b44a1badc9bfbf5cf176f75265cc5729e520e99,greenhouse,ThoughtWorks_new,abc,https://job-boards.greenhouse.io/abc,CANDIDATE,SLUG,board slug/host token equals domain company token but names differ; inspect,false,,LEGACY_SUPPORTED,MULTI_SOURCE_CANDIDATE
EMP-01300,Google Canada,abc.xyz,Canada,ats-scrapers,6b44a1badc9bfbf5cf176f75265cc5729e520e99,hrmos,株式会社アートブレーンカンパニー（ABC）,abc,https://hrmos.co/pages/abc/jobs,CANDIDATE,SLUG,board slug/host token equals domain company token but names differ; inspect,false,,UNSUPPORTED,MULTI_SOURCE_CANDIDATE
EMP-01300,Google Canada,abc.xyz,Canada,ats-scrapers,6b44a1badc9bfbf5cf176f75265cc5729e520e99,rippling,abc,abc,https://ats.rippling.com/abc/jobs,CANDIDATE,SLUG,board slug/host token equals domain company token but names differ; inspect,false,,UNSUPPORTED,MULTI_SOURCE_CANDIDATE
EMP-01300,Google Canada,abc.xyz,Canada,ats-scrapers,6b44a1badc9bfbf5cf176f75265cc5729e520e99,smartrecruiters,Bacalaoo AG,abc,https://careers.smartrecruiters.com/abc,CANDIDATE,SLUG,board slug/host token equals domain company token but names differ; inspect,false,,LEGACY_SUPPORTED,MULTI_SOURCE_CANDIDATE
EMP-01302,HPE,,Canada,ats-scrapers,6b44a1badc9bfbf5cf176f75265cc5729e520e99,personio,hpe,hpe,https://hpe.jobs.personio.com,CANDIDATE,NAME_EXACT,"exact normalized name match, no domain evidence; inspect",false,,UNSUPPORTED,MULTI_SOURCE_CANDIDATE
EMP-01302,HPE,,Canada,ats-scrapers,6b44a1badc9bfbf5cf176f75265cc5729e520e99,phenom,HPE,,https://careers.hpe.com,CANDIDATE,NAME_EXACT,"exact normalized name match, no domain evidence; inspect",false,,LEGACY_SUPPORTED,MULTI_SOURCE_CANDIDATE
EMP-01302,HPE,,Canada,ats-scrapers,6b44a1badc9bfbf5cf176f75265cc5729e520e99,workday,Hpe,hpe/acjobsite,https://hpe.wd5.myworkdayjobs.com/acjobsite,CANDIDATE,NAME_EXACT,"exact normalized name match, no domain evidence; inspect",false,,LEGACY_SUPPORTED,MULTI_SOURCE_CANDIDATE
EMP-01302,HPE,,Canada,ats-scrapers,6b44a1badc9bfbf5cf176f75265cc5729e520e99,workday,Hpe,hpe/jobsathpe,https://hpe.wd5.myworkdayjobs.com/jobsathpe,CANDIDATE,NAME_EXACT,"exact normalized name match, no domain evidence; inspect",false,,LEGACY_SUPPORTED,MULTI_SOURCE_CANDIDATE
EMP-01302,HPE,,Canada,ats-scrapers,6b44a1badc9bfbf5cf176f75265cc5729e520e99,workday,Hpe,hpe/wfmathpe,https://hpe.wd5.myworkdayjobs.com/wfmathpe,CANDIDATE,NAME_EXACT,"exact normalized name match, no domain evidence; inspect",false,,LEGACY_SUPPORTED,MULTI_SOURCE_CANDIDATE
EMP-01304,Infosys Public Services,infosys.com,Canada,ats-scrapers,6b44a1badc9bfbf5cf176f75265cc5729e520e99,workday,BLS,infosys/bls_careers,https://infosys.wd103.myworkdayjobs.com/BLS_Careers,CANDIDATE,SLUG,board slug/host token equals domain company token but names differ; inspect,false,,LEGACY_SUPPORTED,SINGLE_SOURCE_CANDIDATE
EMP-01310,Microsoft Canada Co.,microsoft.com,Canada,ats-scrapers,6b44a1badc9bfbf5cf176f75265cc5729e520e99,eightfold,Microsoft,microsoft,https://microsoft.eightfold.ai/careers,HIGH_CONFIDENCE,SLUG_PLUS_NAME,board slug/host token equals domain company token + compatible names,false,,DECLARATIVE_SUPPORTED,MULTI_SOURCE_CANDIDATE
EMP-01310,Microsoft Canada Co.,microsoft.com,Canada,ats-scrapers,6b44a1badc9bfbf5cf176f75265cc5729e520e99,smartrecruiters,Microsoft,microsoft,https://careers.smartrecruiters.com/microsoft,HIGH_CONFIDENCE,SLUG_PLUS_NAME,board slug/host token equals domain company token + compatible names,false,,LEGACY_SUPPORTED,MULTI_SOURCE_CANDIDATE
EMP-01310,Microsoft Canada Co.,microsoft.com,Canada,ats-scrapers,6b44a1badc9bfbf5cf176f75265cc5729e520e99,workable,Microsoft,microsoft,https://apply.workable.com/microsoft,HIGH_CONFIDENCE,SLUG_PLUS_NAME,board slug/host token equals domain company token + compatible names,false,,UNSUPPORTED,MULTI_SOURCE_CANDIDATE
EMP-01314,Oracle Corporation Canada Inc.,oracle.com,Canada,ats-scrapers,6b44a1badc9bfbf5cf176f75265cc5729e520e99,smartrecruiters,Oracle,oracle,https://careers.smartrecruiters.com/oracle,HIGH_CONFIDENCE,SLUG_PLUS_NAME,board slug/host token equals domain company token + compatible names,false,,LEGACY_SUPPORTED,SINGLE_SOURCE_CANDIDATE
EMP-01316,PricewaterhouseCoopers LLP,pwc.com,Canada,ats-scrapers,6b44a1badc9bfbf5cf176f75265cc5729e520e99,darwinbox,PwC Asia,pwc.com,https://pwc.darwinbox.com/ms/candidate/careers,CANDIDATE,SLUG,board slug/host token equals domain company token but names differ; inspect,false,,UNSUPPORTED,MULTI_SOURCE_CANDIDATE
EMP-01316,PricewaterhouseCoopers LLP,pwc.com,Canada,ats-scrapers,6b44a1badc9bfbf5cf176f75265cc5729e520e99,moka,PwC China,pwc/140014,https://app.mokahr.com/social-recruitment/pwc/140014,CANDIDATE,SLUG,board slug/host token equals domain company token but names differ; inspect,false,,UNSUPPORTED,MULTI_SOURCE_CANDIDATE
EMP-01316,PricewaterhouseCoopers LLP,pwc.com,Canada,ats-scrapers,6b44a1badc9bfbf5cf176f75265cc5729e520e99,workday,Pwc (Crm Experienced Careers Site),pwc/crm_experienced_careers_site,https://pwc.wd3.myworkdayjobs.com/crm_experienced_careers_site,CANDIDATE,SLUG,board slug/host token equals domain company token but names differ; inspect,false,,LEGACY_SUPPORTED,MULTI_SOURCE_CANDIDATE
EMP-01316,PricewaterhouseCoopers LLP,pwc.com,Canada,ats-scrapers,6b44a1badc9bfbf5cf176f75265cc5729e520e99,workday,Pwc,pwc/global_campus_careers,https://pwc.wd3.myworkdayjobs.com/global_campus_careers,CANDIDATE,SLUG,board slug/host token equals domain company token but names differ; inspect,false,,LEGACY_SUPPORTED,MULTI_SOURCE_CANDIDATE
EMP-01316,PricewaterhouseCoopers LLP,pwc.com,Canada,ats-scrapers,6b44a1badc9bfbf5cf176f75265cc5729e520e99,workday,Pwc,pwc/global_experienced_careers,https://pwc.wd3.myworkdayjobs.com/global_experienced_careers,CANDIDATE,SLUG,board slug/host token equals domain company token but names differ; inspect,false,,LEGACY_SUPPORTED,MULTI_SOURCE_CANDIDATE
EMP-01316,PricewaterhouseCoopers LLP,pwc.com,Canada,ats-scrapers,6b44a1badc9bfbf5cf176f75265cc5729e520e99,workday,Pwc (Nonpublic Postings),pwc/nonpublic_postings,https://pwc.wd3.myworkdayjobs.com/nonpublic_postings,CANDIDATE,SLUG,board slug/host token equals domain company token but names differ; inspect,false,,LEGACY_SUPPORTED,MULTI_SOURCE_CANDIDATE
EMP-01316,PricewaterhouseCoopers LLP,pwc.com,Canada,ats-scrapers,6b44a1badc9bfbf5cf176f75265cc5729e520e99,workday,Pwc,pwc/us_experienced_careers,https://pwc.wd3.myworkdayjobs.com/us_experienced_careers,CANDIDATE,SLUG,board slug/host token equals domain company token but names differ; inspect,false,,LEGACY_SUPPORTED,MULTI_SOURCE_CANDIDATE
EMP-01317,RBC,,Canada,ats-scrapers,6b44a1badc9bfbf5cf176f75265cc5729e520e99,workday,Rbc,rbc/rbcearlytalent1,https://rbc.wd3.myworkdayjobs.com/rbcearlytalent1,CANDIDATE,NAME_EXACT,"exact normalized name match, no domain evidence; inspect",false,,LEGACY_SUPPORTED,MULTI_SOURCE_CANDIDATE
EMP-01317,RBC,,Canada,ats-scrapers,6b44a1badc9bfbf5cf176f75265cc5729e520e99,workday,Rbc,rbc/rbcglobal1,https://rbc.wd3.myworkdayjobs.com/rbcglobal1,CANDIDATE,NAME_EXACT,"exact normalized name match, no domain evidence; inspect",false,,LEGACY_SUPPORTED,MULTI_SOURCE_CANDIDATE
EMP-01322,Scotiabank Group,scotiabank.com,Canada,ats-scrapers,6b44a1badc9bfbf5cf176f75265cc5729e520e99,successfactors,The Bank of Nova Scotia P,jobs,https://jobs.scotiabank.com,HIGH_CONFIDENCE,URL_EXACT,internal resolved portal URL equals external board URL,false,,LEGACY_SUPPORTED,SINGLE_SOURCE_CANDIDATE
EMP-01326,Solace Inc.,,Canada,ats-scrapers,6b44a1badc9bfbf5cf176f75265cc5729e520e99,ashby,Solace,solace,https://jobs.ashbyhq.com/solace,CANDIDATE,NAME_EXACT,"exact normalized name match, no domain evidence; inspect",false,,LEGACY_SUPPORTED,MULTI_SOURCE_CANDIDATE
EMP-01326,Solace Inc.,,Canada,ats-scrapers,6b44a1badc9bfbf5cf176f75265cc5729e520e99,bamboohr,Solace,solace,https://solace.bamboohr.com/careers,CANDIDATE,NAME_EXACT,"exact normalized name match, no domain evidence; inspect",false,,UNSUPPORTED,MULTI_SOURCE_CANDIDATE
EMP-01327,SOTI Inc.,,Canada,ats-scrapers,6b44a1badc9bfbf5cf176f75265cc5729e520e99,workday,SOTI,soti/careers,https://soti.wd3.myworkdayjobs.com/careers,CANDIDATE,NAME_EXACT,"exact normalized name match, no domain evidence; inspect",false,,LEGACY_SUPPORTED,SINGLE_SOURCE_CANDIDATE
EMP-01328,TELUS,telus.com,Canada,ats-scrapers,6b44a1badc9bfbf5cf176f75265cc5729e520e99,successfactors,TELUS,TelusP,https://career17.sapsf.com/career?company=TelusP,CANDIDATE,NAME_EXACT,"exact normalized name match, no domain evidence; inspect",false,,LEGACY_SUPPORTED,SINGLE_SOURCE_CANDIDATE
EMP-01330,Wipro Technologies,wipro.com,Canada,ats-scrapers,6b44a1badc9bfbf5cf176f75265cc5729e520e99,workable,Wipro Technologies,applied-value-tech,https://apply.workable.com/applied-value-tech,CANDIDATE,NAME_EXACT,"exact normalized name match, no domain evidence; inspect",false,,UNSUPPORTED,SINGLE_SOURCE_CANDIDATE
EMP-01332,Cisco Systems Canada,cisco.com,Canada,ats-scrapers,6b44a1badc9bfbf5cf176f75265cc5729e520e99,workday,Cisco,cisco/cisco_careers,https://cisco.wd5.myworkdayjobs.com/cisco_careers,HIGH_CONFIDENCE,SLUG_PLUS_NAME,board slug/host token equals domain company token + compatible names,false,,LEGACY_SUPPORTED,SINGLE_SOURCE_CANDIDATE
EMP-01334,Bell Canada,,Canada,ats-scrapers,6b44a1badc9bfbf5cf176f75265cc5729e520e99,phenom,Bell Canada,,https://jobs.bell.ca,CANDIDATE,NAME_EXACT,"exact normalized name match, no domain evidence; inspect",false,,LEGACY_SUPPORTED,SINGLE_SOURCE_CANDIDATE
EMP-01335,Ericsson Canada Inc.,ericsson.com,Canada,ats-scrapers,6b44a1badc9bfbf5cf176f75265cc5729e520e99,eightfold,Ericsson,ericsson,https://ericsson.eightfold.ai/careers,HIGH_CONFIDENCE,SLUG_PLUS_NAME,board slug/host token equals domain company token + compatible names,false,,DECLARATIVE_SUPPORTED,MULTI_SOURCE_CANDIDATE
EMP-01335,Ericsson Canada Inc.,ericsson.com,Canada,ats-scrapers,6b44a1badc9bfbf5cf176f75265cc5729e520e99,smartrecruiters,Ericsson,ericsson,https://careers.smartrecruiters.com/ericsson,HIGH_CONFIDENCE,SLUG_PLUS_NAME,board slug/host token equals domain company token + compatible names,false,,LEGACY_SUPPORTED,MULTI_SOURCE_CANDIDATE
EMP-01335,Ericsson Canada Inc.,ericsson.com,Canada,ats-scrapers,6b44a1badc9bfbf5cf176f75265cc5729e520e99,successfactors,Ericsson,Ericsson,https://career2.successfactors.eu/career?company=Ericsson,HIGH_CONFIDENCE,SLUG_PLUS_NAME,board slug/host token equals domain company token + compatible names,false,,LEGACY_SUPPORTED,MULTI_SOURCE_CANDIDATE
EMP-01336,Rogers Communications Inc.,rogers.com,Canada,ats-scrapers,6b44a1badc9bfbf5cf176f75265cc5729e520e99,successfactors,Carrières chez Rogers,jobs,https://jobs.rogers.com,HIGH_CONFIDENCE,URL_EXACT,internal resolved portal URL equals external board URL,false,,LEGACY_SUPPORTED,SINGLE_SOURCE_CANDIDATE
EMP-01343,Alliance Corporation,,Canada,ats-scrapers,6b44a1badc9bfbf5cf176f75265cc5729e520e99,bamboohr,Alliance,alliance,https://alliance.bamboohr.com/careers,CANDIDATE,NAME_EXACT,"exact normalized name match, no domain evidence; inspect",false,,UNSUPPORTED,MULTI_SOURCE_CANDIDATE
EMP-01343,Alliance Corporation,,Canada,ats-scrapers,6b44a1badc9bfbf5cf176f75265cc5729e520e99,greenhouse,Alliance,alliance,https://job-boards.greenhouse.io/alliance,CANDIDATE,NAME_EXACT,"exact normalized name match, no domain evidence; inspect",false,,LEGACY_SUPPORTED,MULTI_SOURCE_CANDIDATE
EMP-01343,Alliance Corporation,,Canada,ats-scrapers,6b44a1badc9bfbf5cf176f75265cc5729e520e99,jazzhr,alliance,alliance,https://alliance.applytojob.com,CANDIDATE,NAME_EXACT,"exact normalized name match, no domain evidence; inspect",false,,UNSUPPORTED,MULTI_SOURCE_CANDIDATE
EMP-01343,Alliance Corporation,,Canada,ats-scrapers,6b44a1badc9bfbf5cf176f75265cc5729e520e99,lever,Alliance,alliance,https://jobs.lever.co/alliance,CANDIDATE,NAME_EXACT,"exact normalized name match, no domain evidence; inspect",false,,LEGACY_SUPPORTED,MULTI_SOURCE_CANDIDATE
EMP-01343,Alliance Corporation,,Canada,ats-scrapers,6b44a1badc9bfbf5cf176f75265cc5729e520e99,smartrecruiters,Alliance,alliance,https://careers.smartrecruiters.com/alliance,CANDIDATE,NAME_EXACT,"exact normalized name match, no domain evidence; inspect",false,,LEGACY_SUPPORTED,MULTI_SOURCE_CANDIDATE
EMP-01343,Alliance Corporation,,Canada,ats-scrapers,6b44a1badc9bfbf5cf176f75265cc5729e520e99,workday,Alliance,laalliance/alliance_careers,https://laalliance.wd5.myworkdayjobs.com/alliance_careers,CANDIDATE,NAME_EXACT,"exact normalized name match, no domain evidence; inspect",false,,LEGACY_SUPPORTED,MULTI_SOURCE_CANDIDATE
EMP-01350,Bandwidth,,Canada,ats-scrapers,6b44a1badc9bfbf5cf176f75265cc5729e520e99,greenhouse,Bandwidth,bandwidth,https://job-boards.greenhouse.io/bandwidth,CANDIDATE,NAME_EXACT,"exact normalized name match, no domain evidence; inspect",false,,LEGACY_SUPPORTED,SINGLE_SOURCE_CANDIDATE
EMP-01356,Cogeco,,Canada,ats-scrapers,6b44a1badc9bfbf5cf176f75265cc5729e520e99,workday,Cogeco,cogeco/cogeco_careers,https://cogeco.wd3.myworkdayjobs.com/cogeco_careers,CANDIDATE,NAME_EXACT,"exact normalized name match, no domain evidence; inspect",false,,LEGACY_SUPPORTED,SINGLE_SOURCE_CANDIDATE
EMP-01368,Excel-Group,,Canada,ats-scrapers,6b44a1badc9bfbf5cf176f75265cc5729e520e99,bamboohr,excelgroup,excelgroup,https://excelgroup.bamboohr.com/careers,CANDIDATE,NAME_EXACT,"exact normalized name match, no domain evidence; inspect",false,,UNSUPPORTED,SINGLE_SOURCE_CANDIDATE
EMP-01399,Nokia Canada,nokia.com,Canada,ats-scrapers,6b44a1badc9bfbf5cf176f75265cc5729e520e99,smartrecruiters,nokia,nokia,https://careers.smartrecruiters.com/nokia,HIGH_CONFIDENCE,SLUG_PLUS_NAME,board slug/host token equals domain company token + compatible names,false,,LEGACY_SUPPORTED,SINGLE_SOURCE_CANDIDATE
EMP-01420,Solutions by Text,,Canada,ats-scrapers,6b44a1badc9bfbf5cf176f75265cc5729e520e99,greenhouse,solutionsbytext,solutionsbytext,https://job-boards.greenhouse.io/solutionsbytext,CANDIDATE,NAME_EXACT,"exact normalized name match, no domain evidence; inspect",false,,LEGACY_SUPPORTED,SINGLE_SOURCE_CANDIDATE
EMP-01447,Videotron,,Canada,ats-scrapers,6b44a1badc9bfbf5cf176f75265cc5729e520e99,smartrecruiters,Videotron,Videotron,https://careers.smartrecruiters.com/Videotron,CANDIDATE,NAME_EXACT,"exact normalized name match, no domain evidence; inspect",false,,LEGACY_SUPPORTED,SINGLE_SOURCE_CANDIDATE
EMP-01456,Airbus,airbus.com,Canada | EU / Europe | Multi-region | UK / Ireland | Spain,ats-scrapers,6b44a1badc9bfbf5cf176f75265cc5729e520e99,bamboohr,airbus,airbus,https://airbus.bamboohr.com/careers,HIGH_CONFIDENCE,SLUG_PLUS_NAME,board slug/host token equals domain company token + compatible names,false,,UNSUPPORTED,SINGLE_SOURCE_CANDIDATE
EMP-01459,Ingram Micro,,Canada | Italy,ats-scrapers,6b44a1badc9bfbf5cf176f75265cc5729e520e99,workday,Ingrammicro,ingrammicro/ingrammicro,https://ingrammicro.wd5.myworkdayjobs.com/ingrammicro,CANDIDATE,NAME_EXACT,"exact normalized name match, no domain evidence; inspect",false,,LEGACY_SUPPORTED,SINGLE_SOURCE_CANDIDATE
EMP-01461,ABB,global.abb,Canada | Multi-region,ats-scrapers,6b44a1badc9bfbf5cf176f75265cc5729e520e99,breezy,global,global,https://global.breezy.hr,CANDIDATE,SLUG,board slug/host token equals domain company token but names differ; inspect,false,,UNSUPPORTED,MULTI_SOURCE_CANDIDATE
EMP-01461,ABB,global.abb,Canada | Multi-region,ats-scrapers,6b44a1badc9bfbf5cf176f75265cc5729e520e99,workday,Global Partners,global/globalpartnerscareers,https://global.wd1.myworkdayjobs.com/globalpartnerscareers,CANDIDATE,SLUG,board slug/host token equals domain company token but names differ; inspect,false,,LEGACY_SUPPORTED,MULTI_SOURCE_CANDIDATE
EMP-01462,MongoDB,mongodb.com,Canada | Multi-region,ats-scrapers,6b44a1badc9bfbf5cf176f75265cc5729e520e99,greenhouse,mongodb,mongodb,https://job-boards.greenhouse.io/mongodb,HIGH_CONFIDENCE,SLUG_PLUS_NAME,board slug/host token equals domain company token + compatible names,false,,LEGACY_SUPPORTED,SINGLE_SOURCE_CANDIDATE
EMP-01463,Tata Consultancy Services (Canada),tcs.com,Canada | Multi-region,ats-scrapers,6b44a1badc9bfbf5cf176f75265cc5729e520e99,greenhouse,tcs,tcs,https://job-boards.greenhouse.io/tcs,CANDIDATE,SLUG,board slug/host token equals domain company token but names differ; inspect,false,,LEGACY_SUPPORTED,SINGLE_SOURCE_CANDIDATE
EMP-01464,DXC Technology,dxc.com,Canada | Multi-region | Netherlands,ats-scrapers,6b44a1badc9bfbf5cf176f75265cc5729e520e99,workday,Dxctechnology,dxctechnology/dxcjobs,https://dxctechnology.wd1.myworkdayjobs.com/dxcjobs,CANDIDATE,NAME_EXACT,"exact normalized name match, no domain evidence; inspect",false,,LEGACY_SUPPORTED,SINGLE_SOURCE_CANDIDATE
EMP-01465,ServiceNow,servicenow.com,Canada | Multi-region | USA,ats-scrapers,6b44a1badc9bfbf5cf176f75265cc5729e520e99,smartrecruiters,ServiceNow,servicenow,https://careers.smartrecruiters.com/servicenow,HIGH_CONFIDENCE,SLUG_PLUS_NAME,board slug/host token equals domain company token + compatible names,false,,LEGACY_SUPPORTED,SINGLE_SOURCE_CANDIDATE
EMP-01466,GE Healthcare,gehealthcare.com,Canada | Multi-region | USA,ats-scrapers,6b44a1badc9bfbf5cf176f75265cc5729e520e99,moka,GE HealthCare,gehc/142249,https://app.mokahr.com/social-recruitment/gehc/142249,CANDIDATE,NAME_EXACT,"exact normalized name match, no domain evidence; inspect",false,,UNSUPPORTED,MULTI_SOURCE_CANDIDATE
EMP-01466,GE Healthcare,gehealthcare.com,Canada | Multi-region | USA,ats-scrapers,6b44a1badc9bfbf5cf176f75265cc5729e520e99,phenom,GE HealthCare,,https://careers.gehealthcare.com,CANDIDATE,NAME_EXACT,"exact normalized name match, no domain evidence; inspect",false,,LEGACY_SUPPORTED,MULTI_SOURCE_CANDIDATE
EMP-01474,Dell Technologies,dell.com,Canada | USA,ats-scrapers,6b44a1badc9bfbf5cf176f75265cc5729e520e99,join_com,Dell Technologies,dell,https://join.com/companies/dell,HIGH_CONFIDENCE,SLUG_PLUS_NAME,board slug/host token equals domain company token + compatible names,false,,UNSUPPORTED,MULTI_SOURCE_CANDIDATE
EMP-01474,Dell Technologies,dell.com,Canada | USA,ats-scrapers,6b44a1badc9bfbf5cf176f75265cc5729e520e99,workday,Dell,dell/external,https://dell.wd1.myworkdayjobs.com/external,HIGH_CONFIDENCE,SLUG_PLUS_NAME,board slug/host token equals domain company token + compatible names,false,,LEGACY_SUPPORTED,MULTI_SOURCE_CANDIDATE
EMP-01476,Carnegie Robotics LLC,,Canada | USA,ats-scrapers,6b44a1badc9bfbf5cf176f75265cc5729e520e99,breezy,Carnegie Robotics,carnegie-robotics,https://carnegie-robotics.breezy.hr,CANDIDATE,NAME_EXACT,"exact normalized name match, no domain evidence; inspect",false,,UNSUPPORTED,SINGLE_SOURCE_CANDIDATE
EMP-01479,Ciena Corporation,,Canada | USA,ats-scrapers,6b44a1badc9bfbf5cf176f75265cc5729e520e99,workday,Ciena,ciena/careers,https://ciena.wd5.myworkdayjobs.com/careers,CANDIDATE,NAME_EXACT,"exact normalized name match, no domain evidence; inspect",false,,LEGACY_SUPPORTED,SINGLE_SOURCE_CANDIDATE
EMP-01480,BlackBerry,,Canada | USA,ats-scrapers,6b44a1badc9bfbf5cf176f75265cc5729e520e99,workday,BlackBerry,bb/blackberry,https://bb.wd3.myworkdayjobs.com/blackberry,CANDIDATE,NAME_EXACT,"exact normalized name match, no domain evidence; inspect",false,,LEGACY_SUPPORTED,SINGLE_SOURCE_CANDIDATE
EMP-01481,Advanced Micro Devices,amd.com,Canada | USA | Italy | Singapore,ats-scrapers,6b44a1badc9bfbf5cf176f75265cc5729e520e99,bamboohr,amd,amd,https://amd.bamboohr.com/careers,CANDIDATE,SLUG,board slug/host token equals domain company token but names differ; inspect,false,,UNSUPPORTED,MULTI_SOURCE_CANDIDATE
EMP-01481,Advanced Micro Devices,amd.com,Canada | USA | Italy | Singapore,ats-scrapers,6b44a1badc9bfbf5cf176f75265cc5729e520e99,icims,amd,amd,https://careers-amd.icims.com,CANDIDATE,SLUG,board slug/host token equals domain company token but names differ; inspect,false,,UNSUPPORTED,MULTI_SOURCE_CANDIDATE
EMP-01481,Advanced Micro Devices,amd.com,Canada | USA | Italy | Singapore,ats-scrapers,6b44a1badc9bfbf5cf176f75265cc5729e520e99,successfactors,AMD,AMD,https://performancemanager4.successfactors.com/career?company=AMD,CANDIDATE,SLUG,board slug/host token equals domain company token but names differ; inspect,false,,LEGACY_SUPPORTED,MULTI_SOURCE_CANDIDATE
EMP-01482,Amazon Web Services (AWS),amazon.com,Canada | USA | Singapore,ats-scrapers,6b44a1badc9bfbf5cf176f75265cc5729e520e99,breezy,Amazon,amazon,https://amazon.breezy.hr,HIGH_CONFIDENCE,SLUG_PLUS_NAME,board slug/host token equals domain company token + compatible names,false,,UNSUPPORTED,MULTI_SOURCE_CANDIDATE
EMP-01482,Amazon Web Services (AWS),amazon.com,Canada | USA | Singapore,ats-scrapers,6b44a1badc9bfbf5cf176f75265cc5729e520e99,personio,amazon,amazon,https://amazon.jobs.personio.com,HIGH_CONFIDENCE,SLUG_PLUS_NAME,board slug/host token equals domain company token + compatible names,false,,UNSUPPORTED,MULTI_SOURCE_CANDIDATE
EMP-01482,Amazon Web Services (AWS),amazon.com,Canada | USA | Singapore,ats-scrapers,6b44a1badc9bfbf5cf176f75265cc5729e520e99,smartrecruiters,Amazon,amazon,https://careers.smartrecruiters.com/amazon,HIGH_CONFIDENCE,SLUG_PLUS_NAME,board slug/host token equals domain company token + compatible names,false,,LEGACY_SUPPORTED,MULTI_SOURCE_CANDIDATE
EMP-01482,Amazon Web Services (AWS),amazon.com,Canada | USA | Singapore,ats-scrapers,6b44a1badc9bfbf5cf176f75265cc5729e520e99,workable,Amazon,amazon,https://apply.workable.com/amazon,HIGH_CONFIDENCE,SLUG_PLUS_NAME,board slug/host token equals domain company token + compatible names,false,,UNSUPPORTED,MULTI_SOURCE_CANDIDATE
EMP-01490,Cisco Systems Hrvatska d.o.o.,cisco.com,Croatia,ats-scrapers,6b44a1badc9bfbf5cf176f75265cc5729e520e99,workday,Cisco,cisco/cisco_careers,https://cisco.wd5.myworkdayjobs.com/cisco_careers,HIGH_CONFIDENCE,SLUG_PLUS_NAME,board slug/host token equals domain company token + compatible names,false,,LEGACY_SUPPORTED,SINGLE_SOURCE_CANDIDATE
EMP-01501,Ericsson Nikola Tesla d.d.,tesla.com,Croatia,ats-scrapers,6b44a1badc9bfbf5cf176f75265cc5729e520e99,moka,Tesla China Campus,tesla/41460/campus,https://app.mokahr.com/campus-recruitment/tesla/41460,CANDIDATE,SLUG,board slug/host token equals domain company token but names differ; inspect,false,,UNSUPPORTED,MULTI_SOURCE_CANDIDATE
EMP-01501,Ericsson Nikola Tesla d.d.,tesla.com,Croatia,ats-scrapers,6b44a1badc9bfbf5cf176f75265cc5729e520e99,moka,Tesla China,tesla/46129,https://app.mokahr.com/social-recruitment/tesla/46129,CANDIDATE,SLUG,board slug/host token equals domain company token but names differ; inspect,false,,UNSUPPORTED,MULTI_SOURCE_CANDIDATE
EMP-01502,Eviden Global Delivery Center d.o.o.,atos.net,Croatia,ats-scrapers,6b44a1badc9bfbf5cf176f75265cc5729e520e99,successfactors,Atos,jobs,https://jobs.atos.net,HIGH_CONFIDENCE,URL_EXACT,internal resolved portal URL equals external board URL,false,,LEGACY_SUPPORTED,SINGLE_SOURCE_CANDIDATE
EMP-01514,Microsoft Hrvatska d.o.o.,microsoft.com,Croatia,ats-scrapers,6b44a1badc9bfbf5cf176f75265cc5729e520e99,eightfold,Microsoft,microsoft,https://microsoft.eightfold.ai/careers,HIGH_CONFIDENCE,SLUG_PLUS_NAME,board slug/host token equals domain company token + compatible names,false,,DECLARATIVE_SUPPORTED,MULTI_SOURCE_CANDIDATE
EMP-01514,Microsoft Hrvatska d.o.o.,microsoft.com,Croatia,ats-scrapers,6b44a1badc9bfbf5cf176f75265cc5729e520e99,smartrecruiters,Microsoft,microsoft,https://careers.smartrecruiters.com/microsoft,HIGH_CONFIDENCE,SLUG_PLUS_NAME,board slug/host token equals domain company token + compatible names,false,,LEGACY_SUPPORTED,MULTI_SOURCE_CANDIDATE
EMP-01514,Microsoft Hrvatska d.o.o.,microsoft.com,Croatia,ats-scrapers,6b44a1badc9bfbf5cf176f75265cc5729e520e99,workable,Microsoft,microsoft,https://apply.workable.com/microsoft,HIGH_CONFIDENCE,SLUG_PLUS_NAME,board slug/host token equals domain company token + compatible names,false,,UNSUPPORTED,MULTI_SOURCE_CANDIDATE
EMP-01518,Oracle Hrvatska d.o.o.,oracle.com,Croatia,ats-scrapers,6b44a1badc9bfbf5cf176f75265cc5729e520e99,smartrecruiters,Oracle,oracle,https://careers.smartrecruiters.com/oracle,HIGH_CONFIDENCE,SLUG_PLUS_NAME,board slug/host token equals domain company token + compatible names,false,,LEGACY_SUPPORTED,SINGLE_SOURCE_CANDIDATE
EMP-01530,CYMA,,Cyprus,ats-scrapers,6b44a1badc9bfbf5cf176f75265cc5729e520e99,bamboohr,cyma,cyma,https://cyma.bamboohr.com/careers,CANDIDATE,NAME_EXACT,"exact normalized name match, no domain evidence; inspect",false,,UNSUPPORTED,SINGLE_SOURCE_CANDIDATE
EMP-01550,Deloitte Cyprus,deloitte.com,Cyprus,ats-scrapers,6b44a1badc9bfbf5cf176f75265cc5729e520e99,eightfold,Deloitte,deloitte,https://deloitte.eightfold.ai/careers,HIGH_CONFIDENCE,SLUG_PLUS_NAME,board slug/host token equals domain company token + compatible names,false,,DECLARATIVE_SUPPORTED,SINGLE_SOURCE_CANDIDATE
EMP-01556,PwC Cyprus,pwc.com,Cyprus,ats-scrapers,6b44a1badc9bfbf5cf176f75265cc5729e520e99,darwinbox,PwC Asia,pwc.com,https://pwc.darwinbox.com/ms/candidate/careers,CANDIDATE,SLUG,board slug/host token equals domain company token but names differ; inspect,false,,UNSUPPORTED,MULTI_SOURCE_CANDIDATE
EMP-01556,PwC Cyprus,pwc.com,Cyprus,ats-scrapers,6b44a1badc9bfbf5cf176f75265cc5729e520e99,moka,PwC China,pwc/140014,https://app.mokahr.com/social-recruitment/pwc/140014,CANDIDATE,SLUG,board slug/host token equals domain company token but names differ; inspect,false,,UNSUPPORTED,MULTI_SOURCE_CANDIDATE
EMP-01556,PwC Cyprus,pwc.com,Cyprus,ats-scrapers,6b44a1badc9bfbf5cf176f75265cc5729e520e99,workday,Pwc (Crm Experienced Careers Site),pwc/crm_experienced_careers_site,https://pwc.wd3.myworkdayjobs.com/crm_experienced_careers_site,CANDIDATE,SLUG,board slug/host token equals domain company token but names differ; inspect,false,,LEGACY_SUPPORTED,MULTI_SOURCE_CANDIDATE
EMP-01556,PwC Cyprus,pwc.com,Cyprus,ats-scrapers,6b44a1badc9bfbf5cf176f75265cc5729e520e99,workday,Pwc,pwc/global_campus_careers,https://pwc.wd3.myworkdayjobs.com/global_campus_careers,CANDIDATE,SLUG,board slug/host token equals domain company token but names differ; inspect,false,,LEGACY_SUPPORTED,MULTI_SOURCE_CANDIDATE
EMP-01556,PwC Cyprus,pwc.com,Cyprus,ats-scrapers,6b44a1badc9bfbf5cf176f75265cc5729e520e99,workday,Pwc,pwc/global_experienced_careers,https://pwc.wd3.myworkdayjobs.com/global_experienced_careers,CANDIDATE,SLUG,board slug/host token equals domain company token but names differ; inspect,false,,LEGACY_SUPPORTED,MULTI_SOURCE_CANDIDATE
EMP-01556,PwC Cyprus,pwc.com,Cyprus,ats-scrapers,6b44a1badc9bfbf5cf176f75265cc5729e520e99,workday,Pwc (Nonpublic Postings),pwc/nonpublic_postings,https://pwc.wd3.myworkdayjobs.com/nonpublic_postings,CANDIDATE,SLUG,board slug/host token equals domain company token but names differ; inspect,false,,LEGACY_SUPPORTED,MULTI_SOURCE_CANDIDATE
EMP-01556,PwC Cyprus,pwc.com,Cyprus,ats-scrapers,6b44a1badc9bfbf5cf176f75265cc5729e520e99,workday,Pwc,pwc/us_experienced_careers,https://pwc.wd3.myworkdayjobs.com/us_experienced_careers,CANDIDATE,SLUG,board slug/host token equals domain company token but names differ; inspect,false,,LEGACY_SUPPORTED,MULTI_SOURCE_CANDIDATE
EMP-01596,KPMG Cyprus,kpmg.com,Cyprus,ats-scrapers,6b44a1badc9bfbf5cf176f75265cc5729e520e99,lever,KPMG LLP,kpmg,https://jobs.lever.co/kpmg,CANDIDATE,SLUG,board slug/host token equals domain company token but names differ; inspect,false,,LEGACY_SUPPORTED,MULTI_SOURCE_CANDIDATE
EMP-01596,KPMG Cyprus,kpmg.com,Cyprus,ats-scrapers,6b44a1badc9bfbf5cf176f75265cc5729e520e99,moka,KPMG,kpmg/74216,https://app.mokahr.com/social-recruitment/kpmg/74216,HIGH_CONFIDENCE,SLUG_PLUS_NAME,board slug/host token equals domain company token + compatible names,false,,UNSUPPORTED,MULTI_SOURCE_CANDIDATE
EMP-01596,KPMG Cyprus,kpmg.com,Cyprus,ats-scrapers,6b44a1badc9bfbf5cf176f75265cc5729e520e99,successfactors,Kpmg,KPMGHITPRD,https://careers.kpmg.it,HIGH_CONFIDENCE,URL_EXACT,internal resolved portal URL equals external board URL,false,,LEGACY_SUPPORTED,MULTI_SOURCE_CANDIDATE
EMP-01657,BAE SYSTEMS (INTERNATIONAL) LTD - organizační složka,baesystems.com,Czech Republic,ats-scrapers,6b44a1badc9bfbf5cf176f75265cc5729e520e99,bamboohr,baesystems,baesystems,https://baesystems.bamboohr.com/careers,HIGH_CONFIDENCE,SLUG_PLUS_NAME,board slug/host token equals domain company token + compatible names,false,,UNSUPPORTED,SINGLE_SOURCE_CANDIDATE
EMP-01751,"TESLA, akciová společnost",tesla.com,Czech Republic,ats-scrapers,6b44a1badc9bfbf5cf176f75265cc5729e520e99,moka,Tesla China Campus,tesla/41460/campus,https://app.mokahr.com/campus-recruitment/tesla/41460,CANDIDATE,SLUG,board slug/host token equals domain company token but names differ; inspect,false,,UNSUPPORTED,MULTI_SOURCE_CANDIDATE
EMP-01751,"TESLA, akciová společnost",tesla.com,Czech Republic,ats-scrapers,6b44a1badc9bfbf5cf176f75265cc5729e520e99,moka,Tesla China,tesla/46129,https://app.mokahr.com/social-recruitment/tesla/46129,CANDIDATE,SLUG,board slug/host token equals domain company token but names differ; inspect,false,,UNSUPPORTED,MULTI_SOURCE_CANDIDATE
EMP-01775,Honeywell International s.r.o.,honeywell.com,Czech Republic | USA,ats-scrapers,6b44a1badc9bfbf5cf176f75265cc5729e520e99,oracle,Honeywell,ibqbjb,https://ibqbjb.fa.ocs.oraclecloud.com/hcmUI/CandidateExperience/en/sites/CX_1,HIGH_CONFIDENCE,URL_EXACT,internal resolved portal URL equals external board URL,false,,LEGACY_SUPPORTED,MULTI_SOURCE_CANDIDATE
EMP-01775,Honeywell International s.r.o.,honeywell.com,Czech Republic | USA,ats-scrapers,6b44a1badc9bfbf5cf176f75265cc5729e520e99,smartrecruiters,Honeywell,honeywell,https://careers.smartrecruiters.com/honeywell,HIGH_CONFIDENCE,SLUG_PLUS_NAME,board slug/host token equals domain company token + compatible names,false,,LEGACY_SUPPORTED,MULTI_SOURCE_CANDIDATE
EMP-01776,Bankdata,,Denmark,ats-scrapers,6b44a1badc9bfbf5cf176f75265cc5729e520e99,teamtailor,Bankdata,bankdata,https://bankdata.teamtailor.com,CANDIDATE,NAME_EXACT,"exact normalized name match, no domain evidence; inspect",false,,UNSUPPORTED,SINGLE_SOURCE_CANDIDATE
EMP-01790,Mastercard Payment Services Denmark,mastercard.com,Denmark,ats-scrapers,6b44a1badc9bfbf5cf176f75265cc5729e520e99,smartrecruiters,MasterCard,mastercard,https://careers.smartrecruiters.com/mastercard,HIGH_CONFIDENCE,SLUG_PLUS_NAME,board slug/host token equals domain company token + compatible names,false,,LEGACY_SUPPORTED,MULTI_SOURCE_CANDIDATE
EMP-01790,Mastercard Payment Services Denmark,mastercard.com,Denmark,ats-scrapers,6b44a1badc9bfbf5cf176f75265cc5729e520e99,workday,Mastercard (Campus),mastercard/Campus,https://mastercard.wd1.myworkdayjobs.com/Campus,CANDIDATE,SLUG,board slug/host token equals domain company token but names differ; inspect,false,,LEGACY_SUPPORTED,MULTI_SOURCE_CANDIDATE
EMP-01790,Mastercard Payment Services Denmark,mastercard.com,Denmark,ats-scrapers,6b44a1badc9bfbf5cf176f75265cc5729e520e99,workday,Mastercard,mastercard/corporatecareers,https://mastercard.wd1.myworkdayjobs.com/corporatecareers,HIGH_CONFIDENCE,SLUG_PLUS_NAME,board slug/host token equals domain company token + compatible names,false,,LEGACY_SUPPORTED,MULTI_SOURCE_CANDIDATE
EMP-01797,Santander Consumer Bank Denmark,santander.com,Denmark,ats-scrapers,6b44a1badc9bfbf5cf176f75265cc5729e520e99,workday,Santander,santander/santandercareers,https://santander.wd3.myworkdayjobs.com/santandercareers,HIGH_CONFIDENCE,SLUG_PLUS_NAME,board slug/host token equals domain company token + compatible names,false,,LEGACY_SUPPORTED,SINGLE_SOURCE_CANDIDATE
EMP-01805,Accenture Denmark,accenture.com,Denmark,ats-scrapers,6b44a1badc9bfbf5cf176f75265cc5729e520e99,bamboohr,accenture,accenture,https://accenture.bamboohr.com/careers,HIGH_CONFIDENCE,SLUG_PLUS_NAME,board slug/host token equals domain company token + compatible names,false,,UNSUPPORTED,MULTI_SOURCE_CANDIDATE
EMP-01805,Accenture Denmark,accenture.com,Denmark,ats-scrapers,6b44a1badc9bfbf5cf176f75265cc5729e520e99,breezy,Accenture,accenture,https://accenture.breezy.hr,HIGH_CONFIDENCE,SLUG_PLUS_NAME,board slug/host token equals domain company token + compatible names,false,,UNSUPPORTED,MULTI_SOURCE_CANDIDATE
EMP-01805,Accenture Denmark,accenture.com,Denmark,ats-scrapers,6b44a1badc9bfbf5cf176f75265cc5729e520e99,join_com,Accenture,accenture,https://join.com/companies/accenture,HIGH_CONFIDENCE,SLUG_PLUS_NAME,board slug/host token equals domain company token + compatible names,false,,UNSUPPORTED,MULTI_SOURCE_CANDIDATE
EMP-01805,Accenture Denmark,accenture.com,Denmark,ats-scrapers,6b44a1badc9bfbf5cf176f75265cc5729e520e99,pinpoint,Accenture,accenture,https://accenture.pinpointhq.com,HIGH_CONFIDENCE,SLUG_PLUS_NAME,board slug/host token equals domain company token + compatible names,false,,UNSUPPORTED,MULTI_SOURCE_CANDIDATE
EMP-01805,Accenture Denmark,accenture.com,Denmark,ats-scrapers,6b44a1badc9bfbf5cf176f75265cc5729e520e99,smartrecruiters,accenture,accenture,https://careers.smartrecruiters.com/accenture,HIGH_CONFIDENCE,SLUG_PLUS_NAME,board slug/host token equals domain company token + compatible names,false,,LEGACY_SUPPORTED,MULTI_SOURCE_CANDIDATE
EMP-01805,Accenture Denmark,accenture.com,Denmark,ats-scrapers,6b44a1badc9bfbf5cf176f75265cc5729e520e99,workable,Accenture,accenture,https://apply.workable.com/accenture,HIGH_CONFIDENCE,SLUG_PLUS_NAME,board slug/host token equals domain company token + compatible names,false,,UNSUPPORTED,MULTI_SOURCE_CANDIDATE
EMP-01805,Accenture Denmark,accenture.com,Denmark,ats-scrapers,6b44a1badc9bfbf5cf176f75265cc5729e520e99,workday,Accenture (AvanadeLeadershipCareers),accenture/AvanadeLeadershipCareers,https://accenture.wd103.myworkdayjobs.com/AvanadeLeadershipCareers,CANDIDATE,SLUG,board slug/host token equals domain company token but names differ; inspect,false,,LEGACY_SUPPORTED,MULTI_SOURCE_CANDIDATE
EMP-01805,Accenture Denmark,accenture.com,Denmark,ats-scrapers,6b44a1badc9bfbf5cf176f75265cc5729e520e99,workday,Accenture,accenture/accenturecareers,https://accenture.wd103.myworkdayjobs.com/accenturecareers,HIGH_CONFIDENCE,SLUG_PLUS_NAME,board slug/host token equals domain company token + compatible names,false,,LEGACY_SUPPORTED,MULTI_SOURCE_CANDIDATE
EMP-01805,Accenture Denmark,accenture.com,Denmark,ats-scrapers,6b44a1badc9bfbf5cf176f75265cc5729e520e99,workday,Avanade,accenture/avanadecareers,https://accenture.wd103.myworkdayjobs.com/avanadecareers,CANDIDATE,SLUG,board slug/host token equals domain company token but names differ; inspect,false,,LEGACY_SUPPORTED,MULTI_SOURCE_CANDIDATE
EMP-01806,Acre Security,,Denmark,ats-scrapers,6b44a1badc9bfbf5cf176f75265cc5729e520e99,jazzhr,acre security,acresecurity,https://acresecurity.applytojob.com,CANDIDATE,NAME_EXACT,"exact normalized name match, no domain evidence; inspect",false,,UNSUPPORTED,SINGLE_SOURCE_CANDIDATE
EMP-01817,Cisco Systems Danmark,cisco.com,Denmark,ats-scrapers,6b44a1badc9bfbf5cf176f75265cc5729e520e99,workday,Cisco,cisco/cisco_careers,https://cisco.wd5.myworkdayjobs.com/cisco_careers,HIGH_CONFIDENCE,SLUG_PLUS_NAME,board slug/host token equals domain company token + compatible names,false,,LEGACY_SUPPORTED,SINGLE_SOURCE_CANDIDATE
EMP-01821,DBI,,Denmark,ats-scrapers,6b44a1badc9bfbf5cf176f75265cc5729e520e99,personio,dbi,dbi,https://dbi.jobs.personio.com,CANDIDATE,NAME_EXACT,"exact normalized name match, no domain evidence; inspect",false,,UNSUPPORTED,SINGLE_SOURCE_CANDIDATE
EMP-01833,HSM,,Denmark,ats-scrapers,6b44a1badc9bfbf5cf176f75265cc5729e520e99,personio,hsm,hsm,https://hsm.jobs.personio.com,CANDIDATE,NAME_EXACT,"exact normalized name match, no domain evidence; inspect",false,,UNSUPPORTED,SINGLE_SOURCE_CANDIDATE
EMP-01844,Microsoft Danmark,microsoft.com,Denmark,ats-scrapers,6b44a1badc9bfbf5cf176f75265cc5729e520e99,eightfold,Microsoft,microsoft,https://microsoft.eightfold.ai/careers,HIGH_CONFIDENCE,SLUG_PLUS_NAME,board slug/host token equals domain company token + compatible names,false,,DECLARATIVE_SUPPORTED,MULTI_SOURCE_CANDIDATE
EMP-01844,Microsoft Danmark,microsoft.com,Denmark,ats-scrapers,6b44a1badc9bfbf5cf176f75265cc5729e520e99,smartrecruiters,Microsoft,microsoft,https://careers.smartrecruiters.com/microsoft,HIGH_CONFIDENCE,SLUG_PLUS_NAME,board slug/host token equals domain company token + compatible names,false,,LEGACY_SUPPORTED,MULTI_SOURCE_CANDIDATE
EMP-01844,Microsoft Danmark,microsoft.com,Denmark,ats-scrapers,6b44a1badc9bfbf5cf176f75265cc5729e520e99,workable,Microsoft,microsoft,https://apply.workable.com/microsoft,HIGH_CONFIDENCE,SLUG_PLUS_NAME,board slug/host token equals domain company token + compatible names,false,,UNSUPPORTED,MULTI_SOURCE_CANDIDATE
EMP-01846,NNIT,,Denmark,ats-scrapers,6b44a1badc9bfbf5cf176f75265cc5729e520e99,cornerstone,NNIT,nnit,https://nnit.csod.com/ux/ats/careersite/1/home?c=nnit,CANDIDATE,NAME_EXACT,"exact normalized name match, no domain evidence; inspect",false,,UNSUPPORTED,SINGLE_SOURCE_CANDIDATE
EMP-01847,Oracle Danmark,oracle.com,Denmark,ats-scrapers,6b44a1badc9bfbf5cf176f75265cc5729e520e99,smartrecruiters,Oracle,oracle,https://careers.smartrecruiters.com/oracle,HIGH_CONFIDENCE,SLUG_PLUS_NAME,board slug/host token equals domain company token + compatible names,false,,LEGACY_SUPPORTED,SINGLE_SOURCE_CANDIDATE
EMP-01857,Siemens Denmark,siemens.com,Denmark,ats-scrapers,6b44a1badc9bfbf5cf176f75265cc5729e520e99,teamtailor,Siemens,siemens,https://siemens.teamtailor.com,HIGH_CONFIDENCE,SLUG_PLUS_NAME,board slug/host token equals domain company token + compatible names,false,,UNSUPPORTED,SINGLE_SOURCE_CANDIDATE
EMP-01908,Clever,,Denmark,ats-scrapers,6b44a1badc9bfbf5cf176f75265cc5729e520e99,ashby,Clever,clever,https://jobs.ashbyhq.com/clever,CANDIDATE,NAME_EXACT,"exact normalized name match, no domain evidence; inspect",false,,LEGACY_SUPPORTED,MULTI_SOURCE_CANDIDATE
EMP-01908,Clever,,Denmark,ats-scrapers,6b44a1badc9bfbf5cf176f75265cc5729e520e99,greenhouse,Clever,clever,https://job-boards.greenhouse.io/clever,CANDIDATE,NAME_EXACT,"exact normalized name match, no domain evidence; inspect",false,,LEGACY_SUPPORTED,MULTI_SOURCE_CANDIDATE
EMP-01911,Danfoss,,Denmark,ats-scrapers,6b44a1badc9bfbf5cf176f75265cc5729e520e99,successfactors,Danfoss,danfossas,https://jobs.danfoss.com,CANDIDATE,NAME_EXACT,"exact normalized name match, no domain evidence; inspect",false,,LEGACY_SUPPORTED,SINGLE_SOURCE_CANDIDATE
EMP-01914,Equinor Denmark,equinor.com,Denmark,ats-scrapers,6b44a1badc9bfbf5cf176f75265cc5729e520e99,workday,Equinor,equinor/eqnr,https://equinor.wd3.myworkdayjobs.com/eqnr,HIGH_CONFIDENCE,SLUG_PLUS_NAME,board slug/host token equals domain company token + compatible names,false,,LEGACY_SUPPORTED,SINGLE_SOURCE_CANDIDATE
EMP-01931,Ramboll,,Denmark,ats-scrapers,6b44a1badc9bfbf5cf176f75265cc5729e520e99,smartrecruiters,Ramboll,ramboll3,https://careers.smartrecruiters.com/ramboll3,CANDIDATE,NAME_EXACT,"exact normalized name match, no domain evidence; inspect",false,,LEGACY_SUPPORTED,SINGLE_SOURCE_CANDIDATE
EMP-01933,Schneider Electric Denmark,se.com,Denmark,ats-scrapers,6b44a1badc9bfbf5cf176f75265cc5729e520e99,icims,se,se,https://careers-se.icims.com,CANDIDATE,SLUG,board slug/host token equals domain company token but names differ; inspect,false,,UNSUPPORTED,SINGLE_SOURCE_CANDIDATE
EMP-01935,Shell Denmark,shell.com,Denmark,ats-scrapers,6b44a1badc9bfbf5cf176f75265cc5729e520e99,workday,Work at Shell,shell/shellcareers,https://shell.wd3.myworkdayjobs.com/shellcareers,HIGH_CONFIDENCE,URL_EXACT,internal resolved portal URL equals external board URL,false,,LEGACY_SUPPORTED,MULTI_SOURCE_CANDIDATE
EMP-01935,Shell Denmark,shell.com,Denmark,ats-scrapers,6b44a1badc9bfbf5cf176f75265cc5729e520e99,workday,Work at Shell,shell/shellcareers,https://shell.wd3.myworkdayjobs.com/shellcareers,CANDIDATE,SLUG,board slug/host token equals domain company token but names differ; inspect,false,,LEGACY_SUPPORTED,MULTI_SOURCE_CANDIDATE
EMP-01936,Siemens Gamesa Renewable Energy Denmark,siemens.com,Denmark,ats-scrapers,6b44a1badc9bfbf5cf176f75265cc5729e520e99,teamtailor,Siemens,siemens,https://siemens.teamtailor.com,HIGH_CONFIDENCE,SLUG_PLUS_NAME,board slug/host token equals domain company token + compatible names,false,,UNSUPPORTED,SINGLE_SOURCE_CANDIDATE
EMP-01938,TotalEnergies Denmark,totalenergies.com,Denmark,ats-scrapers,6b44a1badc9bfbf5cf176f75265cc5729e520e99,bamboohr,totalenergies,totalenergies,https://totalenergies.bamboohr.com/careers,HIGH_CONFIDENCE,SLUG_PLUS_NAME,board slug/host token equals domain company token + compatible names,false,,UNSUPPORTED,MULTI_SOURCE_CANDIDATE
EMP-01938,TotalEnergies Denmark,totalenergies.com,Denmark,ats-scrapers,6b44a1badc9bfbf5cf176f75265cc5729e520e99,moka,TotalEnergies,totalenergies/100441,https://app.mokahr.com/social-recruitment/totalenergies/100441,HIGH_CONFIDENCE,SLUG_PLUS_NAME,board slug/host token equals domain company token + compatible names,false,,UNSUPPORTED,MULTI_SOURCE_CANDIDATE
EMP-01939,Vattenfall Denmark,group.vattenfall.com,Denmark,ats-scrapers,6b44a1badc9bfbf5cf176f75265cc5729e520e99,smartrecruiters,Vattenfall,Vattenfall,https://careers.smartrecruiters.com/Vattenfall,HIGH_CONFIDENCE,SLUG_PLUS_NAME,board slug/host token equals domain company token + compatible names,false,,LEGACY_SUPPORTED,SINGLE_SOURCE_CANDIDATE
EMP-01941,Vestas,vestas.com,Denmark,ats-scrapers,6b44a1badc9bfbf5cf176f75265cc5729e520e99,successfactors,Vestas,careers,https://careers.vestas.com,HIGH_CONFIDENCE,URL_EXACT,internal resolved portal URL equals external board URL,false,,LEGACY_SUPPORTED,SINGLE_SOURCE_CANDIDATE
EMP-01947,Chubb Denmark,chubb.com,Denmark,ats-scrapers,6b44a1badc9bfbf5cf176f75265cc5729e520e99,hrmos,Chubb損害保険株式会社,chubb,https://hrmos.co/pages/chubb/jobs,HIGH_CONFIDENCE,SLUG_PLUS_NAME,board slug/host token equals domain company token + compatible names,false,,UNSUPPORTED,SINGLE_SOURCE_CANDIDATE
EMP-01981,Systematic,,Denmark | Germany,ats-scrapers,6b44a1badc9bfbf5cf176f75265cc5729e520e99,successfactors,Systematic,jobs,https://jobs.systematic.com,CANDIDATE,NAME_EXACT,"exact normalized name match, no domain evidence; inspect",false,,LEGACY_SUPPORTED,SINGLE_SOURCE_CANDIDATE
EMP-01983,Saxo Bank,,Denmark | Netherlands,ats-scrapers,6b44a1badc9bfbf5cf176f75265cc5729e520e99,workday,Saxobank,saxobank/careeratsaxobank,https://saxobank.wd3.myworkdayjobs.com/careeratsaxobank,CANDIDATE,NAME_EXACT,"exact normalized name match, no domain evidence; inspect",false,,LEGACY_SUPPORTED,SINGLE_SOURCE_CANDIDATE
EMP-01987,BayernLB,,EU / EEA,ats-scrapers,6b44a1badc9bfbf5cf176f75265cc5729e520e99,successfactors,Bayernlb,SFHR,https://jobs.bayernlb.de,CANDIDATE,NAME_EXACT,"exact normalized name match, no domain evidence; inspect",false,,LEGACY_SUPPORTED,SINGLE_SOURCE_CANDIDATE
EMP-01994,Eurobank,,EU / EEA,ats-scrapers,6b44a1badc9bfbf5cf176f75265cc5729e520e99,successfactors,Eurobank,eurobanker,https://careers.eurobank.gr,CANDIDATE,NAME_EXACT,"exact normalized name match, no domain evidence; inspect",false,,LEGACY_SUPPORTED,SINGLE_SOURCE_CANDIDATE
EMP-01999,Piraeus Bank,,EU / EEA,ats-scrapers,6b44a1badc9bfbf5cf176f75265cc5729e520e99,workable,Piraeus Bank,piraeus-bank,https://apply.workable.com/piraeus-bank,CANDIDATE,NAME_EXACT,"exact normalized name match, no domain evidence; inspect",false,,UNSUPPORTED,SINGLE_SOURCE_CANDIDATE
EMP-02010,Barclays Bank Ireland,home.barclays,EU / EEA | Italy,ats-scrapers,6b44a1badc9bfbf5cf176f75265cc5729e520e99,join_com,Buena,home,https://join.com/companies/home,CANDIDATE,SLUG,board slug/host token equals domain company token but names differ; inspect,false,,UNSUPPORTED,MULTI_SOURCE_CANDIDATE
EMP-02010,Barclays Bank Ireland,home.barclays,EU / EEA | Italy,ats-scrapers,6b44a1badc9bfbf5cf176f75265cc5729e520e99,recruiterbox,home,home,https://home.recruiterbox.com,CANDIDATE,SLUG,board slug/host token equals domain company token but names differ; inspect,false,,UNSUPPORTED,MULTI_SOURCE_CANDIDATE
EMP-02010,Barclays Bank Ireland,home.barclays,EU / EEA | Italy,ats-scrapers,6b44a1badc9bfbf5cf176f75265cc5729e520e99,smartrecruiters,home,home,https://careers.smartrecruiters.com/home,CANDIDATE,SLUG,board slug/host token equals domain company token but names differ; inspect,false,,LEGACY_SUPPORTED,MULTI_SOURCE_CANDIDATE
EMP-02012,Deutsche Bank,db.com,EU / EEA | Italy,ats-scrapers,6b44a1badc9bfbf5cf176f75265cc5729e520e99,workday,Db,db/dbwebsite,https://db.wd3.myworkdayjobs.com/dbwebsite,CANDIDATE,SLUG,board slug/host token equals domain company token but names differ; inspect,false,,LEGACY_SUPPORTED,MULTI_SOURCE_CANDIDATE
EMP-02012,Deutsche Bank,db.com,EU / EEA | Italy,ats-scrapers,6b44a1badc9bfbf5cf176f75265cc5729e520e99,workday,DWS,db/dwswebsite,https://db.wd3.myworkdayjobs.com/dwswebsite,CANDIDATE,SLUG,board slug/host token equals domain company token but names differ; inspect,false,,LEGACY_SUPPORTED,MULTI_SOURCE_CANDIDATE
EMP-02020,Intesa Sanpaolo,group.intesasanpaolo.com,EU / EEA | Italy,ats-scrapers,6b44a1badc9bfbf5cf176f75265cc5729e520e99,successfactors,Intesa Sanpaolo,jobs,https://jobs.intesasanpaolo.com,HIGH_CONFIDENCE,URL_EXACT,internal resolved portal URL equals external board URL,false,,LEGACY_SUPPORTED,SINGLE_SOURCE_CANDIDATE
EMP-02023,Rabobank,rabobank.com,EU / EEA | Netherlands,ats-scrapers,6b44a1badc9bfbf5cf176f75265cc5729e520e99,workday,Rabobank,rabobank/jobs,https://rabobank.wd3.myworkdayjobs.com/jobs,HIGH_CONFIDENCE,SLUG_PLUS_NAME,board slug/host token equals domain company token + compatible names,false,,LEGACY_SUPPORTED,SINGLE_SOURCE_CANDIDATE
EMP-02024,DNB,dnb.no,EU / EEA | Norway,ats-scrapers,6b44a1badc9bfbf5cf176f75265cc5729e520e99,lever,Dun & Bradstreet,dnb,https://jobs.lever.co/dnb,CANDIDATE,SLUG,board slug/host token equals domain company token but names differ; inspect,false,,LEGACY_SUPPORTED,MULTI_SOURCE_CANDIDATE
EMP-02024,DNB,dnb.no,EU / EEA | Norway,ats-scrapers,6b44a1badc9bfbf5cf176f75265cc5729e520e99,successfactors,Jobb,jobb,https://jobb.dnb.no,HIGH_CONFIDENCE,URL_EXACT,internal resolved portal URL equals external board URL,false,,LEGACY_SUPPORTED,MULTI_SOURCE_CANDIDATE
EMP-02025,BBVA,bbva.com,EU / EEA | Spain,ats-scrapers,6b44a1badc9bfbf5cf176f75265cc5729e520e99,cornerstone,BBVA,bbva,https://bbva.csod.com/ux/ats/careersite/1/home?c=bbva,HIGH_CONFIDENCE,SLUG_PLUS_NAME,board slug/host token equals domain company token + compatible names,false,,UNSUPPORTED,MULTI_SOURCE_CANDIDATE
EMP-02025,BBVA,bbva.com,EU / EEA | Spain,ats-scrapers,6b44a1badc9bfbf5cf176f75265cc5729e520e99,workday,Bbva,bbva/bbva,https://bbva.wd3.myworkdayjobs.com/bbva,HIGH_CONFIDENCE,SLUG_PLUS_NAME,board slug/host token equals domain company token + compatible names,false,,LEGACY_SUPPORTED,MULTI_SOURCE_CANDIDATE
EMP-02028,SEB,,EU / EEA | Sweden | UK,ats-scrapers,6b44a1badc9bfbf5cf176f75265cc5729e520e99,bamboohr,seb,seb,https://seb.bamboohr.com/careers,CANDIDATE,NAME_EXACT,"exact normalized name match, no domain evidence; inspect",false,,UNSUPPORTED,SINGLE_SOURCE_CANDIDATE
EMP-02033,Assent,,EU / Europe,ats-scrapers,6b44a1badc9bfbf5cf176f75265cc5729e520e99,smartrecruiters,Assent,assent,https://careers.smartrecruiters.com/assent,CANDIDATE,NAME_EXACT,"exact normalized name match, no domain evidence; inspect",false,,LEGACY_SUPPORTED,SINGLE_SOURCE_CANDIDATE
EMP-02039,Hitachi,,EU / Europe,ats-scrapers,6b44a1badc9bfbf5cf176f75265cc5729e520e99,workday,Hitachi,hitachi/hitachi,https://hitachi.wd1.myworkdayjobs.com/hitachi,CANDIDATE,NAME_EXACT,"exact normalized name match, no domain evidence; inspect",false,,LEGACY_SUPPORTED,SINGLE_SOURCE_CANDIDATE
EMP-02040,IQM,,EU / Europe,ats-scrapers,6b44a1badc9bfbf5cf176f75265cc5729e520e99,personio,iqm,iqm,https://iqm.jobs.personio.com,CANDIDATE,NAME_EXACT,"exact normalized name match, no domain evidence; inspect",false,,UNSUPPORTED,SINGLE_SOURCE_CANDIDATE
EMP-02042,Kyocera,,EU / Europe,ats-scrapers,6b44a1badc9bfbf5cf176f75265cc5729e520e99,bamboohr,kyocera,kyocera,https://kyocera.bamboohr.com/careers,CANDIDATE,NAME_EXACT,"exact normalized name match, no domain evidence; inspect",false,,UNSUPPORTED,SINGLE_SOURCE_CANDIDATE
EMP-02043,Mbryonics,,EU / Europe,ats-scrapers,6b44a1badc9bfbf5cf176f75265cc5729e520e99,rippling,MBRYONICS,mbryonics,https://ats.rippling.com/mbryonics/jobs,CANDIDATE,NAME_EXACT,"exact normalized name match, no domain evidence; inspect",false,,UNSUPPORTED,SINGLE_SOURCE_CANDIDATE
EMP-02044,ING,ing.com,EU / Europe | EU / EEA,ats-scrapers,6b44a1badc9bfbf5cf176f75265cc5729e520e99,workday,Ing,ing/icsausdir,https://ing.wd3.myworkdayjobs.com/icsausdir,HIGH_CONFIDENCE,SLUG_PLUS_NAME,board slug/host token equals domain company token + compatible names,false,,LEGACY_SUPPORTED,MULTI_SOURCE_CANDIDATE
EMP-02044,ING,ing.com,EU / Europe | EU / EEA,ats-scrapers,6b44a1badc9bfbf5cf176f75265cc5729e520e99,workday,ING,ing/icsgblcor,https://ing.wd3.myworkdayjobs.com/icsgblcor,HIGH_CONFIDENCE,SLUG_PLUS_NAME,board slug/host token equals domain company token + compatible names,false,,LEGACY_SUPPORTED,MULTI_SOURCE_CANDIDATE
EMP-02044,ING,ing.com,EU / Europe | EU / EEA,ats-scrapers,6b44a1badc9bfbf5cf176f75265cc5729e520e99,workday,Ing,ing/icsnldgen,https://ing.wd3.myworkdayjobs.com/icsnldgen,HIGH_CONFIDENCE,SLUG_PLUS_NAME,board slug/host token equals domain company token + compatible names,false,,LEGACY_SUPPORTED,MULTI_SOURCE_CANDIDATE
EMP-02044,ING,ing.com,EU / Europe | EU / EEA,ats-scrapers,6b44a1badc9bfbf5cf176f75265cc5729e520e99,workday,Ing (Jvsgblcor),ing/jvsgblcor,https://ing.wd3.myworkdayjobs.com/jvsgblcor,CANDIDATE,SLUG,board slug/host token equals domain company token but names differ; inspect,false,,LEGACY_SUPPORTED,MULTI_SOURCE_CANDIDATE
EMP-02045,Santander,santander.com,EU / Europe | EU / EEA,ats-scrapers,6b44a1badc9bfbf5cf176f75265cc5729e520e99,workday,Santander,santander/santandercareers,https://santander.wd3.myworkdayjobs.com/santandercareers,HIGH_CONFIDENCE,SLUG_PLUS_NAME,board slug/host token equals domain company token + compatible names,false,,LEGACY_SUPPORTED,SINGLE_SOURCE_CANDIDATE
EMP-02046,Honeywell,honeywell.com,EU / Europe | Multi-region,ats-scrapers,6b44a1badc9bfbf5cf176f75265cc5729e520e99,oracle,Honeywell,ibqbjb,https://ibqbjb.fa.ocs.oraclecloud.com/hcmUI/CandidateExperience/en/sites/CX_1,HIGH_CONFIDENCE,URL_EXACT,internal resolved portal URL equals external board URL,false,,LEGACY_SUPPORTED,MULTI_SOURCE_CANDIDATE
EMP-02046,Honeywell,honeywell.com,EU / Europe | Multi-region,ats-scrapers,6b44a1badc9bfbf5cf176f75265cc5729e520e99,smartrecruiters,Honeywell,honeywell,https://careers.smartrecruiters.com/honeywell,HIGH_CONFIDENCE,SLUG_PLUS_NAME,board slug/host token equals domain company token + compatible names,false,,LEGACY_SUPPORTED,MULTI_SOURCE_CANDIDATE
EMP-02047,London Stock Exchange Group,lseg.com,EU / Europe | Multi-region,ats-scrapers,6b44a1badc9bfbf5cf176f75265cc5729e520e99,workday,Lseg,lseg/careers,https://lseg.wd3.myworkdayjobs.com/careers,CANDIDATE,SLUG,board slug/host token equals domain company token but names differ; inspect,false,,LEGACY_SUPPORTED,MULTI_SOURCE_CANDIDATE
EMP-02047,London Stock Exchange Group,lseg.com,EU / Europe | Multi-region,ats-scrapers,6b44a1badc9bfbf5cf176f75265cc5729e520e99,workday,Lseg,lseg/graduate_careers,https://lseg.wd3.myworkdayjobs.com/graduate_careers,CANDIDATE,SLUG,board slug/host token equals domain company token but names differ; inspect,false,,LEGACY_SUPPORTED,MULTI_SOURCE_CANDIDATE
EMP-02049,Helsing,helsing.ai,EU / Europe | Multi-region | France,ats-scrapers,6b44a1badc9bfbf5cf176f75265cc5729e520e99,greenhouse,Helsing,helsing,https://job-boards.greenhouse.io/helsing,HIGH_CONFIDENCE,SLUG_PLUS_NAME,board slug/host token equals domain company token + compatible names,false,,LEGACY_SUPPORTED,SINGLE_SOURCE_CANDIDATE
EMP-02051,Canon,,EU / Europe | Singapore,ats-scrapers,6b44a1badc9bfbf5cf176f75265cc5729e520e99,oracle,Canon,ejqe,https://ejqe.fa.em2.oraclecloud.com/hcmUI/CandidateExperience/en/sites/CX_1,CANDIDATE,NAME_EXACT,"exact normalized name match, no domain evidence; inspect",false,,LEGACY_SUPPORTED,SINGLE_SOURCE_CANDIDATE
EMP-02052,HP,hp.com,EU / Europe | Singapore,ats-scrapers,6b44a1badc9bfbf5cf176f75265cc5729e520e99,bamboohr,hp,hp,https://hp.bamboohr.com/careers,HIGH_CONFIDENCE,SLUG_PLUS_NAME,board slug/host token equals domain company token + compatible names,false,,UNSUPPORTED,MULTI_SOURCE_CANDIDATE
EMP-02052,HP,hp.com,EU / Europe | Singapore,ats-scrapers,6b44a1badc9bfbf5cf176f75265cc5729e520e99,eightfold,HP,hp,https://hp.eightfold.ai/careers,HIGH_CONFIDENCE,DOMAIN_EXACT,eightfold registry domain equals internal corporate domain,false,,DECLARATIVE_SUPPORTED,MULTI_SOURCE_CANDIDATE
EMP-02052,HP,hp.com,EU / Europe | Singapore,ats-scrapers,6b44a1badc9bfbf5cf176f75265cc5729e520e99,workday,Hp,hp/externalcareersite,https://hp.wd5.myworkdayjobs.com/externalcareersite,HIGH_CONFIDENCE,SLUG_PLUS_NAME,board slug/host token equals domain company token + compatible names,false,,LEGACY_SUPPORTED,MULTI_SOURCE_CANDIDATE
EMP-02052,HP,hp.com,EU / Europe | Singapore,ats-scrapers,6b44a1badc9bfbf5cf176f75265cc5729e520e99,workday,Hp (Exteu Ac Careersite),hp/exteu-ac-careersite,https://hp.wd5.myworkdayjobs.com/exteu-ac-careersite,CANDIDATE,SLUG,board slug/host token equals domain company token but names differ; inspect,false,,LEGACY_SUPPORTED,MULTI_SOURCE_CANDIDATE
EMP-02054,Autodesk,autodesk.com,EU / Europe | USA,ats-scrapers,6b44a1badc9bfbf5cf176f75265cc5729e520e99,workday,Autodesk,autodesk/ext,https://autodesk.wd1.myworkdayjobs.com/ext,HIGH_CONFIDENCE,SLUG_PLUS_NAME,board slug/host token equals domain company token + compatible names,false,,LEGACY_SUPPORTED,MULTI_SOURCE_CANDIDATE
EMP-02054,Autodesk,autodesk.com,EU / Europe | USA,ats-scrapers,6b44a1badc9bfbf5cf176f75265cc5729e520e99,workday,Autodesk (Uni),autodesk/uni,https://autodesk.wd1.myworkdayjobs.com/uni,HIGH_CONFIDENCE,SLUG_PLUS_NAME,board slug/host token equals domain company token + compatible names,false,,LEGACY_SUPPORTED,MULTI_SOURCE_CANDIDATE
EMP-02055,Avery Dennison,,EU / Europe | USA,ats-scrapers,6b44a1badc9bfbf5cf176f75265cc5729e520e99,smartrecruiters,Avery Dennison,averydennison,https://careers.smartrecruiters.com/averydennison,CANDIDATE,NAME_EXACT,"exact normalized name match, no domain evidence; inspect",false,,LEGACY_SUPPORTED,SINGLE_SOURCE_CANDIDATE
EMP-02056,Intuit,intuit.com,EU / Europe | USA,ats-scrapers,6b44a1badc9bfbf5cf176f75265cc5729e520e99,jazzhr,intuit,intuit,https://intuit.applytojob.com,HIGH_CONFIDENCE,SLUG_PLUS_NAME,board slug/host token equals domain company token + compatible names,false,,UNSUPPORTED,MULTI_SOURCE_CANDIDATE
EMP-02056,Intuit,intuit.com,EU / Europe | USA,ats-scrapers,6b44a1badc9bfbf5cf176f75265cc5729e520e99,smartrecruiters,Intuit,intuit2,https://careers.smartrecruiters.com/intuit2,CANDIDATE,NAME_EXACT,"exact normalized name match, no domain evidence; inspect",false,,LEGACY_SUPPORTED,MULTI_SOURCE_CANDIDATE
EMP-02058,Bristol Myers Squibb,,EU / Europe | USA,ats-scrapers,6b44a1badc9bfbf5cf176f75265cc5729e520e99,eightfold,Bristol Myers Squibb,bms,https://bms.eightfold.ai/careers,CANDIDATE,NAME_EXACT,"exact normalized name match, no domain evidence; inspect",false,,DECLARATIVE_SUPPORTED,MULTI_SOURCE_CANDIDATE
EMP-02058,Bristol Myers Squibb,,EU / Europe | USA,ats-scrapers,6b44a1badc9bfbf5cf176f75265cc5729e520e99,workday,Bristolmyerssquibb,bristolmyerssquibb/bms,https://bristolmyerssquibb.wd5.myworkdayjobs.com/bms,CANDIDATE,NAME_EXACT,"exact normalized name match, no domain evidence; inspect",false,,LEGACY_SUPPORTED,MULTI_SOURCE_CANDIDATE
EMP-02060,AMD,,EU / Europe | USA,ats-scrapers,6b44a1badc9bfbf5cf176f75265cc5729e520e99,bamboohr,amd,amd,https://amd.bamboohr.com/careers,CANDIDATE,NAME_EXACT,"exact normalized name match, no domain evidence; inspect",false,,UNSUPPORTED,MULTI_SOURCE_CANDIDATE
EMP-02060,AMD,,EU / Europe | USA,ats-scrapers,6b44a1badc9bfbf5cf176f75265cc5729e520e99,icims,amd,amd,https://careers-amd.icims.com,CANDIDATE,NAME_EXACT,"exact normalized name match, no domain evidence; inspect",false,,UNSUPPORTED,MULTI_SOURCE_CANDIDATE
EMP-02060,AMD,,EU / Europe | USA,ats-scrapers,6b44a1badc9bfbf5cf176f75265cc5729e520e99,successfactors,AMD,AMD,https://performancemanager4.successfactors.com/career?company=AMD,CANDIDATE,NAME_EXACT,"exact normalized name match, no domain evidence; inspect",false,,LEGACY_SUPPORTED,MULTI_SOURCE_CANDIDATE
EMP-02061,Applied Materials,appliedmaterials.com,EU / Europe | USA | Singapore,ats-scrapers,6b44a1badc9bfbf5cf176f75265cc5729e520e99,eightfold,Applied Materials,appliedmaterials,https://appliedmaterials.eightfold.ai/careers,HIGH_CONFIDENCE,SLUG_PLUS_NAME,board slug/host token equals domain company token + compatible names,false,,DECLARATIVE_SUPPORTED,MULTI_SOURCE_CANDIDATE
EMP-02061,Applied Materials,appliedmaterials.com,EU / Europe | USA | Singapore,ats-scrapers,6b44a1badc9bfbf5cf176f75265cc5729e520e99,workday,Applied Materials,amat/external,https://amat.wd1.myworkdayjobs.com/external,CANDIDATE,NAME_EXACT,"exact normalized name match, no domain evidence; inspect",false,,LEGACY_SUPPORTED,MULTI_SOURCE_CANDIDATE
EMP-02062,Bayer,,EU / Europe | USA | UK,ats-scrapers,6b44a1badc9bfbf5cf176f75265cc5729e520e99,eightfold,Bayer,bayer,https://bayer.eightfold.ai/careers,CANDIDATE,NAME_EXACT,"exact normalized name match, no domain evidence; inspect",false,,DECLARATIVE_SUPPORTED,MULTI_SOURCE_CANDIDATE
EMP-02062,Bayer,,EU / Europe | USA | UK,ats-scrapers,6b44a1badc9bfbf5cf176f75265cc5729e520e99,moka,Bayer,bayer/148387,https://app.mokahr.com/social-recruitment/bayer/148387,CANDIDATE,NAME_EXACT,"exact normalized name match, no domain evidence; inspect",false,,UNSUPPORTED,MULTI_SOURCE_CANDIDATE
EMP-02062,Bayer,,EU / Europe | USA | UK,ats-scrapers,6b44a1badc9bfbf5cf176f75265cc5729e520e99,successfactors,Bayer,jobs,https://jobs.bayer.com,CANDIDATE,NAME_EXACT,"exact normalized name match, no domain evidence; inspect",false,,LEGACY_SUPPORTED,MULTI_SOURCE_CANDIDATE
EMP-02063,Bolt,,Estonia,ats-scrapers,6b44a1badc9bfbf5cf176f75265cc5729e520e99,ashby,Bolt,bolt,https://jobs.ashbyhq.com/bolt,CANDIDATE,NAME_EXACT,"exact normalized name match, no domain evidence; inspect",false,,LEGACY_SUPPORTED,MULTI_SOURCE_CANDIDATE
EMP-02063,Bolt,,Estonia,ats-scrapers,6b44a1badc9bfbf5cf176f75265cc5729e520e99,personio,bolt,bolt,https://bolt.jobs.personio.com,CANDIDATE,NAME_EXACT,"exact normalized name match, no domain evidence; inspect",false,,UNSUPPORTED,MULTI_SOURCE_CANDIDATE
EMP-02066,Pipedrive,,Estonia,ats-scrapers,6b44a1badc9bfbf5cf176f75265cc5729e520e99,bamboohr,Pipedrive,pipedrive,https://pipedrive.bamboohr.com/careers,CANDIDATE,NAME_EXACT,"exact normalized name match, no domain evidence; inspect",false,,UNSUPPORTED,MULTI_SOURCE_CANDIDATE
EMP-02066,Pipedrive,,Estonia,ats-scrapers,6b44a1badc9bfbf5cf176f75265cc5729e520e99,lever,Pipedrive,pipedrive,https://jobs.lever.co/pipedrive,CANDIDATE,NAME_EXACT,"exact normalized name match, no domain evidence; inspect",false,,LEGACY_SUPPORTED,MULTI_SOURCE_CANDIDATE
EMP-02066,Pipedrive,,Estonia,ats-scrapers,6b44a1badc9bfbf5cf176f75265cc5729e520e99,smartrecruiters,Pipedrive,pipedrive,https://careers.smartrecruiters.com/pipedrive,CANDIDATE,NAME_EXACT,"exact normalized name match, no domain evidence; inspect",false,,LEGACY_SUPPORTED,MULTI_SOURCE_CANDIDATE
EMP-02069,Skeleton Technologies,,Estonia,ats-scrapers,6b44a1badc9bfbf5cf176f75265cc5729e520e99,workable,Skeleton Technologies,skeletontech,https://apply.workable.com/skeletontech,CANDIDATE,NAME_EXACT,"exact normalized name match, no domain evidence; inspect",false,,UNSUPPORTED,SINGLE_SOURCE_CANDIDATE
EMP-02072,Veriff,,Estonia,ats-scrapers,6b44a1badc9bfbf5cf176f75265cc5729e520e99,greenhouse,veriff,veriff,https://job-boards.greenhouse.io/veriff,CANDIDATE,NAME_EXACT,"exact normalized name match, no domain evidence; inspect",false,,LEGACY_SUPPORTED,SINGLE_SOURCE_CANDIDATE
EMP-02073,Cybernetica,cyber.ee,Estonia,ats-scrapers,6b44a1badc9bfbf5cf176f75265cc5729e520e99,jazzhr,GCyber,cyber,https://cyber.applytojob.com,CANDIDATE,SLUG,board slug/host token equals domain company token but names differ; inspect,false,,UNSUPPORTED,SINGLE_SOURCE_CANDIDATE
EMP-02076,Nortal,,Estonia,ats-scrapers,6b44a1badc9bfbf5cf176f75265cc5729e520e99,greenhouse,nortal,nortal,https://job-boards.greenhouse.io/nortal,CANDIDATE,NAME_EXACT,"exact normalized name match, no domain evidence; inspect",false,,LEGACY_SUPPORTED,MULTI_SOURCE_CANDIDATE
EMP-02076,Nortal,,Estonia,ats-scrapers,6b44a1badc9bfbf5cf176f75265cc5729e520e99,icims,Nortal,pwrteams,https://careers-pwrteams.icims.com,CANDIDATE,NAME_EXACT,"exact normalized name match, no domain evidence; inspect",false,,UNSUPPORTED,MULTI_SOURCE_CANDIDATE
EMP-02085,Civitta,,Estonia,ats-scrapers,6b44a1badc9bfbf5cf176f75265cc5729e520e99,lever,Civitta,Civitta,https://jobs.lever.co/Civitta,CANDIDATE,NAME_EXACT,"exact normalized name match, no domain evidence; inspect",false,,LEGACY_SUPPORTED,SINGLE_SOURCE_CANDIDATE
EMP-02109,Lendurai,,Estonia,ats-scrapers,6b44a1badc9bfbf5cf176f75265cc5729e520e99,teamtailor,Lendurai,lendurai,https://lendurai.teamtailor.com,CANDIDATE,NAME_EXACT,"exact normalized name match, no domain evidence; inspect",false,,UNSUPPORTED,SINGLE_SOURCE_CANDIDATE
EMP-02146,Airbus Protect,airbus.com,Europe,ats-scrapers,6b44a1badc9bfbf5cf176f75265cc5729e520e99,bamboohr,airbus,airbus,https://airbus.bamboohr.com/careers,HIGH_CONFIDENCE,SLUG_PLUS_NAME,board slug/host token equals domain company token + compatible names,false,,UNSUPPORTED,SINGLE_SOURCE_CANDIDATE
EMP-02148,Amadeus,,Europe,ats-scrapers,6b44a1badc9bfbf5cf176f75265cc5729e520e99,workday,Amadeus,amadeus/jobs,https://amadeus.wd502.myworkdayjobs.com/jobs,CANDIDATE,NAME_EXACT,"exact normalized name match, no domain evidence; inspect",false,,LEGACY_SUPPORTED,SINGLE_SOURCE_CANDIDATE
EMP-02151,Cronos Europa,,Europe,ats-scrapers,6b44a1badc9bfbf5cf176f75265cc5729e520e99,bamboohr,cronoseuropa,cronoseuropa,https://cronoseuropa.bamboohr.com/careers,CANDIDATE,NAME_EXACT,"exact normalized name match, no domain evidence; inspect",false,,UNSUPPORTED,MULTI_SOURCE_CANDIDATE
EMP-02151,Cronos Europa,,Europe,ats-scrapers,6b44a1badc9bfbf5cf176f75265cc5729e520e99,breezy,Cronos Europa,cronoseuropa,https://cronoseuropa.breezy.hr,CANDIDATE,NAME_EXACT,"exact normalized name match, no domain evidence; inspect",false,,UNSUPPORTED,MULTI_SOURCE_CANDIDATE
EMP-02152,Deloitte Risk Advisory,deloitte.com,Europe,ats-scrapers,6b44a1badc9bfbf5cf176f75265cc5729e520e99,eightfold,Deloitte,deloitte,https://deloitte.eightfold.ai/careers,HIGH_CONFIDENCE,SLUG_PLUS_NAME,board slug/host token equals domain company token + compatible names,false,,DECLARATIVE_SUPPORTED,SINGLE_SOURCE_CANDIDATE
EMP-02155,Rohde & Schwarz,,Europe,ats-scrapers,6b44a1badc9bfbf5cf176f75265cc5729e520e99,avature,Rohde & Schwarz,rohdeschwarz,https://rohdeschwarz.avature.net,CANDIDATE,NAME_EXACT,"exact normalized name match, no domain evidence; inspect",false,,LEGACY_SUPPORTED,SINGLE_SOURCE_CANDIDATE
EMP-02159,Wavestone,,Europe,ats-scrapers,6b44a1badc9bfbf5cf176f75265cc5729e520e99,smartrecruiters,Wavestone,wavestone1,https://careers.smartrecruiters.com/wavestone1,CANDIDATE,NAME_EXACT,"exact normalized name match, no domain evidence; inspect",false,,LEGACY_SUPPORTED,SINGLE_SOURCE_CANDIDATE
EMP-02166,Deutsche Telekom,telekom.com,Europe,ats-scrapers,6b44a1badc9bfbf5cf176f75265cc5729e520e99,eightfold,Deutsche Telekom,telekom-growthhub,https://telekom-growthhub.eightfold.ai/careers,CANDIDATE,NAME_EXACT,"exact normalized name match, no domain evidence; inspect",false,,DECLARATIVE_SUPPORTED,SINGLE_SOURCE_CANDIDATE
EMP-02169,Liberty Global,,Europe,ats-scrapers,6b44a1badc9bfbf5cf176f75265cc5729e520e99,workday,Libertyglobal,libertyglobal/liberty_global_careers,https://libertyglobal.wd3.myworkdayjobs.com/liberty_global_careers,CANDIDATE,NAME_EXACT,"exact normalized name match, no domain evidence; inspect",false,,LEGACY_SUPPORTED,SINGLE_SOURCE_CANDIDATE
EMP-02170,MEO,,Europe,ats-scrapers,6b44a1badc9bfbf5cf176f75265cc5729e520e99,personio,meo,meo,https://meo.jobs.personio.com,CANDIDATE,NAME_EXACT,"exact normalized name match, no domain evidence; inspect",false,,UNSUPPORTED,SINGLE_SOURCE_CANDIDATE
EMP-02171,Orange,,Europe,ats-scrapers,6b44a1badc9bfbf5cf176f75265cc5729e520e99,bamboohr,orange,orange,https://orange.bamboohr.com/careers,CANDIDATE,NAME_EXACT,"exact normalized name match, no domain evidence; inspect",false,,UNSUPPORTED,MULTI_SOURCE_CANDIDATE
EMP-02171,Orange,,Europe,ats-scrapers,6b44a1badc9bfbf5cf176f75265cc5729e520e99,workday,Orange,orange/orange_career,https://orange.wd3.myworkdayjobs.com/Orange_Career,CANDIDATE,NAME_EXACT,"exact normalized name match, no domain evidence; inspect",false,,LEGACY_SUPPORTED,MULTI_SOURCE_CANDIDATE
EMP-02173,Swisscom,,Europe,ats-scrapers,6b44a1badc9bfbf5cf176f75265cc5729e520e99,bamboohr,swisscom,swisscom,https://swisscom.bamboohr.com/careers,CANDIDATE,NAME_EXACT,"exact normalized name match, no domain evidence; inspect",false,,UNSUPPORTED,MULTI_SOURCE_CANDIDATE
EMP-02173,Swisscom,,Europe,ats-scrapers,6b44a1badc9bfbf5cf176f75265cc5729e520e99,workday,Swisscom,swisscom/swisscomexternalcareers,https://swisscom.wd103.myworkdayjobs.com/swisscomexternalcareers,CANDIDATE,NAME_EXACT,"exact normalized name match, no domain evidence; inspect",false,,LEGACY_SUPPORTED,MULTI_SOURCE_CANDIDATE
EMP-02174,TDC,,Europe,ats-scrapers,6b44a1badc9bfbf5cf176f75265cc5729e520e99,cornerstone,TDC,https://tdc.csod.com/ux/ats/careersite/17/home?c=tdc,https://tdc.csod.com/ux/ats/careersite/17/home?c=tdc,CANDIDATE,NAME_EXACT,"exact normalized name match, no domain evidence; inspect",false,,UNSUPPORTED,MULTI_SOURCE_CANDIDATE
EMP-02174,TDC,,Europe,ats-scrapers,6b44a1badc9bfbf5cf176f75265cc5729e520e99,cornerstone,TDC,https://tdc.csod.com/ux/ats/careersite/23/home?c=tdc,https://tdc.csod.com/ux/ats/careersite/23/home?c=tdc,CANDIDATE,NAME_EXACT,"exact normalized name match, no domain evidence; inspect",false,,UNSUPPORTED,MULTI_SOURCE_CANDIDATE
EMP-02174,TDC,,Europe,ats-scrapers,6b44a1badc9bfbf5cf176f75265cc5729e520e99,cornerstone,TDC,https://tdc.csod.com/ux/ats/careersite/53/home?c=tdc,https://tdc.csod.com/ux/ats/careersite/53/home?c=tdc,CANDIDATE,NAME_EXACT,"exact normalized name match, no domain evidence; inspect",false,,UNSUPPORTED,MULTI_SOURCE_CANDIDATE
EMP-02174,TDC,,Europe,ats-scrapers,6b44a1badc9bfbf5cf176f75265cc5729e520e99,cornerstone,TDC,tdc,https://tdc.csod.com/ux/ats/careersite/1/home?c=tdc,CANDIDATE,NAME_EXACT,"exact normalized name match, no domain evidence; inspect",false,,UNSUPPORTED,MULTI_SOURCE_CANDIDATE
EMP-02174,TDC,,Europe,ats-scrapers,6b44a1badc9bfbf5cf176f75265cc5729e520e99,smartrecruiters,TDC,tdc,https://careers.smartrecruiters.com/tdc,CANDIDATE,NAME_EXACT,"exact normalized name match, no domain evidence; inspect",false,,LEGACY_SUPPORTED,MULTI_SOURCE_CANDIDATE
EMP-02175,Telefónica,telefonica.com,Europe,ats-scrapers,6b44a1badc9bfbf5cf176f75265cc5729e520e99,successfactors,Telefónica Global,jobs,https://jobs.telefonica.com,HIGH_CONFIDENCE,URL_EXACT,internal resolved portal URL equals external board URL,false,,LEGACY_SUPPORTED,SINGLE_SOURCE_CANDIDATE
EMP-02176,Telenor,telenor.com,Europe,ats-scrapers,6b44a1badc9bfbf5cf176f75265cc5729e520e99,teamtailor,Telenor,telenorsharedservices,https://telenorsharedservices.teamtailor.com,CANDIDATE,NAME_EXACT,"exact normalized name match, no domain evidence; inspect",false,,UNSUPPORTED,SINGLE_SOURCE_CANDIDATE
EMP-02178,Proximus,,Europe | Belgium,ats-scrapers,6b44a1badc9bfbf5cf176f75265cc5729e520e99,cornerstone,Proximus,https://proximus.csod.com/ux/ats/careersite/10/home?c=proximus,https://proximus.csod.com/ux/ats/careersite/10/home?c=proximus,CANDIDATE,NAME_EXACT,"exact normalized name match, no domain evidence; inspect",false,,UNSUPPORTED,SINGLE_SOURCE_CANDIDATE
EMP-02179,Ericsson,ericsson.com,Europe | Canada | Sweden,ats-scrapers,6b44a1badc9bfbf5cf176f75265cc5729e520e99,eightfold,Ericsson,ericsson,https://ericsson.eightfold.ai/careers,HIGH_CONFIDENCE,SLUG_PLUS_NAME,board slug/host token equals domain company token + compatible names,false,,DECLARATIVE_SUPPORTED,MULTI_SOURCE_CANDIDATE
EMP-02179,Ericsson,ericsson.com,Europe | Canada | Sweden,ats-scrapers,6b44a1badc9bfbf5cf176f75265cc5729e520e99,smartrecruiters,Ericsson,ericsson,https://careers.smartrecruiters.com/ericsson,HIGH_CONFIDENCE,SLUG_PLUS_NAME,board slug/host token equals domain company token + compatible names,false,,LEGACY_SUPPORTED,MULTI_SOURCE_CANDIDATE
EMP-02179,Ericsson,ericsson.com,Europe | Canada | Sweden,ats-scrapers,6b44a1badc9bfbf5cf176f75265cc5729e520e99,successfactors,Ericsson,Ericsson,https://career2.successfactors.eu/career?company=Ericsson,HIGH_CONFIDENCE,SLUG_PLUS_NAME,board slug/host token equals domain company token + compatible names,false,,LEGACY_SUPPORTED,MULTI_SOURCE_CANDIDATE
EMP-02183,STMicroelectronics,st.com,Europe | Italy | Singapore,ats-scrapers,6b44a1badc9bfbf5cf176f75265cc5729e520e99,eightfold,STMicroelectronics,stmicroelectronics,https://stmicroelectronics.eightfold.ai/careers,CANDIDATE,NAME_EXACT,"exact normalized name match, no domain evidence; inspect",false,,DECLARATIVE_SUPPORTED,MULTI_SOURCE_CANDIDATE
EMP-02183,STMicroelectronics,st.com,Europe | Italy | Singapore,ats-scrapers,6b44a1badc9bfbf5cf176f75265cc5729e520e99,greenhouse,st,st,https://job-boards.greenhouse.io/st,CANDIDATE,SLUG,board slug/host token equals domain company token but names differ; inspect,false,,LEGACY_SUPPORTED,MULTI_SOURCE_CANDIDATE
EMP-02187,KPN,kpn.com,Europe | Netherlands,ats-scrapers,6b44a1badc9bfbf5cf176f75265cc5729e520e99,smartrecruiters,KPN,kpn,https://careers.smartrecruiters.com/kpn,HIGH_CONFIDENCE,SLUG_PLUS_NAME,board slug/host token equals domain company token + compatible names,false,,LEGACY_SUPPORTED,SINGLE_SOURCE_CANDIDATE
EMP-02189,Mattermost,,Europe | USA,ats-scrapers,6b44a1badc9bfbf5cf176f75265cc5729e520e99,greenhouse,mattermost,mattermost,https://job-boards.greenhouse.io/mattermost,CANDIDATE,NAME_EXACT,"exact normalized name match, no domain evidence; inspect",false,,LEGACY_SUPPORTED,SINGLE_SOURCE_CANDIDATE
EMP-02190,AT&T,att.com,Europe | USA,ats-scrapers,6b44a1badc9bfbf5cf176f75265cc5729e520e99,workday,Att,att/attgeneral,https://att.wd1.myworkdayjobs.com/attgeneral,HIGH_CONFIDENCE,SLUG_PLUS_NAME,board slug/host token equals domain company token + compatible names,false,,LEGACY_SUPPORTED,SINGLE_SOURCE_CANDIDATE
EMP-02211,Chubb Finland,chubb.com,Finland,ats-scrapers,6b44a1badc9bfbf5cf176f75265cc5729e520e99,hrmos,Chubb損害保険株式会社,chubb,https://hrmos.co/pages/chubb/jobs,HIGH_CONFIDENCE,SLUG_PLUS_NAME,board slug/host token equals domain company token + compatible names,false,,UNSUPPORTED,SINGLE_SOURCE_CANDIDATE
EMP-02217,DNB Bank Finland,dnb.no,Finland,ats-scrapers,6b44a1badc9bfbf5cf176f75265cc5729e520e99,lever,Dun & Bradstreet,dnb,https://jobs.lever.co/dnb,CANDIDATE,SLUG,board slug/host token equals domain company token but names differ; inspect,false,,LEGACY_SUPPORTED,MULTI_SOURCE_CANDIDATE
EMP-02217,DNB Bank Finland,dnb.no,Finland,ats-scrapers,6b44a1badc9bfbf5cf176f75265cc5729e520e99,successfactors,Jobb,jobb,https://jobb.dnb.no,HIGH_CONFIDENCE,URL_EXACT,internal resolved portal URL equals external board URL,false,,LEGACY_SUPPORTED,MULTI_SOURCE_CANDIDATE
EMP-02403,Accenture Finland,accenture.com,Finland,ats-scrapers,6b44a1badc9bfbf5cf176f75265cc5729e520e99,bamboohr,accenture,accenture,https://accenture.bamboohr.com/careers,HIGH_CONFIDENCE,SLUG_PLUS_NAME,board slug/host token equals domain company token + compatible names,false,,UNSUPPORTED,MULTI_SOURCE_CANDIDATE
EMP-02403,Accenture Finland,accenture.com,Finland,ats-scrapers,6b44a1badc9bfbf5cf176f75265cc5729e520e99,breezy,Accenture,accenture,https://accenture.breezy.hr,HIGH_CONFIDENCE,SLUG_PLUS_NAME,board slug/host token equals domain company token + compatible names,false,,UNSUPPORTED,MULTI_SOURCE_CANDIDATE
EMP-02403,Accenture Finland,accenture.com,Finland,ats-scrapers,6b44a1badc9bfbf5cf176f75265cc5729e520e99,join_com,Accenture,accenture,https://join.com/companies/accenture,HIGH_CONFIDENCE,SLUG_PLUS_NAME,board slug/host token equals domain company token + compatible names,false,,UNSUPPORTED,MULTI_SOURCE_CANDIDATE
EMP-02403,Accenture Finland,accenture.com,Finland,ats-scrapers,6b44a1badc9bfbf5cf176f75265cc5729e520e99,pinpoint,Accenture,accenture,https://accenture.pinpointhq.com,HIGH_CONFIDENCE,SLUG_PLUS_NAME,board slug/host token equals domain company token + compatible names,false,,UNSUPPORTED,MULTI_SOURCE_CANDIDATE
EMP-02403,Accenture Finland,accenture.com,Finland,ats-scrapers,6b44a1badc9bfbf5cf176f75265cc5729e520e99,smartrecruiters,accenture,accenture,https://careers.smartrecruiters.com/accenture,HIGH_CONFIDENCE,SLUG_PLUS_NAME,board slug/host token equals domain company token + compatible names,false,,LEGACY_SUPPORTED,MULTI_SOURCE_CANDIDATE
EMP-02403,Accenture Finland,accenture.com,Finland,ats-scrapers,6b44a1badc9bfbf5cf176f75265cc5729e520e99,workable,Accenture,accenture,https://apply.workable.com/accenture,HIGH_CONFIDENCE,SLUG_PLUS_NAME,board slug/host token equals domain company token + compatible names,false,,UNSUPPORTED,MULTI_SOURCE_CANDIDATE
EMP-02403,Accenture Finland,accenture.com,Finland,ats-scrapers,6b44a1badc9bfbf5cf176f75265cc5729e520e99,workday,Accenture (AvanadeLeadershipCareers),accenture/AvanadeLeadershipCareers,https://accenture.wd103.myworkdayjobs.com/AvanadeLeadershipCareers,CANDIDATE,SLUG,board slug/host token equals domain company token but names differ; inspect,false,,LEGACY_SUPPORTED,MULTI_SOURCE_CANDIDATE
EMP-02403,Accenture Finland,accenture.com,Finland,ats-scrapers,6b44a1badc9bfbf5cf176f75265cc5729e520e99,workday,Accenture,accenture/accenturecareers,https://accenture.wd103.myworkdayjobs.com/accenturecareers,HIGH_CONFIDENCE,SLUG_PLUS_NAME,board slug/host token equals domain company token + compatible names,false,,LEGACY_SUPPORTED,MULTI_SOURCE_CANDIDATE
EMP-02403,Accenture Finland,accenture.com,Finland,ats-scrapers,6b44a1badc9bfbf5cf176f75265cc5729e520e99,workday,Avanade,accenture/avanadecareers,https://accenture.wd103.myworkdayjobs.com/avanadecareers,CANDIDATE,SLUG,board slug/host token equals domain company token but names differ; inspect,false,,LEGACY_SUPPORTED,MULTI_SOURCE_CANDIDATE
EMP-02414,Hoxhunt,,Finland,ats-scrapers,6b44a1badc9bfbf5cf176f75265cc5729e520e99,ashby,Hoxhunt,hoxhunt,https://jobs.ashbyhq.com/hoxhunt,CANDIDATE,NAME_EXACT,"exact normalized name match, no domain evidence; inspect",false,,LEGACY_SUPPORTED,SINGLE_SOURCE_CANDIDATE
EMP-02417,Microsoft Finland,microsoft.com,Finland,ats-scrapers,6b44a1badc9bfbf5cf176f75265cc5729e520e99,eightfold,Microsoft,microsoft,https://microsoft.eightfold.ai/careers,HIGH_CONFIDENCE,SLUG_PLUS_NAME,board slug/host token equals domain company token + compatible names,false,,DECLARATIVE_SUPPORTED,MULTI_SOURCE_CANDIDATE
EMP-02417,Microsoft Finland,microsoft.com,Finland,ats-scrapers,6b44a1badc9bfbf5cf176f75265cc5729e520e99,smartrecruiters,Microsoft,microsoft,https://careers.smartrecruiters.com/microsoft,HIGH_CONFIDENCE,SLUG_PLUS_NAME,board slug/host token equals domain company token + compatible names,false,,LEGACY_SUPPORTED,MULTI_SOURCE_CANDIDATE
EMP-02417,Microsoft Finland,microsoft.com,Finland,ats-scrapers,6b44a1badc9bfbf5cf176f75265cc5729e520e99,workable,Microsoft,microsoft,https://apply.workable.com/microsoft,HIGH_CONFIDENCE,SLUG_PLUS_NAME,board slug/host token equals domain company token + compatible names,false,,UNSUPPORTED,MULTI_SOURCE_CANDIDATE
EMP-02419,Nokia Finland,nokia.com,Finland,ats-scrapers,6b44a1badc9bfbf5cf176f75265cc5729e520e99,smartrecruiters,nokia,nokia,https://careers.smartrecruiters.com/nokia,HIGH_CONFIDENCE,SLUG_PLUS_NAME,board slug/host token equals domain company token + compatible names,false,,LEGACY_SUPPORTED,SINGLE_SOURCE_CANDIDATE
EMP-02428,SSH Communications Security Oyj,ssh.com,Finland,ats-scrapers,6b44a1badc9bfbf5cf176f75265cc5729e520e99,teamtailor,French Express,ssh,https://ssh.teamtailor.com,CANDIDATE,SLUG,board slug/host token equals domain company token but names differ; inspect,false,,UNSUPPORTED,SINGLE_SOURCE_CANDIDATE
EMP-02433,Advenica Oy,,Finland,ats-scrapers,6b44a1badc9bfbf5cf176f75265cc5729e520e99,teamtailor,Advenica,advenica,https://advenica.teamtailor.com,CANDIDATE,NAME_EXACT,"exact normalized name match, no domain evidence; inspect",false,,UNSUPPORTED,SINGLE_SOURCE_CANDIDATE
EMP-02463,CareVisioN Oy,,Finland,ats-scrapers,6b44a1badc9bfbf5cf176f75265cc5729e520e99,join_com,Care Vision,care-visioncom,https://join.com/companies/care-visioncom,CANDIDATE,NAME_EXACT,"exact normalized name match, no domain evidence; inspect",false,,UNSUPPORTED,SINGLE_SOURCE_CANDIDATE
EMP-02518,ICEYE Oy,,Finland,ats-scrapers,6b44a1badc9bfbf5cf176f75265cc5729e520e99,ashby,ICEYE,iceye,https://jobs.ashbyhq.com/iceye,CANDIDATE,NAME_EXACT,"exact normalized name match, no domain evidence; inspect",false,,LEGACY_SUPPORTED,MULTI_SOURCE_CANDIDATE
EMP-02518,ICEYE Oy,,Finland,ats-scrapers,6b44a1badc9bfbf5cf176f75265cc5729e520e99,workable,ICEYE,iceye,https://apply.workable.com/iceye,CANDIDATE,NAME_EXACT,"exact normalized name match, no domain evidence; inspect",false,,UNSUPPORTED,MULTI_SOURCE_CANDIDATE
EMP-02579,Nokia Solutions and Networks Oy,nokia.com,Finland,ats-scrapers,6b44a1badc9bfbf5cf176f75265cc5729e520e99,smartrecruiters,nokia,nokia,https://careers.smartrecruiters.com/nokia,HIGH_CONFIDENCE,SLUG_PLUS_NAME,board slug/host token equals domain company token + compatible names,false,,LEGACY_SUPPORTED,SINGLE_SOURCE_CANDIDATE
EMP-02596,Oy L M Ericsson Ab,ericsson.com,Finland,ats-scrapers,6b44a1badc9bfbf5cf176f75265cc5729e520e99,eightfold,Ericsson,ericsson,https://ericsson.eightfold.ai/careers,HIGH_CONFIDENCE,SLUG_PLUS_NAME,board slug/host token equals domain company token + compatible names,false,,DECLARATIVE_SUPPORTED,MULTI_SOURCE_CANDIDATE
EMP-02596,Oy L M Ericsson Ab,ericsson.com,Finland,ats-scrapers,6b44a1badc9bfbf5cf176f75265cc5729e520e99,smartrecruiters,Ericsson,ericsson,https://careers.smartrecruiters.com/ericsson,HIGH_CONFIDENCE,SLUG_PLUS_NAME,board slug/host token equals domain company token + compatible names,false,,LEGACY_SUPPORTED,MULTI_SOURCE_CANDIDATE
EMP-02596,Oy L M Ericsson Ab,ericsson.com,Finland,ats-scrapers,6b44a1badc9bfbf5cf176f75265cc5729e520e99,successfactors,Ericsson,Ericsson,https://career2.successfactors.eu/career?company=Ericsson,HIGH_CONFIDENCE,SLUG_PLUS_NAME,board slug/host token equals domain company token + compatible names,false,,LEGACY_SUPPORTED,MULTI_SOURCE_CANDIDATE
EMP-02607,Prevas Oy,,Finland,ats-scrapers,6b44a1badc9bfbf5cf176f75265cc5729e520e99,teamtailor,Prevas,prevas,https://prevas.teamtailor.com,CANDIDATE,NAME_EXACT,"exact normalized name match, no domain evidence; inspect",false,,UNSUPPORTED,SINGLE_SOURCE_CANDIDATE
EMP-02643,Siemens Osakeyhtiö,siemens.com,Finland,ats-scrapers,6b44a1badc9bfbf5cf176f75265cc5729e520e99,teamtailor,Siemens,siemens,https://siemens.teamtailor.com,HIGH_CONFIDENCE,SLUG_PLUS_NAME,board slug/host token equals domain company token + compatible names,false,,UNSUPPORTED,SINGLE_SOURCE_CANDIDATE
EMP-02644,Siili Solutions Oyj,,Finland,ats-scrapers,6b44a1badc9bfbf5cf176f75265cc5729e520e99,teamtailor,Siili Solutions,siili,https://siili.teamtailor.com,CANDIDATE,NAME_EXACT,"exact normalized name match, no domain evidence; inspect",false,,UNSUPPORTED,SINGLE_SOURCE_CANDIDATE
EMP-02671,Tieto,,Finland,ats-scrapers,6b44a1badc9bfbf5cf176f75265cc5729e520e99,workday,Tieto,tieto/Tieto_Careers_External_Site,https://tieto.wd3.myworkdayjobs.com/Tieto_Careers_External_Site,CANDIDATE,NAME_EXACT,"exact normalized name match, no domain evidence; inspect",false,,LEGACY_SUPPORTED,SINGLE_SOURCE_CANDIDATE
EMP-02680,Vaisala Oyj,,Finland,ats-scrapers,6b44a1badc9bfbf5cf176f75265cc5729e520e99,successfactors,Vaisala,vaisalaoyj,https://careers.vaisala.com,CANDIDATE,NAME_EXACT,"exact normalized name match, no domain evidence; inspect",false,,LEGACY_SUPPORTED,SINGLE_SOURCE_CANDIDATE
EMP-02706,ABB Finland Energy,global.abb,Finland,ats-scrapers,6b44a1badc9bfbf5cf176f75265cc5729e520e99,breezy,global,global,https://global.breezy.hr,CANDIDATE,SLUG,board slug/host token equals domain company token but names differ; inspect,false,,UNSUPPORTED,MULTI_SOURCE_CANDIDATE
EMP-02706,ABB Finland Energy,global.abb,Finland,ats-scrapers,6b44a1badc9bfbf5cf176f75265cc5729e520e99,workday,Global Partners,global/globalpartnerscareers,https://global.wd1.myworkdayjobs.com/globalpartnerscareers,CANDIDATE,SLUG,board slug/host token equals domain company token but names differ; inspect,false,,LEGACY_SUPPORTED,MULTI_SOURCE_CANDIDATE
EMP-02745,Siemens Finland,siemens.com,Finland,ats-scrapers,6b44a1badc9bfbf5cf176f75265cc5729e520e99,teamtailor,Siemens,siemens,https://siemens.teamtailor.com,HIGH_CONFIDENCE,SLUG_PLUS_NAME,board slug/host token equals domain company token + compatible names,false,,UNSUPPORTED,SINGLE_SOURCE_CANDIDATE
EMP-02787,Barclays Bank Ireland France,home.barclays,France,ats-scrapers,6b44a1badc9bfbf5cf176f75265cc5729e520e99,join_com,Buena,home,https://join.com/companies/home,CANDIDATE,SLUG,board slug/host token equals domain company token but names differ; inspect,false,,UNSUPPORTED,MULTI_SOURCE_CANDIDATE
EMP-02787,Barclays Bank Ireland France,home.barclays,France,ats-scrapers,6b44a1badc9bfbf5cf176f75265cc5729e520e99,recruiterbox,home,home,https://home.recruiterbox.com,CANDIDATE,SLUG,board slug/host token equals domain company token but names differ; inspect,false,,UNSUPPORTED,MULTI_SOURCE_CANDIDATE
EMP-02787,Barclays Bank Ireland France,home.barclays,France,ats-scrapers,6b44a1badc9bfbf5cf176f75265cc5729e520e99,smartrecruiters,home,home,https://careers.smartrecruiters.com/home,CANDIDATE,SLUG,board slug/host token equals domain company token but names differ; inspect,false,,LEGACY_SUPPORTED,MULTI_SOURCE_CANDIDATE
EMP-02794,CCF,,France,ats-scrapers,6b44a1badc9bfbf5cf176f75265cc5729e520e99,personio,ccf,ccf,https://ccf.jobs.personio.com,CANDIDATE,NAME_EXACT,"exact normalized name match, no domain evidence; inspect",false,,UNSUPPORTED,SINGLE_SOURCE_CANDIDATE
EMP-02801,Deutsche Bank France,db.com,France,ats-scrapers,6b44a1badc9bfbf5cf176f75265cc5729e520e99,workday,Db,db/dbwebsite,https://db.wd3.myworkdayjobs.com/dbwebsite,CANDIDATE,SLUG,board slug/host token equals domain company token but names differ; inspect,false,,LEGACY_SUPPORTED,MULTI_SOURCE_CANDIDATE
EMP-02801,Deutsche Bank France,db.com,France,ats-scrapers,6b44a1badc9bfbf5cf176f75265cc5729e520e99,workday,DWS,db/dwswebsite,https://db.wd3.myworkdayjobs.com/dwswebsite,CANDIDATE,SLUG,board slug/host token equals domain company token but names differ; inspect,false,,LEGACY_SUPPORTED,MULTI_SOURCE_CANDIDATE
EMP-02811,HSBC Continental Europe,continental.com,France,ats-scrapers,6b44a1badc9bfbf5cf176f75265cc5729e520e99,smartrecruiters,Continental,continental,https://careers.smartrecruiters.com/continental,HIGH_CONFIDENCE,SLUG_PLUS_NAME,board slug/host token equals domain company token + compatible names,false,,LEGACY_SUPPORTED,SINGLE_SOURCE_CANDIDATE
EMP-02813,ING Bank France,ing.com,France,ats-scrapers,6b44a1badc9bfbf5cf176f75265cc5729e520e99,workday,Ing,ing/icsausdir,https://ing.wd3.myworkdayjobs.com/icsausdir,CANDIDATE,SLUG,board slug/host token equals domain company token but names differ; inspect,false,,LEGACY_SUPPORTED,MULTI_SOURCE_CANDIDATE
EMP-02813,ING Bank France,ing.com,France,ats-scrapers,6b44a1badc9bfbf5cf176f75265cc5729e520e99,workday,ING,ing/icsgblcor,https://ing.wd3.myworkdayjobs.com/icsgblcor,CANDIDATE,SLUG,board slug/host token equals domain company token but names differ; inspect,false,,LEGACY_SUPPORTED,MULTI_SOURCE_CANDIDATE
EMP-02813,ING Bank France,ing.com,France,ats-scrapers,6b44a1badc9bfbf5cf176f75265cc5729e520e99,workday,Ing,ing/icsnldgen,https://ing.wd3.myworkdayjobs.com/icsnldgen,CANDIDATE,SLUG,board slug/host token equals domain company token but names differ; inspect,false,,LEGACY_SUPPORTED,MULTI_SOURCE_CANDIDATE
EMP-02813,ING Bank France,ing.com,France,ats-scrapers,6b44a1badc9bfbf5cf176f75265cc5729e520e99,workday,Ing (Jvsgblcor),ing/jvsgblcor,https://ing.wd3.myworkdayjobs.com/jvsgblcor,CANDIDATE,SLUG,board slug/host token equals domain company token but names differ; inspect,false,,LEGACY_SUPPORTED,MULTI_SOURCE_CANDIDATE
EMP-02814,Intesa Sanpaolo France,group.intesasanpaolo.com,France,ats-scrapers,6b44a1badc9bfbf5cf176f75265cc5729e520e99,successfactors,Intesa Sanpaolo,jobs,https://jobs.intesasanpaolo.com,HIGH_CONFIDENCE,URL_EXACT,internal resolved portal URL equals external board URL,false,,LEGACY_SUPPORTED,SINGLE_SOURCE_CANDIDATE
EMP-02832,Morgan Stanley Europe France,morganstanley.com,France,ats-scrapers,6b44a1badc9bfbf5cf176f75265cc5729e520e99,eightfold,Morgan Stanley,morganstanley,https://morganstanley.eightfold.ai/careers,HIGH_CONFIDENCE,SLUG_PLUS_NAME,board slug/host token equals domain company token + compatible names,false,,DECLARATIVE_SUPPORTED,MULTI_SOURCE_CANDIDATE
EMP-02832,Morgan Stanley Europe France,morganstanley.com,France,ats-scrapers,6b44a1badc9bfbf5cf176f75265cc5729e520e99,smartrecruiters,Morgan stanley,morganstanley,https://careers.smartrecruiters.com/morganstanley,HIGH_CONFIDENCE,SLUG_PLUS_NAME,board slug/host token equals domain company token + compatible names,false,,LEGACY_SUPPORTED,MULTI_SOURCE_CANDIDATE
EMP-02835,National Australia Bank Europe France,nab.com.au,France,ats-scrapers,6b44a1badc9bfbf5cf176f75265cc5729e520e99,workday,Nab,nab/bnz_careers,https://nab.wd3.myworkdayjobs.com/bnz_careers,CANDIDATE,SLUG,board slug/host token equals domain company token but names differ; inspect,false,,LEGACY_SUPPORTED,SINGLE_SOURCE_CANDIDATE
EMP-02886,Michelin,,France,ats-scrapers,6b44a1badc9bfbf5cf176f75265cc5729e520e99,workday,Michelin,michelinhr/michelin,https://michelinhr.wd3.myworkdayjobs.com/michelin,CANDIDATE,NAME_EXACT,"exact normalized name match, no domain evidence; inspect",false,,LEGACY_SUPPORTED,SINGLE_SOURCE_CANDIDATE
EMP-02896,SNF,,France,ats-scrapers,6b44a1badc9bfbf5cf176f75265cc5729e520e99,icims,snf,snf,https://careers-snf.icims.com,CANDIDATE,NAME_EXACT,"exact normalized name match, no domain evidence; inspect",false,,UNSUPPORTED,SINGLE_SOURCE_CANDIDATE
EMP-02901,TotalEnergies France,totalenergies.com,France,ats-scrapers,6b44a1badc9bfbf5cf176f75265cc5729e520e99,bamboohr,totalenergies,totalenergies,https://totalenergies.bamboohr.com/careers,HIGH_CONFIDENCE,SLUG_PLUS_NAME,board slug/host token equals domain company token + compatible names,false,,UNSUPPORTED,MULTI_SOURCE_CANDIDATE
EMP-02901,TotalEnergies France,totalenergies.com,France,ats-scrapers,6b44a1badc9bfbf5cf176f75265cc5729e520e99,moka,TotalEnergies,totalenergies/100441,https://app.mokahr.com/social-recruitment/totalenergies/100441,HIGH_CONFIDENCE,SLUG_PLUS_NAME,board slug/host token equals domain company token + compatible names,false,,UNSUPPORTED,MULTI_SOURCE_CANDIDATE
EMP-02961,Carma,,France,ats-scrapers,6b44a1badc9bfbf5cf176f75265cc5729e520e99,pinpoint,Carma,carma,https://carma.pinpointhq.com,CANDIDATE,NAME_EXACT,"exact normalized name match, no domain evidence; inspect",false,,UNSUPPORTED,MULTI_SOURCE_CANDIDATE
EMP-02961,Carma,,France,ats-scrapers,6b44a1badc9bfbf5cf176f75265cc5729e520e99,workable,CARMA,carma-1,https://apply.workable.com/carma-1,CANDIDATE,NAME_EXACT,"exact normalized name match, no domain evidence; inspect",false,,UNSUPPORTED,MULTI_SOURCE_CANDIDATE
EMP-02964,Covéa,,France,ats-scrapers,6b44a1badc9bfbf5cf176f75265cc5729e520e99,jazzhr,Cova,cova,https://cova.applytojob.com,CANDIDATE,NAME_EXACT,"exact normalized name match, no domain evidence; inspect",false,,UNSUPPORTED,SINGLE_SOURCE_CANDIDATE
EMP-02972,Generali France,generali.com,France,ats-scrapers,6b44a1badc9bfbf5cf176f75265cc5729e520e99,teamtailor,Generali,generali,https://generali.teamtailor.com,HIGH_CONFIDENCE,SLUG_PLUS_NAME,board slug/host token equals domain company token + compatible names,false,,UNSUPPORTED,SINGLE_SOURCE_CANDIDATE
EMP-02991,QBE Europe France,qbe.com,France,ats-scrapers,6b44a1badc9bfbf5cf176f75265cc5729e520e99,workday,Qbe,qbe/qbe-careers,https://qbe.wd3.myworkdayjobs.com/qbe-careers,CANDIDATE,SLUG,board slug/host token equals domain company token but names differ; inspect,false,,LEGACY_SUPPORTED,SINGLE_SOURCE_CANDIDATE
EMP-03009,ACI GROUP,,France,ats-scrapers,6b44a1badc9bfbf5cf176f75265cc5729e520e99,smartrecruiters,ACI Group,acigroup,https://careers.smartrecruiters.com/acigroup,CANDIDATE,NAME_EXACT,"exact normalized name match, no domain evidence; inspect",false,,LEGACY_SUPPORTED,SINGLE_SOURCE_CANDIDATE
EMP-03038,AVEVA,,France,ats-scrapers,6b44a1badc9bfbf5cf176f75265cc5729e520e99,workday,Aveva,aveva/aveva_careers,https://aveva.wd3.myworkdayjobs.com/aveva_careers,CANDIDATE,NAME_EXACT,"exact normalized name match, no domain evidence; inspect",false,,LEGACY_SUPPORTED,SINGLE_SOURCE_CANDIDATE
EMP-03047,BUREAU VERITAS,,France,ats-scrapers,6b44a1badc9bfbf5cf176f75265cc5729e520e99,jazzhr,bureauveritas,bureauveritas,https://bureauveritas.applytojob.com,CANDIDATE,NAME_EXACT,"exact normalized name match, no domain evidence; inspect",false,,UNSUPPORTED,SINGLE_SOURCE_CANDIDATE
EMP-03084,DELAIR,,France,ats-scrapers,6b44a1badc9bfbf5cf176f75265cc5729e520e99,teamtailor,Delair,delair,https://delair.teamtailor.com,CANDIDATE,NAME_EXACT,"exact normalized name match, no domain evidence; inspect",false,,UNSUPPORTED,SINGLE_SOURCE_CANDIDATE
EMP-03090,EDEN,,France,ats-scrapers,6b44a1badc9bfbf5cf176f75265cc5729e520e99,bamboohr,eden,eden,https://eden.bamboohr.com/careers,CANDIDATE,NAME_EXACT,"exact normalized name match, no domain evidence; inspect",false,,UNSUPPORTED,SINGLE_SOURCE_CANDIDATE
EMP-03103,EQUANS,,France,ats-scrapers,6b44a1badc9bfbf5cf176f75265cc5729e520e99,icims,EQUANS,https://enfrench-equans.icims.com,https://enfrench-equans.icims.com,CANDIDATE,NAME_EXACT,"exact normalized name match, no domain evidence; inspect",false,,UNSUPPORTED,SINGLE_SOURCE_CANDIDATE
EMP-03122,FINX,,France,ats-scrapers,6b44a1badc9bfbf5cf176f75265cc5729e520e99,gupy,Finx,finx,https://finx.gupy.io,CANDIDATE,NAME_EXACT,"exact normalized name match, no domain evidence; inspect",false,,UNSUPPORTED,MULTI_SOURCE_CANDIDATE
EMP-03122,FINX,,France,ats-scrapers,6b44a1badc9bfbf5cf176f75265cc5729e520e99,gupy,Fin-X,finxapp,https://finxapp.gupy.io,CANDIDATE,NAME_EXACT,"exact normalized name match, no domain evidence; inspect",false,,UNSUPPORTED,MULTI_SOURCE_CANDIDATE
EMP-03144,HEMERIA,,France,ats-scrapers,6b44a1badc9bfbf5cf176f75265cc5729e520e99,recruitee,HEMERIA,hemeriagroup,https://hemeriagroup.recruitee.com,CANDIDATE,NAME_EXACT,"exact normalized name match, no domain evidence; inspect",false,,UNSUPPORTED,SINGLE_SOURCE_CANDIDATE
EMP-03165,LACROIX,,France,ats-scrapers,6b44a1badc9bfbf5cf176f75265cc5729e520e99,smartrecruiters,LACROIX,LACROIX1,https://careers.smartrecruiters.com/LACROIX1,CANDIDATE,NAME_EXACT,"exact normalized name match, no domain evidence; inspect",false,,LEGACY_SUPPORTED,SINGLE_SOURCE_CANDIDATE
EMP-03231,S.B.S.,,France,ats-scrapers,6b44a1badc9bfbf5cf176f75265cc5729e520e99,bamboohr,sbs,sbs,https://sbs.bamboohr.com/careers,CANDIDATE,NAME_EXACT,"exact normalized name match, no domain evidence; inspect",false,,UNSUPPORTED,SINGLE_SOURCE_CANDIDATE
EMP-03232,SAFRAN.AI,safran-group.com,France,ats-scrapers,6b44a1badc9bfbf5cf176f75265cc5729e520e99,lever,Safran.AI,safran-ai,https://jobs.lever.co/safran-ai,CANDIDATE,NAME_EXACT,"exact normalized name match, no domain evidence; inspect",false,,LEGACY_SUPPORTED,SINGLE_SOURCE_CANDIDATE
EMP-03233,SAFT SA,,France,ats-scrapers,6b44a1badc9bfbf5cf176f75265cc5729e520e99,icims,Saft,saft,https://careers-saft.icims.com,CANDIDATE,NAME_EXACT,"exact normalized name match, no domain evidence; inspect",false,,UNSUPPORTED,SINGLE_SOURCE_CANDIDATE
EMP-03240,SEGULA TECHNOLOGIES,,France,ats-scrapers,6b44a1badc9bfbf5cf176f75265cc5729e520e99,smartrecruiters,Segula Technologies,segulatechnologies,https://careers.smartrecruiters.com/segulatechnologies,CANDIDATE,NAME_EXACT,"exact normalized name match, no domain evidence; inspect",false,,LEGACY_SUPPORTED,SINGLE_SOURCE_CANDIDATE
EMP-03251,SOCOMEC,,France,ats-scrapers,6b44a1badc9bfbf5cf176f75265cc5729e520e99,oracle,Socomec,iahxgs/cx_1001,https://iahxgs.fa.ocs.oraclecloud.com/hcmUI/CandidateExperience/en/sites/cx_1001,CANDIDATE,NAME_EXACT,"exact normalized name match, no domain evidence; inspect",false,,LEGACY_SUPPORTED,SINGLE_SOURCE_CANDIDATE
EMP-03255,SOPRA STERIA Group,soprasteria.com,France,ats-scrapers,6b44a1badc9bfbf5cf176f75265cc5729e520e99,bamboohr,soprasteria,soprasteria,https://soprasteria.bamboohr.com/careers,HIGH_CONFIDENCE,SLUG_PLUS_NAME,board slug/host token equals domain company token + compatible names,false,,UNSUPPORTED,SINGLE_SOURCE_CANDIDATE
EMP-03312,Aleph,,France / Europe,ats-scrapers,6b44a1badc9bfbf5cf176f75265cc5729e520e99,ashby,Aleph,aleph,https://jobs.ashbyhq.com/aleph,CANDIDATE,NAME_EXACT,"exact normalized name match, no domain evidence; inspect",false,,LEGACY_SUPPORTED,MULTI_SOURCE_CANDIDATE
EMP-03312,Aleph,,France / Europe,ats-scrapers,6b44a1badc9bfbf5cf176f75265cc5729e520e99,lever,Aleph,aleph,https://jobs.lever.co/aleph,CANDIDATE,NAME_EXACT,"exact normalized name match, no domain evidence; inspect",false,,LEGACY_SUPPORTED,MULTI_SOURCE_CANDIDATE
EMP-03326,CELESTE,,France / Europe,ats-scrapers,6b44a1badc9bfbf5cf176f75265cc5729e520e99,jazzhr,celeste,celeste,https://celeste.applytojob.com,CANDIDATE,NAME_EXACT,"exact normalized name match, no domain evidence; inspect",false,,UNSUPPORTED,SINGLE_SOURCE_CANDIDATE
EMP-03334,CryptoNext Security,,France / Europe,ats-scrapers,6b44a1badc9bfbf5cf176f75265cc5729e520e99,workable,Cryptonext Security,cryptonext-security,https://apply.workable.com/cryptonext-security,CANDIDATE,NAME_EXACT,"exact normalized name match, no domain evidence; inspect",false,,UNSUPPORTED,SINGLE_SOURCE_CANDIDATE
EMP-03342,CyberVadis,,France / Europe,ats-scrapers,6b44a1badc9bfbf5cf176f75265cc5729e520e99,bamboohr,Cybervadis,cybervadis,https://cybervadis.bamboohr.com/careers,CANDIDATE,NAME_EXACT,"exact normalized name match, no domain evidence; inspect",false,,UNSUPPORTED,MULTI_SOURCE_CANDIDATE
EMP-03342,CyberVadis,,France / Europe,ats-scrapers,6b44a1badc9bfbf5cf176f75265cc5729e520e99,smartrecruiters,CyberVadis,cybervadis,https://careers.smartrecruiters.com/cybervadis,CANDIDATE,NAME_EXACT,"exact normalized name match, no domain evidence; inspect",false,,LEGACY_SUPPORTED,MULTI_SOURCE_CANDIDATE
EMP-03349,DEEP,,France / Europe,ats-scrapers,6b44a1badc9bfbf5cf176f75265cc5729e520e99,personio,deep,deep,https://deep.jobs.personio.com,CANDIDATE,NAME_EXACT,"exact normalized name match, no domain evidence; inspect",false,,UNSUPPORTED,SINGLE_SOURCE_CANDIDATE
EMP-03362,EVIDEN - ATOS Group,atos.net,France / Europe,ats-scrapers,6b44a1badc9bfbf5cf176f75265cc5729e520e99,successfactors,Atos,jobs,https://jobs.atos.net,HIGH_CONFIDENCE,URL_EXACT,internal resolved portal URL equals external board URL,false,,LEGACY_SUPPORTED,SINGLE_SOURCE_CANDIDATE
EMP-03364,EY Consulting,ey.com,France / Europe,ats-scrapers,6b44a1badc9bfbf5cf176f75265cc5729e520e99,moka,EY (Ernst & Young),ey/47410,https://app.mokahr.com/social-recruitment/ey/47410,CANDIDATE,SLUG,board slug/host token equals domain company token but names differ; inspect,false,,UNSUPPORTED,MULTI_SOURCE_CANDIDATE
EMP-03364,EY Consulting,ey.com,France / Europe,ats-scrapers,6b44a1badc9bfbf5cf176f75265cc5729e520e99,successfactors,Careers at EY: search jobs,EYHRISPRD1,https://careers.ey.com,HIGH_CONFIDENCE,URL_EXACT,internal resolved portal URL equals external board URL,false,,LEGACY_SUPPORTED,MULTI_SOURCE_CANDIDATE
EMP-03369,Filigran,,France / Europe,ats-scrapers,6b44a1badc9bfbf5cf176f75265cc5729e520e99,ashby,Filigran,filigran,https://jobs.ashbyhq.com/filigran,CANDIDATE,NAME_EXACT,"exact normalized name match, no domain evidence; inspect",false,,LEGACY_SUPPORTED,SINGLE_SOURCE_CANDIDATE
EMP-03373,HarfangLab,,France / Europe,ats-scrapers,6b44a1badc9bfbf5cf176f75265cc5729e520e99,teamtailor,HarfangLab,harfanglab-1666711819,https://harfanglab-1666711819.teamtailor.com,CANDIDATE,NAME_EXACT,"exact normalized name match, no domain evidence; inspect",false,,UNSUPPORTED,SINGLE_SOURCE_CANDIDATE
EMP-03423,Retarus,,France / Europe,ats-scrapers,6b44a1badc9bfbf5cf176f75265cc5729e520e99,cornerstone,Retarus,https://retarus-learning.csod.com/ux/ats/careersite/4/home?c=retarus-learning,https://retarus-learning.csod.com/ux/ats/careersite/4/home?c=retarus-learning,CANDIDATE,NAME_EXACT,"exact normalized name match, no domain evidence; inspect",false,,UNSUPPORTED,MULTI_SOURCE_CANDIDATE
EMP-03423,Retarus,,France / Europe,ats-scrapers,6b44a1badc9bfbf5cf176f75265cc5729e520e99,cornerstone,Retarus,retarus-learning,https://retarus-learning.csod.com/ux/ats/careersite/1/home?c=retarus-learning,CANDIDATE,NAME_EXACT,"exact normalized name match, no domain evidence; inspect",false,,UNSUPPORTED,MULTI_SOURCE_CANDIDATE
EMP-03427,SCALEWAY,,France / Europe,ats-scrapers,6b44a1badc9bfbf5cf176f75265cc5729e520e99,lever,Scaleway,scaleway,https://jobs.lever.co/scaleway,CANDIDATE,NAME_EXACT,"exact normalized name match, no domain evidence; inspect",false,,LEGACY_SUPPORTED,SINGLE_SOURCE_CANDIDATE
EMP-03428,SCALITY,,France / Europe,ats-scrapers,6b44a1badc9bfbf5cf176f75265cc5729e520e99,bamboohr,Scality,scality,https://scality.bamboohr.com/careers,CANDIDATE,NAME_EXACT,"exact normalized name match, no domain evidence; inspect",false,,UNSUPPORTED,MULTI_SOURCE_CANDIDATE
EMP-03428,SCALITY,,France / Europe,ats-scrapers,6b44a1badc9bfbf5cf176f75265cc5729e520e99,lever,Scality,scality,https://jobs.lever.co/scality,CANDIDATE,NAME_EXACT,"exact normalized name match, no domain evidence; inspect",false,,LEGACY_SUPPORTED,MULTI_SOURCE_CANDIDATE
EMP-03436,SOSAFE,,France / Europe,ats-scrapers,6b44a1badc9bfbf5cf176f75265cc5729e520e99,ashby,SoSafe,sosafe,https://jobs.ashbyhq.com/sosafe,CANDIDATE,NAME_EXACT,"exact normalized name match, no domain evidence; inspect",false,,LEGACY_SUPPORTED,SINGLE_SOURCE_CANDIDATE
EMP-03457,YOUTRUST,,France / Europe,ats-scrapers,6b44a1badc9bfbf5cf176f75265cc5729e520e99,herp,株式会社YOUTRUST,youtrustinc,https://herp.careers/v1/youtrustinc,CANDIDATE,NAME_EXACT,"exact normalized name match, no domain evidence; inspect",false,,UNSUPPORTED,SINGLE_SOURCE_CANDIDATE
EMP-03463,AUDI AG,volkswagen-group.com,Germany,ats-scrapers,6b44a1badc9bfbf5cf176f75265cc5729e520e99,successfactors,Your job at the Volkswagen Group,VWAGLPPROD10,https://jobs.volkswagen-group.com,HIGH_CONFIDENCE,URL_EXACT,internal resolved portal URL equals external board URL,false,,LEGACY_SUPPORTED,SINGLE_SOURCE_CANDIDATE
EMP-03466,Burkard Bovensiepen GmbH + Co. KG,,Germany,ats-scrapers,6b44a1badc9bfbf5cf176f75265cc5729e520e99,join_com,Burkard Bovensiepen GmbH + Co. KG,bovensiepencom,https://join.com/companies/bovensiepencom,CANDIDATE,NAME_EXACT,"exact normalized name match, no domain evidence; inspect",false,,UNSUPPORTED,SINGLE_SOURCE_CANDIDATE
EMP-03468,Dr. Ing. h.c. F. Porsche AG,volkswagen-group.com,Germany,ats-scrapers,6b44a1badc9bfbf5cf176f75265cc5729e520e99,successfactors,Your job at the Volkswagen Group,VWAGLPPROD10,https://jobs.volkswagen-group.com,HIGH_CONFIDENCE,URL_EXACT,internal resolved portal URL equals external board URL,false,,LEGACY_SUPPORTED,SINGLE_SOURCE_CANDIDATE
EMP-03488,ACPS Automotive GmbH,,Germany,ats-scrapers,6b44a1badc9bfbf5cf176f75265cc5729e520e99,successfactors,Acps Automotive,acpsautomo,https://careers.acps-automotive.com,CANDIDATE,NAME_EXACT,"exact normalized name match, no domain evidence; inspect",false,,LEGACY_SUPPORTED,SINGLE_SOURCE_CANDIDATE
EMP-03503,Apex.AI GmbH,,Germany,ats-scrapers,6b44a1badc9bfbf5cf176f75265cc5729e520e99,bamboohr,Apex Ai,apexai,https://apexai.bamboohr.com/careers,CANDIDATE,NAME_EXACT,"exact normalized name match, no domain evidence; inspect",false,,UNSUPPORTED,MULTI_SOURCE_CANDIDATE
EMP-03503,Apex.AI GmbH,,Germany,ats-scrapers,6b44a1badc9bfbf5cf176f75265cc5729e520e99,lever,Apex.AI,apex-ai,https://jobs.lever.co/apex-ai,CANDIDATE,NAME_EXACT,"exact normalized name match, no domain evidence; inspect",false,,LEGACY_SUPPORTED,MULTI_SOURCE_CANDIDATE
EMP-03505,Aptiv Services Deutschland GmbH,aptiv.com,Germany,ats-scrapers,6b44a1badc9bfbf5cf176f75265cc5729e520e99,join_com,Aptiv Services Deutschland GmbH,aptiv,https://join.com/companies/aptiv,HIGH_CONFIDENCE,SLUG_PLUS_NAME,board slug/host token equals domain company token + compatible names,false,,UNSUPPORTED,MULTI_SOURCE_CANDIDATE
EMP-03505,Aptiv Services Deutschland GmbH,aptiv.com,Germany,ats-scrapers,6b44a1badc9bfbf5cf176f75265cc5729e520e99,workday,Aptiv,aptiv/aptiv_careers,https://aptiv.wd5.myworkdayjobs.com/aptiv_careers,HIGH_CONFIDENCE,SLUG_PLUS_NAME,board slug/host token equals domain company token + compatible names,false,,LEGACY_SUPPORTED,MULTI_SOURCE_CANDIDATE
EMP-03508,ASG GmbH,,Germany,ats-scrapers,6b44a1badc9bfbf5cf176f75265cc5729e520e99,greenhouse,ASG,asg,https://job-boards.greenhouse.io/asg,CANDIDATE,NAME_EXACT,"exact normalized name match, no domain evidence; inspect",false,,LEGACY_SUPPORTED,MULTI_SOURCE_CANDIDATE
EMP-03508,ASG GmbH,,Germany,ats-scrapers,6b44a1badc9bfbf5cf176f75265cc5729e520e99,greenhouse,-ASG-,asgjobs,https://job-boards.greenhouse.io/asgjobs,CANDIDATE,NAME_EXACT,"exact normalized name match, no domain evidence; inspect",false,,LEGACY_SUPPORTED,MULTI_SOURCE_CANDIDATE
EMP-03508,ASG GmbH,,Germany,ats-scrapers,6b44a1badc9bfbf5cf176f75265cc5729e520e99,jazzhr,asg,asg,https://asg.applytojob.com,CANDIDATE,NAME_EXACT,"exact normalized name match, no domain evidence; inspect",false,,UNSUPPORTED,MULTI_SOURCE_CANDIDATE
EMP-03508,ASG GmbH,,Germany,ats-scrapers,6b44a1badc9bfbf5cf176f75265cc5729e520e99,paycom,ASG,dabd0e77535e4aebfc4004f6d0d2e214,https://paycomonline.net/v4/ats/web.php/portal/dabd0e77535e4aebfc4004f6d0d2e214/career-page,CANDIDATE,NAME_EXACT,"exact normalized name match, no domain evidence; inspect",false,,UNSUPPORTED,MULTI_SOURCE_CANDIDATE
EMP-03508,ASG GmbH,,Germany,ats-scrapers,6b44a1badc9bfbf5cf176f75265cc5729e520e99,personio,asg,asg,https://asg.jobs.personio.com,CANDIDATE,NAME_EXACT,"exact normalized name match, no domain evidence; inspect",false,,UNSUPPORTED,MULTI_SOURCE_CANDIDATE
EMP-03516,AUMOVIO GERMANY GmbH,continental.com,Germany,ats-scrapers,6b44a1badc9bfbf5cf176f75265cc5729e520e99,smartrecruiters,Continental,continental,https://careers.smartrecruiters.com/continental,CANDIDATE,SLUG,board slug/host token equals domain company token but names differ; inspect,false,,LEGACY_SUPPORTED,SINGLE_SOURCE_CANDIDATE
EMP-03517,AUMOVIO SE,continental.com,Germany,ats-scrapers,6b44a1badc9bfbf5cf176f75265cc5729e520e99,smartrecruiters,Aumovio,aumovio,https://careers.smartrecruiters.com/aumovio,CANDIDATE,NAME_EXACT,"exact normalized name match, no domain evidence; inspect",false,,LEGACY_SUPPORTED,MULTI_SOURCE_CANDIDATE
EMP-03517,AUMOVIO SE,continental.com,Germany,ats-scrapers,6b44a1badc9bfbf5cf176f75265cc5729e520e99,smartrecruiters,Continental,continental,https://careers.smartrecruiters.com/continental,CANDIDATE,SLUG,board slug/host token equals domain company token but names differ; inspect,false,,LEGACY_SUPPORTED,MULTI_SOURCE_CANDIDATE
EMP-03541,BREMSKERL-REIBBELAGWERKE EMMERLING GMBH & CO. KG,,Germany,ats-scrapers,6b44a1badc9bfbf5cf176f75265cc5729e520e99,join_com,BREMSKERL-REIBBELAGWERKE Emmerling GmbH & Co. KG,bremskerl,https://join.com/companies/bremskerl,CANDIDATE,NAME_EXACT,"exact normalized name match, no domain evidence; inspect",false,,UNSUPPORTED,SINGLE_SOURCE_CANDIDATE
EMP-03565,CYBEX GmbH,,Germany,ats-scrapers,6b44a1badc9bfbf5cf176f75265cc5729e520e99,successfactors,CYBEX,careers,https://careers.cybex-online.com,CANDIDATE,NAME_EXACT,"exact normalized name match, no domain evidence; inspect",false,,LEGACY_SUPPORTED,SINGLE_SOURCE_CANDIDATE
EMP-03588,ElringKlinger AG,,Germany,ats-scrapers,6b44a1badc9bfbf5cf176f75265cc5729e520e99,workday,ElringKlinger,elringklinger/external,https://elringklinger.wd3.myworkdayjobs.com/external,CANDIDATE,NAME_EXACT,"exact normalized name match, no domain evidence; inspect",false,,LEGACY_SUPPORTED,SINGLE_SOURCE_CANDIDATE
EMP-03639,GRAMMER AG,,Germany,ats-scrapers,6b44a1badc9bfbf5cf176f75265cc5729e520e99,cornerstone,GRAMMER,grammer-performance-management,https://grammer-performance-management.csod.com/ux/ats/careersite/1/home?c=grammer-performance-management,CANDIDATE,NAME_EXACT,"exact normalized name match, no domain evidence; inspect",false,,UNSUPPORTED,SINGLE_SOURCE_CANDIDATE
EMP-03653,HELBAKO GmbH,,Germany,ats-scrapers,6b44a1badc9bfbf5cf176f75265cc5729e520e99,personio,Helbako,helbako,https://helbako.jobs.personio.com,CANDIDATE,NAME_EXACT,"exact normalized name match, no domain evidence; inspect",false,,UNSUPPORTED,SINGLE_SOURCE_CANDIDATE
EMP-03680,JAHN interprof GmbH,,Germany,ats-scrapers,6b44a1badc9bfbf5cf176f75265cc5729e520e99,join_com,JAHN interprof GmbH,jahn-interprof,https://join.com/companies/jahn-interprof,CANDIDATE,NAME_EXACT,"exact normalized name match, no domain evidence; inspect",false,,UNSUPPORTED,SINGLE_SOURCE_CANDIDATE
EMP-03685,Joyson Safety Systems Aschaffenburg GmbH,,Germany,ats-scrapers,6b44a1badc9bfbf5cf176f75265cc5729e520e99,join_com,Joyson Safety Systems Aschaffenburg GmbH,joysonsafety1,https://join.com/companies/joysonsafety1,CANDIDATE,NAME_EXACT,"exact normalized name match, no domain evidence; inspect",false,,UNSUPPORTED,SINGLE_SOURCE_CANDIDATE
EMP-03720,Lear Corporation GmbH,lear.com,Germany,ats-scrapers,6b44a1badc9bfbf5cf176f75265cc5729e520e99,successfactors,Lear Corporation,jobs,https://jobs.lear.com,HIGH_CONFIDENCE,URL_EXACT,internal resolved portal URL equals external board URL,false,,LEGACY_SUPPORTED,SINGLE_SOURCE_CANDIDATE
EMP-03735,Lohmann GmbH & Co. KG,,Germany,ats-scrapers,6b44a1badc9bfbf5cf176f75265cc5729e520e99,softgarden,Lohmann GmbH & Co. KG,lohmann-tapes,https://lohmann-tapes.career.softgarden.de,CANDIDATE,NAME_EXACT,"exact normalized name match, no domain evidence; inspect",false,,UNSUPPORTED,SINGLE_SOURCE_CANDIDATE
EMP-03741,Magna Electronics Germany GmbH,magna.com,Germany,ats-scrapers,6b44a1badc9bfbf5cf176f75265cc5729e520e99,personio,magna,magna,https://magna.jobs.personio.com,HIGH_CONFIDENCE,SLUG_PLUS_NAME,board slug/host token equals domain company token + compatible names,false,,UNSUPPORTED,MULTI_SOURCE_CANDIDATE
EMP-03741,Magna Electronics Germany GmbH,magna.com,Germany,ats-scrapers,6b44a1badc9bfbf5cf176f75265cc5729e520e99,workday,Magna,magna/magna,https://magna.wd3.myworkdayjobs.com/magna,HIGH_CONFIDENCE,SLUG_PLUS_NAME,board slug/host token equals domain company token + compatible names,false,,LEGACY_SUPPORTED,MULTI_SOURCE_CANDIDATE
EMP-03742,Magna Energy Storage Systems GmbH,magna.com,Germany,ats-scrapers,6b44a1badc9bfbf5cf176f75265cc5729e520e99,personio,magna,magna,https://magna.jobs.personio.com,HIGH_CONFIDENCE,SLUG_PLUS_NAME,board slug/host token equals domain company token + compatible names,false,,UNSUPPORTED,MULTI_SOURCE_CANDIDATE
EMP-03742,Magna Energy Storage Systems GmbH,magna.com,Germany,ats-scrapers,6b44a1badc9bfbf5cf176f75265cc5729e520e99,workday,Magna,magna/magna,https://magna.wd3.myworkdayjobs.com/magna,HIGH_CONFIDENCE,SLUG_PLUS_NAME,board slug/host token equals domain company token + compatible names,false,,LEGACY_SUPPORTED,MULTI_SOURCE_CANDIDATE
EMP-03743,Magna International (Germany) GmbH,magna.com,Germany,ats-scrapers,6b44a1badc9bfbf5cf176f75265cc5729e520e99,personio,magna,magna,https://magna.jobs.personio.com,HIGH_CONFIDENCE,SLUG_PLUS_NAME,board slug/host token equals domain company token + compatible names,false,,UNSUPPORTED,MULTI_SOURCE_CANDIDATE
EMP-03743,Magna International (Germany) GmbH,magna.com,Germany,ats-scrapers,6b44a1badc9bfbf5cf176f75265cc5729e520e99,workday,Magna,magna/magna,https://magna.wd3.myworkdayjobs.com/magna,HIGH_CONFIDENCE,SLUG_PLUS_NAME,board slug/host token equals domain company token + compatible names,false,,LEGACY_SUPPORTED,MULTI_SOURCE_CANDIDATE
EMP-03744,Magna PT B.V. & Co. KGaA,magna.com,Germany,ats-scrapers,6b44a1badc9bfbf5cf176f75265cc5729e520e99,personio,magna,magna,https://magna.jobs.personio.com,HIGH_CONFIDENCE,SLUG_PLUS_NAME,board slug/host token equals domain company token + compatible names,false,,UNSUPPORTED,MULTI_SOURCE_CANDIDATE
EMP-03744,Magna PT B.V. & Co. KGaA,magna.com,Germany,ats-scrapers,6b44a1badc9bfbf5cf176f75265cc5729e520e99,workday,Magna,magna/magna,https://magna.wd3.myworkdayjobs.com/magna,HIGH_CONFIDENCE,SLUG_PLUS_NAME,board slug/host token equals domain company token + compatible names,false,,LEGACY_SUPPORTED,MULTI_SOURCE_CANDIDATE
EMP-03745,Magna Spiegelsysteme GmbH,magna.com,Germany,ats-scrapers,6b44a1badc9bfbf5cf176f75265cc5729e520e99,personio,magna,magna,https://magna.jobs.personio.com,HIGH_CONFIDENCE,SLUG_PLUS_NAME,board slug/host token equals domain company token + compatible names,false,,UNSUPPORTED,MULTI_SOURCE_CANDIDATE
EMP-03745,Magna Spiegelsysteme GmbH,magna.com,Germany,ats-scrapers,6b44a1badc9bfbf5cf176f75265cc5729e520e99,workday,Magna,magna/magna,https://magna.wd3.myworkdayjobs.com/magna,HIGH_CONFIDENCE,SLUG_PLUS_NAME,board slug/host token equals domain company token + compatible names,false,,LEGACY_SUPPORTED,MULTI_SOURCE_CANDIDATE
EMP-03747,MAHLE GmbH,,Germany,ats-scrapers,6b44a1badc9bfbf5cf176f75265cc5729e520e99,successfactors,Mahle,mahleinter,https://careers.mahle.com,CANDIDATE,NAME_EXACT,"exact normalized name match, no domain evidence; inspect",false,,LEGACY_SUPPORTED,SINGLE_SOURCE_CANDIDATE
EMP-03762,Meleghy Automotive GmbH & Co. KG,,Germany,ats-scrapers,6b44a1badc9bfbf5cf176f75265cc5729e520e99,join_com,Meleghy Automotive GmbH & Co. KG,meleghyautomotive,https://join.com/companies/meleghyautomotive,CANDIDATE,NAME_EXACT,"exact normalized name match, no domain evidence; inspect",false,,UNSUPPORTED,SINGLE_SOURCE_CANDIDATE
EMP-03779,Motor Ai GmbH,,Germany,ats-scrapers,6b44a1badc9bfbf5cf176f75265cc5729e520e99,join_com,MOTOR Ai,motor-ai,https://join.com/companies/motor-ai,CANDIDATE,NAME_EXACT,"exact normalized name match, no domain evidence; inspect",false,,UNSUPPORTED,SINGLE_SOURCE_CANDIDATE
EMP-03815,Build38 GmbH,,Germany,ats-scrapers,6b44a1badc9bfbf5cf176f75265cc5729e520e99,personio,Build38,build38,https://build38.jobs.personio.com,CANDIDATE,NAME_EXACT,"exact normalized name match, no domain evidence; inspect",false,,UNSUPPORTED,SINGLE_SOURCE_CANDIDATE
EMP-03821,BwFuhrparkService GmbH,,Germany,ats-scrapers,6b44a1badc9bfbf5cf176f75265cc5729e520e99,successfactors,BwFuhrparkService GmbH,bwfuhrpark,https://karriere.bwfuhrpark.de,CANDIDATE,NAME_EXACT,"exact normalized name match, no domain evidence; inspect",false,,LEGACY_SUPPORTED,SINGLE_SOURCE_CANDIDATE
EMP-03822,carmasec GmbH & Co. KG,,Germany,ats-scrapers,6b44a1badc9bfbf5cf176f75265cc5729e520e99,join_com,carmasec GmbH & Co. KG,carmasec,https://join.com/companies/carmasec,CANDIDATE,NAME_EXACT,"exact normalized name match, no domain evidence; inspect",false,,UNSUPPORTED,SINGLE_SOURCE_CANDIDATE
EMP-03867,enclaive GmbH,,Germany,ats-scrapers,6b44a1badc9bfbf5cf176f75265cc5729e520e99,join_com,enclaive GmbH,enclaive,https://join.com/companies/enclaive,CANDIDATE,NAME_EXACT,"exact normalized name match, no domain evidence; inspect",false,,UNSUPPORTED,SINGLE_SOURCE_CANDIDATE
EMP-03878,Eviden Germany GmbH,atos.net,Germany,ats-scrapers,6b44a1badc9bfbf5cf176f75265cc5729e520e99,successfactors,Atos,jobs,https://jobs.atos.net,HIGH_CONFIDENCE,URL_EXACT,internal resolved portal URL equals external board URL,false,,LEGACY_SUPPORTED,SINGLE_SOURCE_CANDIDATE
EMP-03903,keyONE GmbH,,Germany,ats-scrapers,6b44a1badc9bfbf5cf176f75265cc5729e520e99,join_com,KeyOne,keyone1,https://join.com/companies/keyone1,CANDIDATE,NAME_EXACT,"exact normalized name match, no domain evidence; inspect",false,,UNSUPPORTED,SINGLE_SOURCE_CANDIDATE
EMP-03904,KOBIL GmbH,,Germany,ats-scrapers,6b44a1badc9bfbf5cf176f75265cc5729e520e99,join_com,KOBIL GmbH,kobil,https://join.com/companies/kobil,CANDIDATE,NAME_EXACT,"exact normalized name match, no domain evidence; inspect",false,,UNSUPPORTED,MULTI_SOURCE_CANDIDATE
EMP-03904,KOBIL GmbH,,Germany,ats-scrapers,6b44a1badc9bfbf5cf176f75265cc5729e520e99,personio,kobil,kobil,https://kobil.jobs.personio.com,CANDIDATE,NAME_EXACT,"exact normalized name match, no domain evidence; inspect",false,,UNSUPPORTED,MULTI_SOURCE_CANDIDATE
EMP-03918,Matrix42 GmbH,,Germany,ats-scrapers,6b44a1badc9bfbf5cf176f75265cc5729e520e99,personio,Matrix42,matrix42,https://matrix42.jobs.personio.com,CANDIDATE,NAME_EXACT,"exact normalized name match, no domain evidence; inspect",false,,UNSUPPORTED,SINGLE_SOURCE_CANDIDATE
EMP-03922,MTG AG,,Germany,ats-scrapers,6b44a1badc9bfbf5cf176f75265cc5729e520e99,hrmos,株式会社MTG,mtg,https://hrmos.co/pages/mtg/jobs,CANDIDATE,NAME_EXACT,"exact normalized name match, no domain evidence; inspect",false,,UNSUPPORTED,SINGLE_SOURCE_CANDIDATE
EMP-03944,ReliaQuest,,Germany,ats-scrapers,6b44a1badc9bfbf5cf176f75265cc5729e520e99,workday,ReliaQuest,reliaquest/reliaquest_careers,https://reliaquest.wd5.myworkdayjobs.com/reliaquest_careers,CANDIDATE,NAME_EXACT,"exact normalized name match, no domain evidence; inspect",false,,LEGACY_SUPPORTED,SINGLE_SOURCE_CANDIDATE
EMP-03953,SCHUTZWERK GmbH,,Germany,ats-scrapers,6b44a1badc9bfbf5cf176f75265cc5729e520e99,join_com,SCHUTZWERK,schutzwerk,https://join.com/companies/schutzwerk,CANDIDATE,NAME_EXACT,"exact normalized name match, no domain evidence; inspect",false,,UNSUPPORTED,SINGLE_SOURCE_CANDIDATE
EMP-03966,secuvera GmbH,,Germany,ats-scrapers,6b44a1badc9bfbf5cf176f75265cc5729e520e99,join_com,secuvera GmbH,secuvera,https://join.com/companies/secuvera,CANDIDATE,NAME_EXACT,"exact normalized name match, no domain evidence; inspect",false,,UNSUPPORTED,SINGLE_SOURCE_CANDIDATE
EMP-03988,Airbus Helicopters Deutschland GmbH,airbus.com,Germany,ats-scrapers,6b44a1badc9bfbf5cf176f75265cc5729e520e99,bamboohr,airbus,airbus,https://airbus.bamboohr.com/careers,HIGH_CONFIDENCE,SLUG_PLUS_NAME,board slug/host token equals domain company token + compatible names,false,,UNSUPPORTED,SINGLE_SOURCE_CANDIDATE
EMP-03994,Andres Industries AG,,Germany,ats-scrapers,6b44a1badc9bfbf5cf176f75265cc5729e520e99,join_com,Andres Industries AG,andres-industries,https://join.com/companies/andres-industries,CANDIDATE,NAME_EXACT,"exact normalized name match, no domain evidence; inspect",false,,UNSUPPORTED,SINGLE_SOURCE_CANDIDATE
EMP-03996,ArianeGroup GmbH,,Germany,ats-scrapers,6b44a1badc9bfbf5cf176f75265cc5729e520e99,workday,ArianeGroup,arianegroup/groupmobility-subsidiaries,https://arianegroup.wd3.myworkdayjobs.com/groupmobility-subsidiaries,CANDIDATE,NAME_EXACT,"exact normalized name match, no domain evidence; inspect",false,,LEGACY_SUPPORTED,SINGLE_SOURCE_CANDIDATE
EMP-04003,Auterion GmbH,,Germany,ats-scrapers,6b44a1badc9bfbf5cf176f75265cc5729e520e99,greenhouse,Auterion,auterion,https://job-boards.greenhouse.io/auterion,CANDIDATE,NAME_EXACT,"exact normalized name match, no domain evidence; inspect",false,,LEGACY_SUPPORTED,SINGLE_SOURCE_CANDIDATE
EMP-04010,Axxum GmbH,,Germany,ats-scrapers,6b44a1badc9bfbf5cf176f75265cc5729e520e99,softgarden,Axxum GmbH,axxum,https://axxum.career.softgarden.de,CANDIDATE,NAME_EXACT,"exact normalized name match, no domain evidence; inspect",false,,UNSUPPORTED,SINGLE_SOURCE_CANDIDATE
EMP-04027,Brainloop AG,,Germany,ats-scrapers,6b44a1badc9bfbf5cf176f75265cc5729e520e99,greenhouse,Brainloop,brainloop,https://job-boards.greenhouse.io/brainloop,CANDIDATE,NAME_EXACT,"exact normalized name match, no domain evidence; inspect",false,,LEGACY_SUPPORTED,SINGLE_SOURCE_CANDIDATE
EMP-04032,Busch PROtective Germany GmbH & Co. KG,,Germany,ats-scrapers,6b44a1badc9bfbf5cf176f75265cc5729e520e99,join_com,Busch PROtective Germany GmbH & Co. KG,busch-protective,https://join.com/companies/busch-protective,CANDIDATE,NAME_EXACT,"exact normalized name match, no domain evidence; inspect",false,,UNSUPPORTED,SINGLE_SOURCE_CANDIDATE
EMP-04047,"Coface S.A., Niederlassung in Deutschland",,Germany,ats-scrapers,6b44a1badc9bfbf5cf176f75265cc5729e520e99,smartrecruiters,Coface,coface,https://careers.smartrecruiters.com/coface,CANDIDATE,NAME_EXACT,"exact normalized name match, no domain evidence; inspect",false,,LEGACY_SUPPORTED,SINGLE_SOURCE_CANDIDATE
EMP-04050,constellr GmbH,,Germany,ats-scrapers,6b44a1badc9bfbf5cf176f75265cc5729e520e99,recruitee,constellr GmbH,constellr,https://constellr.recruitee.com,CANDIDATE,NAME_EXACT,"exact normalized name match, no domain evidence; inspect",false,,UNSUPPORTED,SINGLE_SOURCE_CANDIDATE
EMP-04064,Deloitte GmbH Wirtschaftsprüfungsgesellschaft,deloitte.com,Germany,ats-scrapers,6b44a1badc9bfbf5cf176f75265cc5729e520e99,eightfold,Deloitte,deloitte,https://deloitte.eightfold.ai/careers,HIGH_CONFIDENCE,SLUG_PLUS_NAME,board slug/host token equals domain company token + compatible names,false,,DECLARATIVE_SUPPORTED,SINGLE_SOURCE_CANDIDATE
EMP-04086,ELBIT Systems Deutschland GmbH & Co. KG,,Germany,ats-scrapers,6b44a1badc9bfbf5cf176f75265cc5729e520e99,join_com,Elbit Systems Deutschland GmbH & Co. KG,elbitsystems-de,https://join.com/companies/elbitsystems-de,CANDIDATE,NAME_EXACT,"exact normalized name match, no domain evidence; inspect",false,,UNSUPPORTED,SINGLE_SOURCE_CANDIDATE
EMP-04094,Ernst & Young GmbH Wirtschaftsprüfungsgesellschaft,ey.com,Germany,ats-scrapers,6b44a1badc9bfbf5cf176f75265cc5729e520e99,moka,EY (Ernst & Young),ey/47410,https://app.mokahr.com/social-recruitment/ey/47410,CANDIDATE,SLUG,board slug/host token equals domain company token but names differ; inspect,false,,UNSUPPORTED,MULTI_SOURCE_CANDIDATE
EMP-04094,Ernst & Young GmbH Wirtschaftsprüfungsgesellschaft,ey.com,Germany,ats-scrapers,6b44a1badc9bfbf5cf176f75265cc5729e520e99,successfactors,Careers at EY: search jobs,EYHRISPRD1,https://careers.ey.com,HIGH_CONFIDENCE,URL_EXACT,internal resolved portal URL equals external board URL,false,,LEGACY_SUPPORTED,MULTI_SOURCE_CANDIDATE
EMP-04105,FEPS GmbH,,Germany,ats-scrapers,6b44a1badc9bfbf5cf176f75265cc5729e520e99,join_com,FEPS GmbH,feps,https://join.com/companies/feps,CANDIDATE,NAME_EXACT,"exact normalized name match, no domain evidence; inspect",false,,UNSUPPORTED,SINGLE_SOURCE_CANDIDATE
EMP-04127,General Dynamics European Land Systems - Deutschland GmbH,gd.com,Germany,ats-scrapers,6b44a1badc9bfbf5cf176f75265cc5729e520e99,icims,General Dynamics Mission Systems,gd,https://careers-gd.icims.com,CANDIDATE,SLUG,board slug/host token equals domain company token but names differ; inspect,false,,UNSUPPORTED,SINGLE_SOURCE_CANDIDATE
EMP-04163,Hypersonica GmbH,,Germany,ats-scrapers,6b44a1badc9bfbf5cf176f75265cc5729e520e99,lever,Hypersonica,hypersonica-prod,https://jobs.lever.co/hypersonica-prod,CANDIDATE,NAME_EXACT,"exact normalized name match, no domain evidence; inspect",false,,LEGACY_SUPPORTED,SINGLE_SOURCE_CANDIDATE
EMP-04180,IONOS SE,,Germany,ats-scrapers,6b44a1badc9bfbf5cf176f75265cc5729e520e99,greenhouse,ionos,ionos,https://job-boards.greenhouse.io/ionos,CANDIDATE,NAME_EXACT,"exact normalized name match, no domain evidence; inspect",false,,LEGACY_SUPPORTED,MULTI_SOURCE_CANDIDATE
EMP-04180,IONOS SE,,Germany,ats-scrapers,6b44a1badc9bfbf5cf176f75265cc5729e520e99,join_com,IONOS SE,ionos,https://join.com/companies/ionos,CANDIDATE,NAME_EXACT,"exact normalized name match, no domain evidence; inspect",false,,UNSUPPORTED,MULTI_SOURCE_CANDIDATE
EMP-04181,Ipsen International GmbH,,Germany,ats-scrapers,6b44a1badc9bfbf5cf176f75265cc5729e520e99,join_com,Ipsen International GmbH,ipsenglobal,https://join.com/companies/ipsenglobal,CANDIDATE,NAME_EXACT,"exact normalized name match, no domain evidence; inspect",false,,UNSUPPORTED,SINGLE_SOURCE_CANDIDATE
EMP-04201,KPMG AG Wirtschaftsprüfungsgesellschaft,kpmg.com,Germany,ats-scrapers,6b44a1badc9bfbf5cf176f75265cc5729e520e99,lever,KPMG LLP,kpmg,https://jobs.lever.co/kpmg,CANDIDATE,SLUG,board slug/host token equals domain company token but names differ; inspect,false,,LEGACY_SUPPORTED,MULTI_SOURCE_CANDIDATE
EMP-04201,KPMG AG Wirtschaftsprüfungsgesellschaft,kpmg.com,Germany,ats-scrapers,6b44a1badc9bfbf5cf176f75265cc5729e520e99,moka,KPMG,kpmg/74216,https://app.mokahr.com/social-recruitment/kpmg/74216,HIGH_CONFIDENCE,SLUG_PLUS_NAME,board slug/host token equals domain company token + compatible names,false,,UNSUPPORTED,MULTI_SOURCE_CANDIDATE
EMP-04201,KPMG AG Wirtschaftsprüfungsgesellschaft,kpmg.com,Germany,ats-scrapers,6b44a1badc9bfbf5cf176f75265cc5729e520e99,successfactors,Kpmg,KPMGHITPRD,https://careers.kpmg.it,HIGH_CONFIDENCE,URL_EXACT,internal resolved portal URL equals external board URL,false,,LEGACY_SUPPORTED,MULTI_SOURCE_CANDIDATE
EMP-04228,MBS GmbH,,Germany,ats-scrapers,6b44a1badc9bfbf5cf176f75265cc5729e520e99,hrmos,MBSイノベーションドライブグループ,mbs-id,https://hrmos.co/pages/mbs-id/jobs,CANDIDATE,NAME_EXACT,"exact normalized name match, no domain evidence; inspect",false,,UNSUPPORTED,MULTI_SOURCE_CANDIDATE
EMP-04228,MBS GmbH,,Germany,ats-scrapers,6b44a1badc9bfbf5cf176f75265cc5729e520e99,icims,MBS,https://mbsjobs-bncollege.icims.com,https://mbsjobs-bncollege.icims.com,CANDIDATE,NAME_EXACT,"exact normalized name match, no domain evidence; inspect",false,,UNSUPPORTED,MULTI_SOURCE_CANDIDATE
EMP-04236,MONARCH,,Germany,ats-scrapers,6b44a1badc9bfbf5cf176f75265cc5729e520e99,ashby,Monarch,monarch-md,https://jobs.ashbyhq.com/monarch-md,CANDIDATE,NAME_EXACT,"exact normalized name match, no domain evidence; inspect",false,,LEGACY_SUPPORTED,MULTI_SOURCE_CANDIDATE
EMP-04236,MONARCH,,Germany,ats-scrapers,6b44a1badc9bfbf5cf176f75265cc5729e520e99,ashby,Monarch,monarchcrops,https://jobs.ashbyhq.com/monarchcrops,CANDIDATE,NAME_EXACT,"exact normalized name match, no domain evidence; inspect",false,,LEGACY_SUPPORTED,MULTI_SOURCE_CANDIDATE
EMP-04236,MONARCH,,Germany,ats-scrapers,6b44a1badc9bfbf5cf176f75265cc5729e520e99,rippling,Monarch,monarch,https://ats.rippling.com/monarch/jobs,CANDIDATE,NAME_EXACT,"exact normalized name match, no domain evidence; inspect",false,,UNSUPPORTED,MULTI_SOURCE_CANDIDATE
EMP-04236,MONARCH,,Germany,ats-scrapers,6b44a1badc9bfbf5cf176f75265cc5729e520e99,workday,Monarch,monarch/monarch,https://monarch.wd5.myworkdayjobs.com/monarch,CANDIDATE,NAME_EXACT,"exact normalized name match, no domain evidence; inspect",false,,LEGACY_SUPPORTED,MULTI_SOURCE_CANDIDATE
EMP-04245,NATIONAL-BANK AG,,Germany,ats-scrapers,6b44a1badc9bfbf5cf176f75265cc5729e520e99,bamboohr,nationalbank,nationalbank,https://nationalbank.bamboohr.com/careers,CANDIDATE,NAME_EXACT,"exact normalized name match, no domain evidence; inspect",false,,UNSUPPORTED,SINGLE_SOURCE_CANDIDATE
EMP-04246,NCP engineering GmbH,,Germany,ats-scrapers,6b44a1badc9bfbf5cf176f75265cc5729e520e99,join_com,NCP engineering GmbH,ncp-ecom,https://join.com/companies/ncp-ecom,CANDIDATE,NAME_EXACT,"exact normalized name match, no domain evidence; inspect",false,,UNSUPPORTED,SINGLE_SOURCE_CANDIDATE
EMP-04264,ODW-ELEKTRIK GmbH,,Germany,ats-scrapers,6b44a1badc9bfbf5cf176f75265cc5729e520e99,join_com,ODW-ELEKTRIK GmbH,odw-elektrik,https://join.com/companies/odw-elektrik,CANDIDATE,NAME_EXACT,"exact normalized name match, no domain evidence; inspect",false,,UNSUPPORTED,SINGLE_SOURCE_CANDIDATE
EMP-04277,Porsche Engineering Group GmbH,volkswagen-group.com,Germany,ats-scrapers,6b44a1badc9bfbf5cf176f75265cc5729e520e99,successfactors,Your job at the Volkswagen Group,VWAGLPPROD10,https://jobs.volkswagen-group.com,HIGH_CONFIDENCE,URL_EXACT,internal resolved portal URL equals external board URL,false,,LEGACY_SUPPORTED,SINGLE_SOURCE_CANDIDATE
EMP-04280,PROSTEP AG,,Germany,ats-scrapers,6b44a1badc9bfbf5cf176f75265cc5729e520e99,join_com,PROSTEP AG,prostep,https://join.com/companies/prostep,CANDIDATE,NAME_EXACT,"exact normalized name match, no domain evidence; inspect",false,,UNSUPPORTED,SINGLE_SOURCE_CANDIDATE
EMP-04283,PwC Strategy& Germany GmbH,pwc.com,Germany,ats-scrapers,6b44a1badc9bfbf5cf176f75265cc5729e520e99,darwinbox,PwC Asia,pwc.com,https://pwc.darwinbox.com/ms/candidate/careers,CANDIDATE,SLUG,board slug/host token equals domain company token but names differ; inspect,false,,UNSUPPORTED,MULTI_SOURCE_CANDIDATE
EMP-04283,PwC Strategy& Germany GmbH,pwc.com,Germany,ats-scrapers,6b44a1badc9bfbf5cf176f75265cc5729e520e99,moka,PwC China,pwc/140014,https://app.mokahr.com/social-recruitment/pwc/140014,CANDIDATE,SLUG,board slug/host token equals domain company token but names differ; inspect,false,,UNSUPPORTED,MULTI_SOURCE_CANDIDATE
EMP-04283,PwC Strategy& Germany GmbH,pwc.com,Germany,ats-scrapers,6b44a1badc9bfbf5cf176f75265cc5729e520e99,workday,Pwc (Crm Experienced Careers Site),pwc/crm_experienced_careers_site,https://pwc.wd3.myworkdayjobs.com/crm_experienced_careers_site,CANDIDATE,SLUG,board slug/host token equals domain company token but names differ; inspect,false,,LEGACY_SUPPORTED,MULTI_SOURCE_CANDIDATE
EMP-04283,PwC Strategy& Germany GmbH,pwc.com,Germany,ats-scrapers,6b44a1badc9bfbf5cf176f75265cc5729e520e99,workday,Pwc,pwc/global_campus_careers,https://pwc.wd3.myworkdayjobs.com/global_campus_careers,CANDIDATE,SLUG,board slug/host token equals domain company token but names differ; inspect,false,,LEGACY_SUPPORTED,MULTI_SOURCE_CANDIDATE
EMP-04283,PwC Strategy& Germany GmbH,pwc.com,Germany,ats-scrapers,6b44a1badc9bfbf5cf176f75265cc5729e520e99,workday,Pwc,pwc/global_experienced_careers,https://pwc.wd3.myworkdayjobs.com/global_experienced_careers,CANDIDATE,SLUG,board slug/host token equals domain company token but names differ; inspect,false,,LEGACY_SUPPORTED,MULTI_SOURCE_CANDIDATE
EMP-04283,PwC Strategy& Germany GmbH,pwc.com,Germany,ats-scrapers,6b44a1badc9bfbf5cf176f75265cc5729e520e99,workday,Pwc (Nonpublic Postings),pwc/nonpublic_postings,https://pwc.wd3.myworkdayjobs.com/nonpublic_postings,CANDIDATE,SLUG,board slug/host token equals domain company token but names differ; inspect,false,,LEGACY_SUPPORTED,MULTI_SOURCE_CANDIDATE
EMP-04283,PwC Strategy& Germany GmbH,pwc.com,Germany,ats-scrapers,6b44a1badc9bfbf5cf176f75265cc5729e520e99,workday,Pwc,pwc/us_experienced_careers,https://pwc.wd3.myworkdayjobs.com/us_experienced_careers,CANDIDATE,SLUG,board slug/host token equals domain company token but names differ; inspect,false,,LEGACY_SUPPORTED,MULTI_SOURCE_CANDIDATE
EMP-04286,REEL GmbH,,Germany,ats-scrapers,6b44a1badc9bfbf5cf176f75265cc5729e520e99,join_com,REEL GmbH,nkmnoell,https://join.com/companies/nkmnoell,CANDIDATE,NAME_EXACT,"exact normalized name match, no domain evidence; inspect",false,,UNSUPPORTED,SINGLE_SOURCE_CANDIDATE
EMP-04293,Roland Berger GmbH,,Germany,ats-scrapers,6b44a1badc9bfbf5cf176f75265cc5729e520e99,smartrecruiters,Roland Berger,rolandberger,https://careers.smartrecruiters.com/rolandberger,CANDIDATE,NAME_EXACT,"exact normalized name match, no domain evidence; inspect",false,,LEGACY_SUPPORTED,SINGLE_SOURCE_CANDIDATE
EMP-04299,RWS GmbH,,Germany,ats-scrapers,6b44a1badc9bfbf5cf176f75265cc5729e520e99,bamboohr,Rws,rws,https://rws.bamboohr.com/careers,CANDIDATE,NAME_EXACT,"exact normalized name match, no domain evidence; inspect",false,,UNSUPPORTED,MULTI_SOURCE_CANDIDATE
EMP-04299,RWS GmbH,,Germany,ats-scrapers,6b44a1badc9bfbf5cf176f75265cc5729e520e99,icims,RWS,https://uscareers-rws.icims.com,https://uscareers-rws.icims.com,CANDIDATE,NAME_EXACT,"exact normalized name match, no domain evidence; inspect",false,,UNSUPPORTED,MULTI_SOURCE_CANDIDATE
EMP-04299,RWS GmbH,,Germany,ats-scrapers,6b44a1badc9bfbf5cf176f75265cc5729e520e99,icims,RWS,https://vendorrelations-rws.icims.com,https://vendorrelations-rws.icims.com,CANDIDATE,NAME_EXACT,"exact normalized name match, no domain evidence; inspect",false,,UNSUPPORTED,MULTI_SOURCE_CANDIDATE
EMP-04299,RWS GmbH,,Germany,ats-scrapers,6b44a1badc9bfbf5cf176f75265cc5729e520e99,icims,RWS,rws,https://careers-rws.icims.com,CANDIDATE,NAME_EXACT,"exact normalized name match, no domain evidence; inspect",false,,UNSUPPORTED,MULTI_SOURCE_CANDIDATE
EMP-04301,Rösler Oberflächentechnik GmbH,,Germany,ats-scrapers,6b44a1badc9bfbf5cf176f75265cc5729e520e99,successfactors,Rösler Oberflächentechnik GmbH,careers,https://careers.rosler.com,CANDIDATE,NAME_EXACT,"exact normalized name match, no domain evidence; inspect",false,,LEGACY_SUPPORTED,SINGLE_SOURCE_CANDIDATE
EMP-04307,Schaeffler AG,,Germany,ats-scrapers,6b44a1badc9bfbf5cf176f75265cc5729e520e99,successfactors,Schaeffler,jobs,https://jobs.schaeffler.com,CANDIDATE,NAME_EXACT,"exact normalized name match, no domain evidence; inspect",false,,LEGACY_SUPPORTED,SINGLE_SOURCE_CANDIDATE
EMP-04318,SE3 Labs,,Germany,ats-scrapers,6b44a1badc9bfbf5cf176f75265cc5729e520e99,ashby,SE3 Labs,se3,https://jobs.ashbyhq.com/se3,CANDIDATE,NAME_EXACT,"exact normalized name match, no domain evidence; inspect",false,,LEGACY_SUPPORTED,SINGLE_SOURCE_CANDIDATE
EMP-04325,Sirius Facilities GmbH,,Germany,ats-scrapers,6b44a1badc9bfbf5cf176f75265cc5729e520e99,join_com,Sirius Facilities GmbH,siriusfacilities,https://join.com/companies/siriusfacilities,CANDIDATE,NAME_EXACT,"exact normalized name match, no domain evidence; inspect",false,,UNSUPPORTED,SINGLE_SOURCE_CANDIDATE
EMP-04336,Spherea GmbH,,Germany,ats-scrapers,6b44a1badc9bfbf5cf176f75265cc5729e520e99,smartrecruiters,SPHEREA,SPHEREA,https://careers.smartrecruiters.com/SPHEREA,CANDIDATE,NAME_EXACT,"exact normalized name match, no domain evidence; inspect",false,,LEGACY_SUPPORTED,SINGLE_SOURCE_CANDIDATE
EMP-04340,STARBURST GmbH,,Germany,ats-scrapers,6b44a1badc9bfbf5cf176f75265cc5729e520e99,greenhouse,Starburst,starburst,https://job-boards.greenhouse.io/starburst,CANDIDATE,NAME_EXACT,"exact normalized name match, no domain evidence; inspect",false,,LEGACY_SUPPORTED,SINGLE_SOURCE_CANDIDATE
EMP-04341,STARK,,Germany,ats-scrapers,6b44a1badc9bfbf5cf176f75265cc5729e520e99,personio,Stark,stark,https://stark.jobs.personio.com,CANDIDATE,NAME_EXACT,"exact normalized name match, no domain evidence; inspect",false,,UNSUPPORTED,SINGLE_SOURCE_CANDIDATE
EMP-04359,tecnotron elektronik gmbh,,Germany,ats-scrapers,6b44a1badc9bfbf5cf176f75265cc5729e520e99,join_com,tecnotron elektronik gmbh,tecnotron,https://join.com/companies/tecnotron,CANDIDATE,NAME_EXACT,"exact normalized name match, no domain evidence; inspect",false,,UNSUPPORTED,SINGLE_SOURCE_CANDIDATE
EMP-04371,toolcraft AG,,Germany,ats-scrapers,6b44a1badc9bfbf5cf176f75265cc5729e520e99,join_com,toolcraft AG,toolcraft,https://join.com/companies/toolcraft,CANDIDATE,NAME_EXACT,"exact normalized name match, no domain evidence; inspect",false,,UNSUPPORTED,SINGLE_SOURCE_CANDIDATE
EMP-04375,TRIGO ADR Germany GmbH,,Germany,ats-scrapers,6b44a1badc9bfbf5cf176f75265cc5729e520e99,join_com,TRIGO ADR Germany GmbH,trigo-group163,https://join.com/companies/trigo-group163,CANDIDATE,NAME_EXACT,"exact normalized name match, no domain evidence; inspect",false,,UNSUPPORTED,SINGLE_SOURCE_CANDIDATE
EMP-04385,VIAVI Solutions,,Germany,ats-scrapers,6b44a1badc9bfbf5cf176f75265cc5729e520e99,workday,Viavisolutions,viavisolutions/careers,https://viavisolutions.wd1.myworkdayjobs.com/careers,CANDIDATE,NAME_EXACT,"exact normalized name match, no domain evidence; inspect",false,,LEGACY_SUPPORTED,SINGLE_SOURCE_CANDIDATE
EMP-04402,WMH,,Germany,ats-scrapers,6b44a1badc9bfbf5cf176f75265cc5729e520e99,pinpoint,WMH,wmhsolutions,https://wmhsolutions.pinpointhq.com,CANDIDATE,NAME_EXACT,"exact normalized name match, no domain evidence; inspect",false,,UNSUPPORTED,SINGLE_SOURCE_CANDIDATE
EMP-04403,WOLFF & MÜLLER ENERGY GmbH,,Germany,ats-scrapers,6b44a1badc9bfbf5cf176f75265cc5729e520e99,join_com,WOLFF & MÜLLER ENERGY GMBH,wm-energy,https://join.com/companies/wm-energy,CANDIDATE,NAME_EXACT,"exact normalized name match, no domain evidence; inspect",false,,UNSUPPORTED,SINGLE_SOURCE_CANDIDATE
EMP-04410,ZF Friedrichshafen AG,zf.com,Germany,ats-scrapers,6b44a1badc9bfbf5cf176f75265cc5729e520e99,successfactors,ZF,jobs,https://jobs.zf.com,HIGH_CONFIDENCE,URL_EXACT,internal resolved portal URL equals external board URL,false,,LEGACY_SUPPORTED,SINGLE_SOURCE_CANDIDATE
EMP-04411,Atos Information Technology GmbH,atos.net,Germany,ats-scrapers,6b44a1badc9bfbf5cf176f75265cc5729e520e99,successfactors,Atos,jobs,https://jobs.atos.net,HIGH_CONFIDENCE,URL_EXACT,internal resolved portal URL equals external board URL,false,,LEGACY_SUPPORTED,SINGLE_SOURCE_CANDIDATE
EMP-04503,Bundesdruckerei GmbH,,Germany | Europe,ats-scrapers,6b44a1badc9bfbf5cf176f75265cc5729e520e99,softgarden,Bundesdruckerei  GmbH,bundesdruckerei,https://bundesdruckerei.career.softgarden.de,CANDIDATE,NAME_EXACT,"exact normalized name match, no domain evidence; inspect",false,,UNSUPPORTED,SINGLE_SOURCE_CANDIDATE
EMP-04504,Airbus Defence and Space GmbH,airbus.com,Germany | Finland | France,ats-scrapers,6b44a1badc9bfbf5cf176f75265cc5729e520e99,bamboohr,airbus,airbus,https://airbus.bamboohr.com/careers,HIGH_CONFIDENCE,SLUG_PLUS_NAME,board slug/host token equals domain company token + compatible names,false,,UNSUPPORTED,SINGLE_SOURCE_CANDIDATE
EMP-04513,Siemens Digital Industries Software,siemens.com,Germany | USA,ats-scrapers,6b44a1badc9bfbf5cf176f75265cc5729e520e99,teamtailor,Siemens,siemens,https://siemens.teamtailor.com,HIGH_CONFIDENCE,SLUG_PLUS_NAME,board slug/host token equals domain company token + compatible names,false,,UNSUPPORTED,SINGLE_SOURCE_CANDIDATE
EMP-04578,MOMENTOUS,,Greece,ats-scrapers,6b44a1badc9bfbf5cf176f75265cc5729e520e99,greenhouse,momentous,momentous,https://job-boards.greenhouse.io/momentous,CANDIDATE,NAME_EXACT,"exact normalized name match, no domain evidence; inspect",false,,LEGACY_SUPPORTED,MULTI_SOURCE_CANDIDATE
EMP-04578,MOMENTOUS,,Greece,ats-scrapers,6b44a1badc9bfbf5cf176f75265cc5729e520e99,jazzhr,momentous,momentous,https://momentous.applytojob.com,CANDIDATE,NAME_EXACT,"exact normalized name match, no domain evidence; inspect",false,,UNSUPPORTED,MULTI_SOURCE_CANDIDATE
EMP-04616,Όμιλος Cosmos,,Greece,ats-scrapers,6b44a1badc9bfbf5cf176f75265cc5729e520e99,bamboohr,cosmos,cosmos,https://cosmos.bamboohr.com/careers,CANDIDATE,NAME_EXACT,"exact normalized name match, no domain evidence; inspect",false,,UNSUPPORTED,SINGLE_SOURCE_CANDIDATE
EMP-04638,Airbus Helicopters Hungary,airbus.com,Hungary,ats-scrapers,6b44a1badc9bfbf5cf176f75265cc5729e520e99,bamboohr,airbus,airbus,https://airbus.bamboohr.com/careers,HIGH_CONFIDENCE,SLUG_PLUS_NAME,board slug/host token equals domain company token + compatible names,false,,UNSUPPORTED,SINGLE_SOURCE_CANDIDATE
EMP-04639,Amazon Web Services Hungary,amazon.com,Hungary,ats-scrapers,6b44a1badc9bfbf5cf176f75265cc5729e520e99,breezy,Amazon,amazon,https://amazon.breezy.hr,HIGH_CONFIDENCE,SLUG_PLUS_NAME,board slug/host token equals domain company token + compatible names,false,,UNSUPPORTED,MULTI_SOURCE_CANDIDATE
EMP-04639,Amazon Web Services Hungary,amazon.com,Hungary,ats-scrapers,6b44a1badc9bfbf5cf176f75265cc5729e520e99,personio,amazon,amazon,https://amazon.jobs.personio.com,HIGH_CONFIDENCE,SLUG_PLUS_NAME,board slug/host token equals domain company token + compatible names,false,,UNSUPPORTED,MULTI_SOURCE_CANDIDATE
EMP-04639,Amazon Web Services Hungary,amazon.com,Hungary,ats-scrapers,6b44a1badc9bfbf5cf176f75265cc5729e520e99,smartrecruiters,Amazon,amazon,https://careers.smartrecruiters.com/amazon,HIGH_CONFIDENCE,SLUG_PLUS_NAME,board slug/host token equals domain company token + compatible names,false,,LEGACY_SUPPORTED,MULTI_SOURCE_CANDIDATE
EMP-04639,Amazon Web Services Hungary,amazon.com,Hungary,ats-scrapers,6b44a1badc9bfbf5cf176f75265cc5729e520e99,workable,Amazon,amazon,https://apply.workable.com/amazon,HIGH_CONFIDENCE,SLUG_PLUS_NAME,board slug/host token equals domain company token + compatible names,false,,UNSUPPORTED,MULTI_SOURCE_CANDIDATE
EMP-04646,Ericsson Hungary,ericsson.com,Hungary,ats-scrapers,6b44a1badc9bfbf5cf176f75265cc5729e520e99,eightfold,Ericsson,ericsson,https://ericsson.eightfold.ai/careers,HIGH_CONFIDENCE,SLUG_PLUS_NAME,board slug/host token equals domain company token + compatible names,false,,DECLARATIVE_SUPPORTED,MULTI_SOURCE_CANDIDATE
EMP-04646,Ericsson Hungary,ericsson.com,Hungary,ats-scrapers,6b44a1badc9bfbf5cf176f75265cc5729e520e99,smartrecruiters,Ericsson,ericsson,https://careers.smartrecruiters.com/ericsson,HIGH_CONFIDENCE,SLUG_PLUS_NAME,board slug/host token equals domain company token + compatible names,false,,LEGACY_SUPPORTED,MULTI_SOURCE_CANDIDATE
EMP-04646,Ericsson Hungary,ericsson.com,Hungary,ats-scrapers,6b44a1badc9bfbf5cf176f75265cc5729e520e99,successfactors,Ericsson,Ericsson,https://career2.successfactors.eu/career?company=Ericsson,HIGH_CONFIDENCE,SLUG_PLUS_NAME,board slug/host token equals domain company token + compatible names,false,,LEGACY_SUPPORTED,MULTI_SOURCE_CANDIDATE
EMP-04650,Microsoft Hungary,microsoft.com,Hungary,ats-scrapers,6b44a1badc9bfbf5cf176f75265cc5729e520e99,eightfold,Microsoft,microsoft,https://microsoft.eightfold.ai/careers,HIGH_CONFIDENCE,SLUG_PLUS_NAME,board slug/host token equals domain company token + compatible names,false,,DECLARATIVE_SUPPORTED,MULTI_SOURCE_CANDIDATE
EMP-04650,Microsoft Hungary,microsoft.com,Hungary,ats-scrapers,6b44a1badc9bfbf5cf176f75265cc5729e520e99,smartrecruiters,Microsoft,microsoft,https://careers.smartrecruiters.com/microsoft,HIGH_CONFIDENCE,SLUG_PLUS_NAME,board slug/host token equals domain company token + compatible names,false,,LEGACY_SUPPORTED,MULTI_SOURCE_CANDIDATE
EMP-04650,Microsoft Hungary,microsoft.com,Hungary,ats-scrapers,6b44a1badc9bfbf5cf176f75265cc5729e520e99,workable,Microsoft,microsoft,https://apply.workable.com/microsoft,HIGH_CONFIDENCE,SLUG_PLUS_NAME,board slug/host token equals domain company token + compatible names,false,,UNSUPPORTED,MULTI_SOURCE_CANDIDATE
EMP-04653,Nokia Hungary,nokia.com,Hungary,ats-scrapers,6b44a1badc9bfbf5cf176f75265cc5729e520e99,smartrecruiters,nokia,nokia,https://careers.smartrecruiters.com/nokia,HIGH_CONFIDENCE,SLUG_PLUS_NAME,board slug/host token equals domain company token + compatible names,false,,LEGACY_SUPPORTED,SINGLE_SOURCE_CANDIDATE
EMP-04658,Rába,,Hungary,ats-scrapers,6b44a1badc9bfbf5cf176f75265cc5729e520e99,bamboohr,rba,rba,https://rba.bamboohr.com/careers,CANDIDATE,NAME_EXACT,"exact normalized name match, no domain evidence; inspect",false,,UNSUPPORTED,SINGLE_SOURCE_CANDIDATE
EMP-04659,SAP Hungary,sap.com,Hungary,ats-scrapers,6b44a1badc9bfbf5cf176f75265cc5729e520e99,bamboohr,sap,sap,https://sap.bamboohr.com/careers,CANDIDATE,SLUG,board slug/host token equals domain company token but names differ; inspect,false,,UNSUPPORTED,MULTI_SOURCE_CANDIDATE
EMP-04659,SAP Hungary,sap.com,Hungary,ats-scrapers,6b44a1badc9bfbf5cf176f75265cc5729e520e99,smartrecruiters,SAP,sap,https://careers.smartrecruiters.com/sap,CANDIDATE,SLUG,board slug/host token equals domain company token but names differ; inspect,false,,LEGACY_SUPPORTED,MULTI_SOURCE_CANDIDATE
EMP-04659,SAP Hungary,sap.com,Hungary,ats-scrapers,6b44a1badc9bfbf5cf176f75265cc5729e520e99,successfactors,SAP,jobs,https://jobs.sap.com,HIGH_CONFIDENCE,URL_EXACT,internal resolved portal URL equals external board URL,false,,LEGACY_SUPPORTED,MULTI_SOURCE_CANDIDATE
EMP-04669,Origo,,Iceland,ats-scrapers,6b44a1badc9bfbf5cf176f75265cc5729e520e99,bamboohr,origo,origo,https://origo.bamboohr.com/careers,CANDIDATE,NAME_EXACT,"exact normalized name match, no domain evidence; inspect",false,,UNSUPPORTED,SINGLE_SOURCE_CANDIDATE
EMP-04675,APRÓ,,Iceland,ats-scrapers,6b44a1badc9bfbf5cf176f75265cc5729e520e99,bamboohr,apr,apr,https://apr.bamboohr.com/careers,CANDIDATE,NAME_EXACT,"exact normalized name match, no domain evidence; inspect",false,,UNSUPPORTED,SINGLE_SOURCE_CANDIDATE
EMP-04681,Deloitte Iceland,deloitte.com,Iceland,ats-scrapers,6b44a1badc9bfbf5cf176f75265cc5729e520e99,eightfold,Deloitte,deloitte,https://deloitte.eightfold.ai/careers,HIGH_CONFIDENCE,SLUG_PLUS_NAME,board slug/host token equals domain company token + compatible names,false,,DECLARATIVE_SUPPORTED,SINGLE_SOURCE_CANDIDATE
EMP-04682,GRID,,Iceland,ats-scrapers,6b44a1badc9bfbf5cf176f75265cc5729e520e99,ashby,Grid,gridverify,https://jobs.ashbyhq.com/gridverify,CANDIDATE,NAME_EXACT,"exact normalized name match, no domain evidence; inspect",false,,LEGACY_SUPPORTED,MULTI_SOURCE_CANDIDATE
EMP-04682,GRID,,Iceland,ats-scrapers,6b44a1badc9bfbf5cf176f75265cc5729e520e99,lever,Grid,Grid,https://jobs.lever.co/Grid,CANDIDATE,NAME_EXACT,"exact normalized name match, no domain evidence; inspect",false,,LEGACY_SUPPORTED,MULTI_SOURCE_CANDIDATE
EMP-04693,Play / Fly Play,,Iceland,ats-scrapers,6b44a1badc9bfbf5cf176f75265cc5729e520e99,hrmos,株式会社PLAY,play,https://hrmos.co/pages/play/jobs,CANDIDATE,NAME_EXACT,"exact normalized name match, no domain evidence; inspect",false,,UNSUPPORTED,SINGLE_SOURCE_CANDIDATE
EMP-04695,Sidekick Health,,Iceland,ats-scrapers,6b44a1badc9bfbf5cf176f75265cc5729e520e99,bamboohr,Sidekickhealth,sidekickhealth,https://sidekickhealth.bamboohr.com/careers,CANDIDATE,NAME_EXACT,"exact normalized name match, no domain evidence; inspect",false,,UNSUPPORTED,MULTI_SOURCE_CANDIDATE
EMP-04695,Sidekick Health,,Iceland,ats-scrapers,6b44a1badc9bfbf5cf176f75265cc5729e520e99,personio,Sidekickhealth,sidekickhealth,https://sidekickhealth.jobs.personio.com,CANDIDATE,NAME_EXACT,"exact normalized name match, no domain evidence; inspect",false,,UNSUPPORTED,MULTI_SOURCE_CANDIDATE
EMP-04714,Armis Security,,Ireland,ats-scrapers,6b44a1badc9bfbf5cf176f75265cc5729e520e99,greenhouse,Armis Security,armissecurity,https://job-boards.greenhouse.io/armissecurity,CANDIDATE,NAME_EXACT,"exact normalized name match, no domain evidence; inspect",false,,LEGACY_SUPPORTED,SINGLE_SOURCE_CANDIDATE
EMP-04735,CWSI,,Ireland,ats-scrapers,6b44a1badc9bfbf5cf176f75265cc5729e520e99,bamboohr,Cwsi,cwsi,https://cwsi.bamboohr.com/careers,CANDIDATE,NAME_EXACT,"exact normalized name match, no domain evidence; inspect",false,,UNSUPPORTED,MULTI_SOURCE_CANDIDATE
EMP-04735,CWSI,,Ireland,ats-scrapers,6b44a1badc9bfbf5cf176f75265cc5729e520e99,personio,cwsi,cwsi,https://cwsi.jobs.personio.com,CANDIDATE,NAME_EXACT,"exact normalized name match, no domain evidence; inspect",false,,UNSUPPORTED,MULTI_SOURCE_CANDIDATE
EMP-04735,CWSI,,Ireland,ats-scrapers,6b44a1badc9bfbf5cf176f75265cc5729e520e99,workable,CWSI,cwsi,https://apply.workable.com/cwsi,CANDIDATE,NAME_EXACT,"exact normalized name match, no domain evidence; inspect",false,,UNSUPPORTED,MULTI_SOURCE_CANDIDATE
EMP-04768,Huawei,,Ireland,ats-scrapers,6b44a1badc9bfbf5cf176f75265cc5729e520e99,teamtailor,Huawei,huaweiaustria,https://huaweiaustria.teamtailor.com,CANDIDATE,NAME_EXACT,"exact normalized name match, no domain evidence; inspect",false,,UNSUPPORTED,SINGLE_SOURCE_CANDIDATE
EMP-04779,KPMG,kpmg.com,Ireland,ats-scrapers,6b44a1badc9bfbf5cf176f75265cc5729e520e99,lever,KPMG LLP,kpmg,https://jobs.lever.co/kpmg,HIGH_CONFIDENCE,SLUG_PLUS_NAME,board slug/host token equals domain company token + compatible names,false,,LEGACY_SUPPORTED,MULTI_SOURCE_CANDIDATE
EMP-04779,KPMG,kpmg.com,Ireland,ats-scrapers,6b44a1badc9bfbf5cf176f75265cc5729e520e99,moka,KPMG,kpmg/74216,https://app.mokahr.com/social-recruitment/kpmg/74216,HIGH_CONFIDENCE,SLUG_PLUS_NAME,board slug/host token equals domain company token + compatible names,false,,UNSUPPORTED,MULTI_SOURCE_CANDIDATE
EMP-04779,KPMG,kpmg.com,Ireland,ats-scrapers,6b44a1badc9bfbf5cf176f75265cc5729e520e99,successfactors,Kpmg,KPMGHITPRD,https://careers.kpmg.it,HIGH_CONFIDENCE,URL_EXACT,internal resolved portal URL equals external board URL,false,,LEGACY_SUPPORTED,MULTI_SOURCE_CANDIDATE
EMP-04783,Mandiant Ireland Limited (Part of Google Cloud),abc.xyz,Ireland,ats-scrapers,6b44a1badc9bfbf5cf176f75265cc5729e520e99,breezy,abc,abc,https://abc.breezy.hr,CANDIDATE,SLUG,board slug/host token equals domain company token but names differ; inspect,false,,UNSUPPORTED,MULTI_SOURCE_CANDIDATE
EMP-04783,Mandiant Ireland Limited (Part of Google Cloud),abc.xyz,Ireland,ats-scrapers,6b44a1badc9bfbf5cf176f75265cc5729e520e99,greenhouse,ThoughtWorks_new,abc,https://job-boards.greenhouse.io/abc,CANDIDATE,SLUG,board slug/host token equals domain company token but names differ; inspect,false,,LEGACY_SUPPORTED,MULTI_SOURCE_CANDIDATE
EMP-04783,Mandiant Ireland Limited (Part of Google Cloud),abc.xyz,Ireland,ats-scrapers,6b44a1badc9bfbf5cf176f75265cc5729e520e99,hrmos,株式会社アートブレーンカンパニー（ABC）,abc,https://hrmos.co/pages/abc/jobs,CANDIDATE,SLUG,board slug/host token equals domain company token but names differ; inspect,false,,UNSUPPORTED,MULTI_SOURCE_CANDIDATE
EMP-04783,Mandiant Ireland Limited (Part of Google Cloud),abc.xyz,Ireland,ats-scrapers,6b44a1badc9bfbf5cf176f75265cc5729e520e99,rippling,abc,abc,https://ats.rippling.com/abc/jobs,CANDIDATE,SLUG,board slug/host token equals domain company token but names differ; inspect,false,,UNSUPPORTED,MULTI_SOURCE_CANDIDATE
EMP-04783,Mandiant Ireland Limited (Part of Google Cloud),abc.xyz,Ireland,ats-scrapers,6b44a1badc9bfbf5cf176f75265cc5729e520e99,smartrecruiters,Bacalaoo AG,abc,https://careers.smartrecruiters.com/abc,CANDIDATE,SLUG,board slug/host token equals domain company token but names differ; inspect,false,,LEGACY_SUPPORTED,MULTI_SOURCE_CANDIDATE
EMP-04784,Marsh,,Ireland,ats-scrapers,6b44a1badc9bfbf5cf176f75265cc5729e520e99,phenom,Marsh,,https://careers.marsh.com,CANDIDATE,NAME_EXACT,"exact normalized name match, no domain evidence; inspect",false,,LEGACY_SUPPORTED,SINGLE_SOURCE_CANDIDATE
EMP-04802,Renaissance,,Ireland,ats-scrapers,6b44a1badc9bfbf5cf176f75265cc5729e520e99,smartrecruiters,Renaissance,renaissance,https://careers.smartrecruiters.com/renaissance,CANDIDATE,NAME_EXACT,"exact normalized name match, no domain evidence; inspect",false,,LEGACY_SUPPORTED,SINGLE_SOURCE_CANDIDATE
EMP-04809,SANS,,Ireland,ats-scrapers,6b44a1badc9bfbf5cf176f75265cc5729e520e99,bamboohr,sans,sans,https://sans.bamboohr.com/careers,CANDIDATE,NAME_EXACT,"exact normalized name match, no domain evidence; inspect",false,,UNSUPPORTED,MULTI_SOURCE_CANDIDATE
EMP-04809,SANS,,Ireland,ats-scrapers,6b44a1badc9bfbf5cf176f75265cc5729e520e99,smartrecruiters,Sans,sans2,https://careers.smartrecruiters.com/sans2,CANDIDATE,NAME_EXACT,"exact normalized name match, no domain evidence; inspect",false,,LEGACY_SUPPORTED,MULTI_SOURCE_CANDIDATE
EMP-04809,SANS,,Ireland,ats-scrapers,6b44a1badc9bfbf5cf176f75265cc5729e520e99,workable,Sans,sans-2,https://apply.workable.com/sans-2,CANDIDATE,NAME_EXACT,"exact normalized name match, no domain evidence; inspect",false,,UNSUPPORTED,MULTI_SOURCE_CANDIDATE
EMP-04813,Security Risk Advisors,,Ireland,ats-scrapers,6b44a1badc9bfbf5cf176f75265cc5729e520e99,workable,Security Risk Advisors,securityriskadvisors,https://apply.workable.com/securityriskadvisors,CANDIDATE,NAME_EXACT,"exact normalized name match, no domain evidence; inspect",false,,UNSUPPORTED,SINGLE_SOURCE_CANDIDATE
EMP-04819,Solida,,Ireland,ats-scrapers,6b44a1badc9bfbf5cf176f75265cc5729e520e99,cornerstone,Solida,https://solida.csod.com/ux/ats/careersite/4/home?c=solida,https://solida.csod.com/ux/ats/careersite/4/home?c=solida,CANDIDATE,NAME_EXACT,"exact normalized name match, no domain evidence; inspect",false,,UNSUPPORTED,SINGLE_SOURCE_CANDIDATE
EMP-04826,Threatscape,,Ireland,ats-scrapers,6b44a1badc9bfbf5cf176f75265cc5729e520e99,breezy,Threatscape,threatscape,https://threatscape.breezy.hr,CANDIDATE,NAME_EXACT,"exact normalized name match, no domain evidence; inspect",false,,UNSUPPORTED,SINGLE_SOURCE_CANDIDATE
EMP-04833,UKG,,Ireland,ats-scrapers,6b44a1badc9bfbf5cf176f75265cc5729e520e99,eightfold,UKG,ukg,https://ukg.eightfold.ai/careers,CANDIDATE,NAME_EXACT,"exact normalized name match, no domain evidence; inspect",false,,DECLARATIVE_SUPPORTED,SINGLE_SOURCE_CANDIDATE
EMP-04839,Waratek Limited,,Ireland,ats-scrapers,6b44a1badc9bfbf5cf176f75265cc5729e520e99,personio,Waratek,waratek,https://waratek.jobs.personio.com,CANDIDATE,NAME_EXACT,"exact normalized name match, no domain evidence; inspect",false,,UNSUPPORTED,SINGLE_SOURCE_CANDIDATE
EMP-04840,Waystone,,Ireland,ats-scrapers,6b44a1badc9bfbf5cf176f75265cc5729e520e99,bamboohr,waystone,waystone,https://waystone.bamboohr.com/careers,CANDIDATE,NAME_EXACT,"exact normalized name match, no domain evidence; inspect",false,,UNSUPPORTED,SINGLE_SOURCE_CANDIDATE
EMP-04843,Zaviant,,Ireland,ats-scrapers,6b44a1badc9bfbf5cf176f75265cc5729e520e99,greenhouse,Zaviant,zaviant,https://job-boards.greenhouse.io/zaviant,CANDIDATE,NAME_EXACT,"exact normalized name match, no domain evidence; inspect",false,,LEGACY_SUPPORTED,SINGLE_SOURCE_CANDIDATE
EMP-04864,HEAnet,,Ireland,ats-scrapers,6b44a1badc9bfbf5cf176f75265cc5729e520e99,bamboohr,heanet,heanet,https://heanet.bamboohr.com/careers,CANDIDATE,NAME_EXACT,"exact normalized name match, no domain evidence; inspect",false,,UNSUPPORTED,SINGLE_SOURCE_CANDIDATE
EMP-04874,Nokia,nokia.com,Ireland | Australia | Europe,ats-scrapers,6b44a1badc9bfbf5cf176f75265cc5729e520e99,oracle,Nokia,fa-evmr-saasfaprod1,https://fa-evmr-saasfaprod1.fa.ocs.oraclecloud.com/hcmUI/CandidateExperience/en/sites/CX_1,CANDIDATE,NAME_EXACT,"exact normalized name match, no domain evidence; inspect",false,,LEGACY_SUPPORTED,MULTI_SOURCE_CANDIDATE
EMP-04874,Nokia,nokia.com,Ireland | Australia | Europe,ats-scrapers,6b44a1badc9bfbf5cf176f75265cc5729e520e99,smartrecruiters,nokia,nokia,https://careers.smartrecruiters.com/nokia,HIGH_CONFIDENCE,SLUG_PLUS_NAME,board slug/host token equals domain company token + compatible names,false,,LEGACY_SUPPORTED,MULTI_SOURCE_CANDIDATE
EMP-04875,Proofpoint,proofpoint.com,Ireland | Australia | Multi-region | Singapore,ats-scrapers,6b44a1badc9bfbf5cf176f75265cc5729e520e99,workday,Proofpoint,proofpoint/proofpointcareers,https://proofpoint.wd5.myworkdayjobs.com/proofpointcareers,HIGH_CONFIDENCE,URL_EXACT,internal resolved portal URL equals external board URL,false,,LEGACY_SUPPORTED,SINGLE_SOURCE_CANDIDATE
EMP-04876,Workday,workday.com,Ireland | Australia | USA,ats-scrapers,6b44a1badc9bfbf5cf176f75265cc5729e520e99,workday,Workday,workday/workday,https://workday.wd5.myworkdayjobs.com/workday,HIGH_CONFIDENCE,SLUG_PLUS_NAME,board slug/host token equals domain company token + compatible names,false,,LEGACY_SUPPORTED,MULTI_SOURCE_CANDIDATE
EMP-04876,Workday,workday.com,Ireland | Australia | USA,ats-scrapers,6b44a1badc9bfbf5cf176f75265cc5729e520e99,workday,Workday,workday/workday_early_career,https://workday.wd5.myworkdayjobs.com/workday_early_career,HIGH_CONFIDENCE,SLUG_PLUS_NAME,board slug/host token equals domain company token + compatible names,false,,LEGACY_SUPPORTED,MULTI_SOURCE_CANDIDATE
EMP-04877,Microsoft,microsoft.com,Ireland | Australia | USA | Italy,ats-scrapers,6b44a1badc9bfbf5cf176f75265cc5729e520e99,eightfold,Microsoft,microsoft,https://microsoft.eightfold.ai/careers,HIGH_CONFIDENCE,SLUG_PLUS_NAME,board slug/host token equals domain company token + compatible names,false,,DECLARATIVE_SUPPORTED,MULTI_SOURCE_CANDIDATE
EMP-04877,Microsoft,microsoft.com,Ireland | Australia | USA | Italy,ats-scrapers,6b44a1badc9bfbf5cf176f75265cc5729e520e99,smartrecruiters,Microsoft,microsoft,https://careers.smartrecruiters.com/microsoft,HIGH_CONFIDENCE,SLUG_PLUS_NAME,board slug/host token equals domain company token + compatible names,false,,LEGACY_SUPPORTED,MULTI_SOURCE_CANDIDATE
EMP-04877,Microsoft,microsoft.com,Ireland | Australia | USA | Italy,ats-scrapers,6b44a1badc9bfbf5cf176f75265cc5729e520e99,workable,Microsoft,microsoft,https://apply.workable.com/microsoft,HIGH_CONFIDENCE,SLUG_PLUS_NAME,board slug/host token equals domain company token + compatible names,false,,UNSUPPORTED,MULTI_SOURCE_CANDIDATE
EMP-04879,Deloitte,deloitte.com,Ireland | Canada | Australia | USA | UK,ats-scrapers,6b44a1badc9bfbf5cf176f75265cc5729e520e99,eightfold,Deloitte,deloitte,https://deloitte.eightfold.ai/careers,HIGH_CONFIDENCE,SLUG_PLUS_NAME,board slug/host token equals domain company token + compatible names,false,,DECLARATIVE_SUPPORTED,SINGLE_SOURCE_CANDIDATE
EMP-04880,Trend Micro,trendmicro.com,Ireland | Canada | Singapore,ats-scrapers,6b44a1badc9bfbf5cf176f75265cc5729e520e99,workday,Trendmicro,trendmicro/external,https://trendmicro.wd3.myworkdayjobs.com/external,HIGH_CONFIDENCE,SLUG_PLUS_NAME,board slug/host token equals domain company token + compatible names,false,,LEGACY_SUPPORTED,SINGLE_SOURCE_CANDIDATE
EMP-04881,Hewlett Packard Enterprise,hpe.com,Ireland | EU / Europe | USA,ats-scrapers,6b44a1badc9bfbf5cf176f75265cc5729e520e99,gupy,HPE Automotores do Brasil,hpe,https://hpe.gupy.io,CANDIDATE,SLUG,board slug/host token equals domain company token but names differ; inspect,false,,UNSUPPORTED,MULTI_SOURCE_CANDIDATE
EMP-04881,Hewlett Packard Enterprise,hpe.com,Ireland | EU / Europe | USA,ats-scrapers,6b44a1badc9bfbf5cf176f75265cc5729e520e99,personio,hpe,hpe,https://hpe.jobs.personio.com,CANDIDATE,SLUG,board slug/host token equals domain company token but names differ; inspect,false,,UNSUPPORTED,MULTI_SOURCE_CANDIDATE
EMP-04881,Hewlett Packard Enterprise,hpe.com,Ireland | EU / Europe | USA,ats-scrapers,6b44a1badc9bfbf5cf176f75265cc5729e520e99,phenom,HPE,,https://careers.hpe.com,HIGH_CONFIDENCE,URL_EXACT,internal resolved portal URL equals external board URL,false,,LEGACY_SUPPORTED,MULTI_SOURCE_CANDIDATE
EMP-04881,Hewlett Packard Enterprise,hpe.com,Ireland | EU / Europe | USA,ats-scrapers,6b44a1badc9bfbf5cf176f75265cc5729e520e99,workday,Hpe,hpe/acjobsite,https://hpe.wd5.myworkdayjobs.com/acjobsite,CANDIDATE,SLUG,board slug/host token equals domain company token but names differ; inspect,false,,LEGACY_SUPPORTED,MULTI_SOURCE_CANDIDATE
EMP-04881,Hewlett Packard Enterprise,hpe.com,Ireland | EU / Europe | USA,ats-scrapers,6b44a1badc9bfbf5cf176f75265cc5729e520e99,workday,Hpe,hpe/jobsathpe,https://hpe.wd5.myworkdayjobs.com/jobsathpe,CANDIDATE,SLUG,board slug/host token equals domain company token but names differ; inspect,false,,LEGACY_SUPPORTED,MULTI_SOURCE_CANDIDATE
EMP-04881,Hewlett Packard Enterprise,hpe.com,Ireland | EU / Europe | USA,ats-scrapers,6b44a1badc9bfbf5cf176f75265cc5729e520e99,workday,Hpe,hpe/wfmathpe,https://hpe.wd5.myworkdayjobs.com/wfmathpe,CANDIDATE,SLUG,board slug/host token equals domain company token but names differ; inspect,false,,LEGACY_SUPPORTED,MULTI_SOURCE_CANDIDATE
EMP-04882,Mastercard,mastercard.com,Ireland | EU / Europe | USA | UK,ats-scrapers,6b44a1badc9bfbf5cf176f75265cc5729e520e99,smartrecruiters,MasterCard,mastercard,https://careers.smartrecruiters.com/mastercard,HIGH_CONFIDENCE,SLUG_PLUS_NAME,board slug/host token equals domain company token + compatible names,false,,LEGACY_SUPPORTED,MULTI_SOURCE_CANDIDATE
EMP-04882,Mastercard,mastercard.com,Ireland | EU / Europe | USA | UK,ats-scrapers,6b44a1badc9bfbf5cf176f75265cc5729e520e99,workday,Mastercard (Campus),mastercard/Campus,https://mastercard.wd1.myworkdayjobs.com/Campus,HIGH_CONFIDENCE,SLUG_PLUS_NAME,board slug/host token equals domain company token + compatible names,false,,LEGACY_SUPPORTED,MULTI_SOURCE_CANDIDATE
EMP-04882,Mastercard,mastercard.com,Ireland | EU / Europe | USA | UK,ats-scrapers,6b44a1badc9bfbf5cf176f75265cc5729e520e99,workday,Mastercard,mastercard/corporatecareers,https://mastercard.wd1.myworkdayjobs.com/corporatecareers,HIGH_CONFIDENCE,SLUG_PLUS_NAME,board slug/host token equals domain company token + compatible names,false,,LEGACY_SUPPORTED,MULTI_SOURCE_CANDIDATE
EMP-04883,Kroll,,Ireland | Italy,ats-scrapers,6b44a1badc9bfbf5cf176f75265cc5729e520e99,bamboohr,Kroll,kroll,https://kroll.bamboohr.com/careers,CANDIDATE,NAME_EXACT,"exact normalized name match, no domain evidence; inspect",false,,UNSUPPORTED,MULTI_SOURCE_CANDIDATE
EMP-04883,Kroll,,Ireland | Italy,ats-scrapers,6b44a1badc9bfbf5cf176f75265cc5729e520e99,oracle,Kroll,hcxs,https://hcxs.fa.us2.oraclecloud.com/hcmUI/CandidateExperience/en/sites/CX_1,CANDIDATE,NAME_EXACT,"exact normalized name match, no domain evidence; inspect",false,,LEGACY_SUPPORTED,MULTI_SOURCE_CANDIDATE
EMP-04884,Dell,,Ireland | Italy | USA,ats-scrapers,6b44a1badc9bfbf5cf176f75265cc5729e520e99,workday,Dell,dell/external,https://dell.wd1.myworkdayjobs.com/external,CANDIDATE,NAME_EXACT,"exact normalized name match, no domain evidence; inspect",false,,LEGACY_SUPPORTED,SINGLE_SOURCE_CANDIDATE
EMP-04890,PWC,pwc.com,Ireland | UK,ats-scrapers,6b44a1badc9bfbf5cf176f75265cc5729e520e99,darwinbox,PwC Asia,pwc.com,https://pwc.darwinbox.com/ms/candidate/careers,CANDIDATE,SLUG,board slug/host token equals domain company token but names differ; inspect,false,,UNSUPPORTED,MULTI_SOURCE_CANDIDATE
EMP-04890,PWC,pwc.com,Ireland | UK,ats-scrapers,6b44a1badc9bfbf5cf176f75265cc5729e520e99,moka,PwC China,pwc/140014,https://app.mokahr.com/social-recruitment/pwc/140014,CANDIDATE,SLUG,board slug/host token equals domain company token but names differ; inspect,false,,UNSUPPORTED,MULTI_SOURCE_CANDIDATE
EMP-04890,PWC,pwc.com,Ireland | UK,ats-scrapers,6b44a1badc9bfbf5cf176f75265cc5729e520e99,workday,Pwc (Crm Experienced Careers Site),pwc/crm_experienced_careers_site,https://pwc.wd3.myworkdayjobs.com/crm_experienced_careers_site,CANDIDATE,SLUG,board slug/host token equals domain company token but names differ; inspect,false,,LEGACY_SUPPORTED,MULTI_SOURCE_CANDIDATE
EMP-04890,PWC,pwc.com,Ireland | UK,ats-scrapers,6b44a1badc9bfbf5cf176f75265cc5729e520e99,workday,Pwc,pwc/global_campus_careers,https://pwc.wd3.myworkdayjobs.com/global_campus_careers,HIGH_CONFIDENCE,SLUG_PLUS_NAME,board slug/host token equals domain company token + compatible names,false,,LEGACY_SUPPORTED,MULTI_SOURCE_CANDIDATE
EMP-04890,PWC,pwc.com,Ireland | UK,ats-scrapers,6b44a1badc9bfbf5cf176f75265cc5729e520e99,workday,Pwc,pwc/global_experienced_careers,https://pwc.wd3.myworkdayjobs.com/global_experienced_careers,HIGH_CONFIDENCE,SLUG_PLUS_NAME,board slug/host token equals domain company token + compatible names,false,,LEGACY_SUPPORTED,MULTI_SOURCE_CANDIDATE
EMP-04890,PWC,pwc.com,Ireland | UK,ats-scrapers,6b44a1badc9bfbf5cf176f75265cc5729e520e99,workday,Pwc (Nonpublic Postings),pwc/nonpublic_postings,https://pwc.wd3.myworkdayjobs.com/nonpublic_postings,CANDIDATE,SLUG,board slug/host token equals domain company token but names differ; inspect,false,,LEGACY_SUPPORTED,MULTI_SOURCE_CANDIDATE
EMP-04890,PWC,pwc.com,Ireland | UK,ats-scrapers,6b44a1badc9bfbf5cf176f75265cc5729e520e99,workday,Pwc,pwc/us_experienced_careers,https://pwc.wd3.myworkdayjobs.com/us_experienced_careers,HIGH_CONFIDENCE,SLUG_PLUS_NAME,board slug/host token equals domain company token + compatible names,false,,LEGACY_SUPPORTED,MULTI_SOURCE_CANDIDATE
EMP-04891,McKesson,,Ireland | USA,ats-scrapers,6b44a1badc9bfbf5cf176f75265cc5729e520e99,smartrecruiters,McKesson,mckesson4,https://careers.smartrecruiters.com/mckesson4,CANDIDATE,NAME_EXACT,"exact normalized name match, no domain evidence; inspect",false,,LEGACY_SUPPORTED,MULTI_SOURCE_CANDIDATE
EMP-04891,McKesson,,Ireland | USA,ats-scrapers,6b44a1badc9bfbf5cf176f75265cc5729e520e99,workday,McKesson,mckesson/external_careers,https://mckesson.wd3.myworkdayjobs.com/external_careers,CANDIDATE,NAME_EXACT,"exact normalized name match, no domain evidence; inspect",false,,LEGACY_SUPPORTED,MULTI_SOURCE_CANDIDATE
EMP-04892,Northern Trust,northerntrust.com,Ireland | USA,ats-scrapers,6b44a1badc9bfbf5cf176f75265cc5729e520e99,workday,Ntrs,ntrs/northerntrust,https://ntrs.wd1.myworkdayjobs.com/northerntrust,HIGH_CONFIDENCE,URL_EXACT,internal resolved portal URL equals external board URL,false,,LEGACY_SUPPORTED,SINGLE_SOURCE_CANDIDATE
EMP-04893,State Street,statestreet.com,Ireland | USA,ats-scrapers,6b44a1badc9bfbf5cf176f75265cc5729e520e99,phenom,State Street,,https://careers.statestreet.com,CANDIDATE,NAME_EXACT,"exact normalized name match, no domain evidence; inspect",false,,LEGACY_SUPPORTED,MULTI_SOURCE_CANDIDATE
EMP-04893,State Street,statestreet.com,Ireland | USA,ats-scrapers,6b44a1badc9bfbf5cf176f75265cc5729e520e99,workday,Statestreet,statestreet/global,https://statestreet.wd1.myworkdayjobs.com/global,HIGH_CONFIDENCE,SLUG_PLUS_NAME,board slug/host token equals domain company token + compatible names,false,,LEGACY_SUPPORTED,MULTI_SOURCE_CANDIDATE
EMP-04894,CrowdStrike,crowdstrike.com,Ireland | USA,ats-scrapers,6b44a1badc9bfbf5cf176f75265cc5729e520e99,workday,CrowdStrike,crowdstrike/crowdstrikecareers,https://crowdstrike.wd5.myworkdayjobs.com/crowdstrikecareers,HIGH_CONFIDENCE,URL_EXACT,internal resolved portal URL equals external board URL,false,,LEGACY_SUPPORTED,SINGLE_SOURCE_CANDIDATE
EMP-04895,Palo Alto Networks,paloaltonetworks.com,Ireland | USA,ats-scrapers,6b44a1badc9bfbf5cf176f75265cc5729e520e99,workday,Paloaltonetworks,paloaltonetworks/panwexternalcareers,https://paloaltonetworks.wd5.myworkdayjobs.com/panwexternalcareers,HIGH_CONFIDENCE,SLUG_PLUS_NAME,board slug/host token equals domain company token + compatible names,false,,LEGACY_SUPPORTED,SINGLE_SOURCE_CANDIDATE
EMP-04896,Accenture,accenture.com,Ireland | USA | Canada | EU / Europe | Germany | Switzerland | UK / Ireland | Italy | Finland | Denmark | Netherlands | Singapore,ats-scrapers,6b44a1badc9bfbf5cf176f75265cc5729e520e99,bamboohr,accenture,accenture,https://accenture.bamboohr.com/careers,HIGH_CONFIDENCE,SLUG_PLUS_NAME,board slug/host token equals domain company token + compatible names,false,,UNSUPPORTED,MULTI_SOURCE_CANDIDATE
EMP-04896,Accenture,accenture.com,Ireland | USA | Canada | EU / Europe | Germany | Switzerland | UK / Ireland | Italy | Finland | Denmark | Netherlands | Singapore,ats-scrapers,6b44a1badc9bfbf5cf176f75265cc5729e520e99,breezy,Accenture,accenture,https://accenture.breezy.hr,HIGH_CONFIDENCE,SLUG_PLUS_NAME,board slug/host token equals domain company token + compatible names,false,,UNSUPPORTED,MULTI_SOURCE_CANDIDATE
EMP-04896,Accenture,accenture.com,Ireland | USA | Canada | EU / Europe | Germany | Switzerland | UK / Ireland | Italy | Finland | Denmark | Netherlands | Singapore,ats-scrapers,6b44a1badc9bfbf5cf176f75265cc5729e520e99,join_com,Accenture,accenture,https://join.com/companies/accenture,HIGH_CONFIDENCE,SLUG_PLUS_NAME,board slug/host token equals domain company token + compatible names,false,,UNSUPPORTED,MULTI_SOURCE_CANDIDATE
EMP-04896,Accenture,accenture.com,Ireland | USA | Canada | EU / Europe | Germany | Switzerland | UK / Ireland | Italy | Finland | Denmark | Netherlands | Singapore,ats-scrapers,6b44a1badc9bfbf5cf176f75265cc5729e520e99,pinpoint,Accenture,accenture,https://accenture.pinpointhq.com,HIGH_CONFIDENCE,SLUG_PLUS_NAME,board slug/host token equals domain company token + compatible names,false,,UNSUPPORTED,MULTI_SOURCE_CANDIDATE
EMP-04896,Accenture,accenture.com,Ireland | USA | Canada | EU / Europe | Germany | Switzerland | UK / Ireland | Italy | Finland | Denmark | Netherlands | Singapore,ats-scrapers,6b44a1badc9bfbf5cf176f75265cc5729e520e99,smartrecruiters,accenture,accenture,https://careers.smartrecruiters.com/accenture,HIGH_CONFIDENCE,SLUG_PLUS_NAME,board slug/host token equals domain company token + compatible names,false,,LEGACY_SUPPORTED,MULTI_SOURCE_CANDIDATE
EMP-04896,Accenture,accenture.com,Ireland | USA | Canada | EU / Europe | Germany | Switzerland | UK / Ireland | Italy | Finland | Denmark | Netherlands | Singapore,ats-scrapers,6b44a1badc9bfbf5cf176f75265cc5729e520e99,workable,Accenture,accenture,https://apply.workable.com/accenture,HIGH_CONFIDENCE,SLUG_PLUS_NAME,board slug/host token equals domain company token + compatible names,false,,UNSUPPORTED,MULTI_SOURCE_CANDIDATE
EMP-04896,Accenture,accenture.com,Ireland | USA | Canada | EU / Europe | Germany | Switzerland | UK / Ireland | Italy | Finland | Denmark | Netherlands | Singapore,ats-scrapers,6b44a1badc9bfbf5cf176f75265cc5729e520e99,workday,Accenture (AvanadeLeadershipCareers),accenture/AvanadeLeadershipCareers,https://accenture.wd103.myworkdayjobs.com/AvanadeLeadershipCareers,HIGH_CONFIDENCE,SLUG_PLUS_NAME,board slug/host token equals domain company token + compatible names,false,,LEGACY_SUPPORTED,MULTI_SOURCE_CANDIDATE
EMP-04896,Accenture,accenture.com,Ireland | USA | Canada | EU / Europe | Germany | Switzerland | UK / Ireland | Italy | Finland | Denmark | Netherlands | Singapore,ats-scrapers,6b44a1badc9bfbf5cf176f75265cc5729e520e99,workday,Accenture,accenture/accenturecareers,https://accenture.wd103.myworkdayjobs.com/accenturecareers,HIGH_CONFIDENCE,SLUG_PLUS_NAME,board slug/host token equals domain company token + compatible names,false,,LEGACY_SUPPORTED,MULTI_SOURCE_CANDIDATE
EMP-04896,Accenture,accenture.com,Ireland | USA | Canada | EU / Europe | Germany | Switzerland | UK / Ireland | Italy | Finland | Denmark | Netherlands | Singapore,ats-scrapers,6b44a1badc9bfbf5cf176f75265cc5729e520e99,workday,Avanade,accenture/avanadecareers,https://accenture.wd103.myworkdayjobs.com/avanadecareers,CANDIDATE,SLUG,board slug/host token equals domain company token but names differ; inspect,false,,LEGACY_SUPPORTED,MULTI_SOURCE_CANDIDATE
EMP-04897,Qualcomm,qualcomm.com,Ireland | USA | Europe | Italy | Singapore,ats-scrapers,6b44a1badc9bfbf5cf176f75265cc5729e520e99,eightfold,Qualcomm,qualcomm,https://qualcomm.eightfold.ai/careers,HIGH_CONFIDENCE,SLUG_PLUS_NAME,board slug/host token equals domain company token + compatible names,false,,DECLARATIVE_SUPPORTED,MULTI_SOURCE_CANDIDATE
EMP-04897,Qualcomm,qualcomm.com,Ireland | USA | Europe | Italy | Singapore,ats-scrapers,6b44a1badc9bfbf5cf176f75265cc5729e520e99,workday,Qualcomm,qualcomm/external,https://qualcomm.wd12.myworkdayjobs.com/external,HIGH_CONFIDENCE,SLUG_PLUS_NAME,board slug/host token equals domain company token + compatible names,false,,LEGACY_SUPPORTED,MULTI_SOURCE_CANDIDATE
EMP-04898,Kyndryl,kyndryl.com,Ireland | USA | Multi-region,ats-scrapers,6b44a1badc9bfbf5cf176f75265cc5729e520e99,workday,Kyndryl (ISMCareers),kyndryl/ISMCareers,https://kyndryl.wd5.myworkdayjobs.com/ISMCareers,HIGH_CONFIDENCE,SLUG_PLUS_NAME,board slug/host token equals domain company token + compatible names,false,,LEGACY_SUPPORTED,MULTI_SOURCE_CANDIDATE
EMP-04898,Kyndryl,kyndryl.com,Ireland | USA | Multi-region,ats-scrapers,6b44a1badc9bfbf5cf176f75265cc5729e520e99,workday,Kyndrylearly,kyndryl/kyndrylearlycareers,https://kyndryl.wd5.myworkdayjobs.com/kyndrylearlycareers,HIGH_CONFIDENCE,SLUG_PLUS_NAME,board slug/host token equals domain company token + compatible names,false,,LEGACY_SUPPORTED,MULTI_SOURCE_CANDIDATE
EMP-04898,Kyndryl,kyndryl.com,Ireland | USA | Multi-region,ats-scrapers,6b44a1badc9bfbf5cf176f75265cc5729e520e99,workday,Kyndryl,kyndryl/kyndrylprofessionalcareers,https://kyndryl.wd5.myworkdayjobs.com/kyndrylprofessionalcareers,HIGH_CONFIDENCE,SLUG_PLUS_NAME,board slug/host token equals domain company token + compatible names,false,,LEGACY_SUPPORTED,MULTI_SOURCE_CANDIDATE
EMP-04899,Trellix,trellix.com,Ireland | USA | Multi-region,ats-scrapers,6b44a1badc9bfbf5cf176f75265cc5729e520e99,workday,Trellix,trellix/enterprisecareers,https://trellix.wd1.myworkdayjobs.com/enterprisecareers,HIGH_CONFIDENCE,SLUG_PLUS_NAME,board slug/host token equals domain company token + compatible names,false,,LEGACY_SUPPORTED,SINGLE_SOURCE_CANDIDATE
EMP-04934,BMC S.r.l.,,Italy,ats-scrapers,6b44a1badc9bfbf5cf176f75265cc5729e520e99,avature,BMC,bmcrecruit,https://bmcrecruit.avature.net/careers/SearchJobs,CANDIDATE,NAME_EXACT,"exact normalized name match, no domain evidence; inspect",false,,LEGACY_SUPPORTED,MULTI_SOURCE_CANDIDATE
EMP-04934,BMC S.r.l.,,Italy,ats-scrapers,6b44a1badc9bfbf5cf176f75265cc5729e520e99,workday,bmc,bmc/bmc,https://bmc.wd1.myworkdayjobs.com/BMC,CANDIDATE,NAME_EXACT,"exact normalized name match, no domain evidence; inspect",false,,LEGACY_SUPPORTED,MULTI_SOURCE_CANDIDATE
EMP-04938,BV TECH S.p.A.,,Italy,ats-scrapers,6b44a1badc9bfbf5cf176f75265cc5729e520e99,workday,Tech,nytimes/tech,https://nytimes.wd5.myworkdayjobs.com/tech,CANDIDATE,NAME_EXACT,"exact normalized name match, no domain evidence; inspect",false,,LEGACY_SUPPORTED,SINGLE_SOURCE_CANDIDATE
EMP-04967,E.M.C. S.r.l.,,Italy,ats-scrapers,6b44a1badc9bfbf5cf176f75265cc5729e520e99,bamboohr,emc,emc,https://emc.bamboohr.com/careers,CANDIDATE,NAME_EXACT,"exact normalized name match, no domain evidence; inspect",false,,UNSUPPORTED,MULTI_SOURCE_CANDIDATE
EMP-04967,E.M.C. S.r.l.,,Italy,ats-scrapers,6b44a1badc9bfbf5cf176f75265cc5729e520e99,join_com,EMC,expressmann-chiptuningde,https://join.com/companies/expressmann-chiptuningde,CANDIDATE,NAME_EXACT,"exact normalized name match, no domain evidence; inspect",false,,UNSUPPORTED,MULTI_SOURCE_CANDIDATE
EMP-04967,E.M.C. S.r.l.,,Italy,ats-scrapers,6b44a1badc9bfbf5cf176f75265cc5729e520e99,workday,EMC,emcins/emc_careers,https://emcins.wd5.myworkdayjobs.com/EMC_Careers,CANDIDATE,NAME_EXACT,"exact normalized name match, no domain evidence; inspect",false,,LEGACY_SUPPORTED,MULTI_SOURCE_CANDIDATE
EMP-04981,EURO TECHNOLOGIES S.r.l.,,Italy,ats-scrapers,6b44a1badc9bfbf5cf176f75265cc5729e520e99,join_com,EURO TECHNOLOGIES,euro-technologieseu,https://join.com/companies/euro-technologieseu,CANDIDATE,NAME_EXACT,"exact normalized name match, no domain evidence; inspect",false,,UNSUPPORTED,SINGLE_SOURCE_CANDIDATE
EMP-05018,IPS S.p.A.,,Italy,ats-scrapers,6b44a1badc9bfbf5cf176f75265cc5729e520e99,bamboohr,ips,ips,https://ips.bamboohr.com/careers,CANDIDATE,NAME_EXACT,"exact normalized name match, no domain evidence; inspect",false,,UNSUPPORTED,SINGLE_SOURCE_CANDIDATE
EMP-05035,LOG.IN S.r.l.,,Italy,ats-scrapers,6b44a1badc9bfbf5cf176f75265cc5729e520e99,successfactors,Login,login,https://careers.login.org,CANDIDATE,NAME_EXACT,"exact normalized name match, no domain evidence; inspect",false,,LEGACY_SUPPORTED,SINGLE_SOURCE_CANDIDATE
EMP-05058,MERIDIAN S.r.l.,,Italy,ats-scrapers,6b44a1badc9bfbf5cf176f75265cc5729e520e99,rippling,Meridian,meridian,https://ats.rippling.com/meridian/jobs,CANDIDATE,NAME_EXACT,"exact normalized name match, no domain evidence; inspect",false,,UNSUPPORTED,SINGLE_SOURCE_CANDIDATE
EMP-05076,NTT DATA ITALIA S.p.A.,nttdata.com,Italy,ats-scrapers,6b44a1badc9bfbf5cf176f75265cc5729e520e99,eightfold,NTT DATA,nttdata,https://nttdata.eightfold.ai/careers,HIGH_CONFIDENCE,SLUG_PLUS_NAME,board slug/host token equals domain company token + compatible names,false,,DECLARATIVE_SUPPORTED,MULTI_SOURCE_CANDIDATE
EMP-05076,NTT DATA ITALIA S.p.A.,nttdata.com,Italy,ats-scrapers,6b44a1badc9bfbf5cf176f75265cc5729e520e99,smartrecruiters,NTT Data,nttdata,https://careers.smartrecruiters.com/nttdata,HIGH_CONFIDENCE,SLUG_PLUS_NAME,board slug/host token equals domain company token + compatible names,false,,LEGACY_SUPPORTED,MULTI_SOURCE_CANDIDATE
EMP-05080,OMA S.p.A.,,Italy,ats-scrapers,6b44a1badc9bfbf5cf176f75265cc5729e520e99,softgarden,OMA,omajobs,https://omajobs.career.softgarden.de,CANDIDATE,NAME_EXACT,"exact normalized name match, no domain evidence; inspect",false,,UNSUPPORTED,SINGLE_SOURCE_CANDIDATE
EMP-05138,TERRANOVA S.r.l.,,Italy,ats-scrapers,6b44a1badc9bfbf5cf176f75265cc5729e520e99,ashby,Terranova,terranova,https://jobs.ashbyhq.com/terranova,CANDIDATE,NAME_EXACT,"exact normalized name match, no domain evidence; inspect",false,,LEGACY_SUPPORTED,SINGLE_SOURCE_CANDIDATE
EMP-05142,THE EXPLORATION COMPANY S.r.l.,,Italy,ats-scrapers,6b44a1badc9bfbf5cf176f75265cc5729e520e99,ashby,The Exploration Company,the-exploration-company,https://jobs.ashbyhq.com/the-exploration-company,CANDIDATE,NAME_EXACT,"exact normalized name match, no domain evidence; inspect",false,,LEGACY_SUPPORTED,SINGLE_SOURCE_CANDIDATE
EMP-05149,UNIKA S.p.A.,,Italy,ats-scrapers,6b44a1badc9bfbf5cf176f75265cc5729e520e99,teamtailor,Unika,unikalss,https://unikalss.teamtailor.com,CANDIDATE,NAME_EXACT,"exact normalized name match, no domain evidence; inspect",false,,UNSUPPORTED,SINGLE_SOURCE_CANDIDATE
EMP-05161,LUTECH S.p.A.,,Italy,ats-scrapers,6b44a1badc9bfbf5cf176f75265cc5729e520e99,oracle,Lutech,edsv/cx_1001,https://edsv.fa.us2.oraclecloud.com/hcmUI/CandidateExperience/en/sites/CX_1001,CANDIDATE,NAME_EXACT,"exact normalized name match, no domain evidence; inspect",false,,LEGACY_SUPPORTED,SINGLE_SOURCE_CANDIDATE
EMP-05172,OSA,,Italy,ats-scrapers,6b44a1badc9bfbf5cf176f75265cc5729e520e99,bamboohr,Osa,osa,https://osa.bamboohr.com/careers,CANDIDATE,NAME_EXACT,"exact normalized name match, no domain evidence; inspect",false,,UNSUPPORTED,SINGLE_SOURCE_CANDIDATE
EMP-05174,STAT,,Italy,ats-scrapers,6b44a1badc9bfbf5cf176f75265cc5729e520e99,rippling,Stat,stat,https://ats.rippling.com/stat/jobs,CANDIDATE,NAME_EXACT,"exact normalized name match, no domain evidence; inspect",false,,UNSUPPORTED,SINGLE_SOURCE_CANDIDATE
EMP-05179,Accenture Financial Advanced Solutions & Technology,accenture.com,Italy,ats-scrapers,6b44a1badc9bfbf5cf176f75265cc5729e520e99,bamboohr,accenture,accenture,https://accenture.bamboohr.com/careers,HIGH_CONFIDENCE,SLUG_PLUS_NAME,board slug/host token equals domain company token + compatible names,false,,UNSUPPORTED,MULTI_SOURCE_CANDIDATE
EMP-05179,Accenture Financial Advanced Solutions & Technology,accenture.com,Italy,ats-scrapers,6b44a1badc9bfbf5cf176f75265cc5729e520e99,breezy,Accenture,accenture,https://accenture.breezy.hr,HIGH_CONFIDENCE,SLUG_PLUS_NAME,board slug/host token equals domain company token + compatible names,false,,UNSUPPORTED,MULTI_SOURCE_CANDIDATE
EMP-05179,Accenture Financial Advanced Solutions & Technology,accenture.com,Italy,ats-scrapers,6b44a1badc9bfbf5cf176f75265cc5729e520e99,join_com,Accenture,accenture,https://join.com/companies/accenture,HIGH_CONFIDENCE,SLUG_PLUS_NAME,board slug/host token equals domain company token + compatible names,false,,UNSUPPORTED,MULTI_SOURCE_CANDIDATE
EMP-05179,Accenture Financial Advanced Solutions & Technology,accenture.com,Italy,ats-scrapers,6b44a1badc9bfbf5cf176f75265cc5729e520e99,pinpoint,Accenture,accenture,https://accenture.pinpointhq.com,HIGH_CONFIDENCE,SLUG_PLUS_NAME,board slug/host token equals domain company token + compatible names,false,,UNSUPPORTED,MULTI_SOURCE_CANDIDATE
EMP-05179,Accenture Financial Advanced Solutions & Technology,accenture.com,Italy,ats-scrapers,6b44a1badc9bfbf5cf176f75265cc5729e520e99,smartrecruiters,accenture,accenture,https://careers.smartrecruiters.com/accenture,HIGH_CONFIDENCE,SLUG_PLUS_NAME,board slug/host token equals domain company token + compatible names,false,,LEGACY_SUPPORTED,MULTI_SOURCE_CANDIDATE
EMP-05179,Accenture Financial Advanced Solutions & Technology,accenture.com,Italy,ats-scrapers,6b44a1badc9bfbf5cf176f75265cc5729e520e99,workable,Accenture,accenture,https://apply.workable.com/accenture,HIGH_CONFIDENCE,SLUG_PLUS_NAME,board slug/host token equals domain company token + compatible names,false,,UNSUPPORTED,MULTI_SOURCE_CANDIDATE
EMP-05179,Accenture Financial Advanced Solutions & Technology,accenture.com,Italy,ats-scrapers,6b44a1badc9bfbf5cf176f75265cc5729e520e99,workday,Accenture (AvanadeLeadershipCareers),accenture/AvanadeLeadershipCareers,https://accenture.wd103.myworkdayjobs.com/AvanadeLeadershipCareers,CANDIDATE,SLUG,board slug/host token equals domain company token but names differ; inspect,false,,LEGACY_SUPPORTED,MULTI_SOURCE_CANDIDATE
EMP-05179,Accenture Financial Advanced Solutions & Technology,accenture.com,Italy,ats-scrapers,6b44a1badc9bfbf5cf176f75265cc5729e520e99,workday,Accenture,accenture/accenturecareers,https://accenture.wd103.myworkdayjobs.com/accenturecareers,HIGH_CONFIDENCE,SLUG_PLUS_NAME,board slug/host token equals domain company token + compatible names,false,,LEGACY_SUPPORTED,MULTI_SOURCE_CANDIDATE
EMP-05179,Accenture Financial Advanced Solutions & Technology,accenture.com,Italy,ats-scrapers,6b44a1badc9bfbf5cf176f75265cc5729e520e99,workday,Avanade,accenture/avanadecareers,https://accenture.wd103.myworkdayjobs.com/avanadecareers,CANDIDATE,SLUG,board slug/host token equals domain company token but names differ; inspect,false,,LEGACY_SUPPORTED,MULTI_SOURCE_CANDIDATE
EMP-05180,Accenture Services and Technology,accenture.com,Italy,ats-scrapers,6b44a1badc9bfbf5cf176f75265cc5729e520e99,bamboohr,accenture,accenture,https://accenture.bamboohr.com/careers,HIGH_CONFIDENCE,SLUG_PLUS_NAME,board slug/host token equals domain company token + compatible names,false,,UNSUPPORTED,MULTI_SOURCE_CANDIDATE
EMP-05180,Accenture Services and Technology,accenture.com,Italy,ats-scrapers,6b44a1badc9bfbf5cf176f75265cc5729e520e99,breezy,Accenture,accenture,https://accenture.breezy.hr,HIGH_CONFIDENCE,SLUG_PLUS_NAME,board slug/host token equals domain company token + compatible names,false,,UNSUPPORTED,MULTI_SOURCE_CANDIDATE
EMP-05180,Accenture Services and Technology,accenture.com,Italy,ats-scrapers,6b44a1badc9bfbf5cf176f75265cc5729e520e99,join_com,Accenture,accenture,https://join.com/companies/accenture,HIGH_CONFIDENCE,SLUG_PLUS_NAME,board slug/host token equals domain company token + compatible names,false,,UNSUPPORTED,MULTI_SOURCE_CANDIDATE
EMP-05180,Accenture Services and Technology,accenture.com,Italy,ats-scrapers,6b44a1badc9bfbf5cf176f75265cc5729e520e99,pinpoint,Accenture,accenture,https://accenture.pinpointhq.com,HIGH_CONFIDENCE,SLUG_PLUS_NAME,board slug/host token equals domain company token + compatible names,false,,UNSUPPORTED,MULTI_SOURCE_CANDIDATE
EMP-05180,Accenture Services and Technology,accenture.com,Italy,ats-scrapers,6b44a1badc9bfbf5cf176f75265cc5729e520e99,smartrecruiters,accenture,accenture,https://careers.smartrecruiters.com/accenture,HIGH_CONFIDENCE,SLUG_PLUS_NAME,board slug/host token equals domain company token + compatible names,false,,LEGACY_SUPPORTED,MULTI_SOURCE_CANDIDATE
EMP-05180,Accenture Services and Technology,accenture.com,Italy,ats-scrapers,6b44a1badc9bfbf5cf176f75265cc5729e520e99,workable,Accenture,accenture,https://apply.workable.com/accenture,HIGH_CONFIDENCE,SLUG_PLUS_NAME,board slug/host token equals domain company token + compatible names,false,,UNSUPPORTED,MULTI_SOURCE_CANDIDATE
EMP-05180,Accenture Services and Technology,accenture.com,Italy,ats-scrapers,6b44a1badc9bfbf5cf176f75265cc5729e520e99,workday,Accenture (AvanadeLeadershipCareers),accenture/AvanadeLeadershipCareers,https://accenture.wd103.myworkdayjobs.com/AvanadeLeadershipCareers,CANDIDATE,SLUG,board slug/host token equals domain company token but names differ; inspect,false,,LEGACY_SUPPORTED,MULTI_SOURCE_CANDIDATE
EMP-05180,Accenture Services and Technology,accenture.com,Italy,ats-scrapers,6b44a1badc9bfbf5cf176f75265cc5729e520e99,workday,Accenture,accenture/accenturecareers,https://accenture.wd103.myworkdayjobs.com/accenturecareers,HIGH_CONFIDENCE,SLUG_PLUS_NAME,board slug/host token equals domain company token + compatible names,false,,LEGACY_SUPPORTED,MULTI_SOURCE_CANDIDATE
EMP-05180,Accenture Services and Technology,accenture.com,Italy,ats-scrapers,6b44a1badc9bfbf5cf176f75265cc5729e520e99,workday,Avanade,accenture/avanadecareers,https://accenture.wd103.myworkdayjobs.com/avanadecareers,CANDIDATE,SLUG,board slug/host token equals domain company token but names differ; inspect,false,,LEGACY_SUPPORTED,MULTI_SOURCE_CANDIDATE
EMP-05328,Banca di Credito Cooperativo Magna Grecia,magna.com,Italy,ats-scrapers,6b44a1badc9bfbf5cf176f75265cc5729e520e99,personio,magna,magna,https://magna.jobs.personio.com,HIGH_CONFIDENCE,SLUG_PLUS_NAME,board slug/host token equals domain company token + compatible names,false,,UNSUPPORTED,MULTI_SOURCE_CANDIDATE
EMP-05328,Banca di Credito Cooperativo Magna Grecia,magna.com,Italy,ats-scrapers,6b44a1badc9bfbf5cf176f75265cc5729e520e99,workday,Magna,magna/magna,https://magna.wd3.myworkdayjobs.com/magna,HIGH_CONFIDENCE,SLUG_PLUS_NAME,board slug/host token equals domain company token + compatible names,false,,LEGACY_SUPPORTED,MULTI_SOURCE_CANDIDATE
EMP-05347,Banca Generali,generali.com,Italy,ats-scrapers,6b44a1badc9bfbf5cf176f75265cc5729e520e99,teamtailor,Generali,generali,https://generali.teamtailor.com,HIGH_CONFIDENCE,SLUG_PLUS_NAME,board slug/host token equals domain company token + compatible names,false,,UNSUPPORTED,SINGLE_SOURCE_CANDIDATE
EMP-05390,Banca Widiba - Wise Dialog Bank,wise.com,Italy,ats-scrapers,6b44a1badc9bfbf5cf176f75265cc5729e520e99,smartrecruiters,Wise,Wise,https://careers.smartrecruiters.com/Wise,HIGH_CONFIDENCE,SLUG_PLUS_NAME,board slug/host token equals domain company token + compatible names,false,,LEGACY_SUPPORTED,SINGLE_SOURCE_CANDIDATE
EMP-05399,Banco Santander S.A. Milan Branch,santander.com,Italy,ats-scrapers,6b44a1badc9bfbf5cf176f75265cc5729e520e99,workday,Santander,santander/santandercareers,https://santander.wd3.myworkdayjobs.com/santandercareers,HIGH_CONFIDENCE,SLUG_PLUS_NAME,board slug/host token equals domain company token + compatible names,false,,LEGACY_SUPPORTED,SINGLE_SOURCE_CANDIDATE
EMP-05558,Deutsche Bank Mutui,db.com,Italy,ats-scrapers,6b44a1badc9bfbf5cf176f75265cc5729e520e99,workday,Db,db/dbwebsite,https://db.wd3.myworkdayjobs.com/dbwebsite,CANDIDATE,SLUG,board slug/host token equals domain company token but names differ; inspect,false,,LEGACY_SUPPORTED,MULTI_SOURCE_CANDIDATE
EMP-05558,Deutsche Bank Mutui,db.com,Italy,ats-scrapers,6b44a1badc9bfbf5cf176f75265cc5729e520e99,workday,DWS,db/dwswebsite,https://db.wd3.myworkdayjobs.com/dwswebsite,CANDIDATE,SLUG,board slug/host token equals domain company token but names differ; inspect,false,,LEGACY_SUPPORTED,MULTI_SOURCE_CANDIDATE
EMP-05587,Fideuram - Intesa Sanpaolo Private Banking,group.intesasanpaolo.com,Italy,ats-scrapers,6b44a1badc9bfbf5cf176f75265cc5729e520e99,successfactors,Intesa Sanpaolo,jobs,https://jobs.intesasanpaolo.com,HIGH_CONFIDENCE,URL_EXACT,internal resolved portal URL equals external board URL,false,,LEGACY_SUPPORTED,SINGLE_SOURCE_CANDIDATE
EMP-05617,Generali Asset Management SGR,generali.com,Italy,ats-scrapers,6b44a1badc9bfbf5cf176f75265cc5729e520e99,teamtailor,Generali,generali,https://generali.teamtailor.com,HIGH_CONFIDENCE,SLUG_PLUS_NAME,board slug/host token equals domain company token + compatible names,false,,UNSUPPORTED,SINGLE_SOURCE_CANDIDATE
EMP-05618,Generali Investments Holding,generali.com,Italy,ats-scrapers,6b44a1badc9bfbf5cf176f75265cc5729e520e99,teamtailor,Generali,generali,https://generali.teamtailor.com,HIGH_CONFIDENCE,SLUG_PLUS_NAME,board slug/host token equals domain company token + compatible names,false,,UNSUPPORTED,SINGLE_SOURCE_CANDIDATE
EMP-05619,Generali Real Estate,generali.com,Italy,ats-scrapers,6b44a1badc9bfbf5cf176f75265cc5729e520e99,teamtailor,Generali,generali,https://generali.teamtailor.com,HIGH_CONFIDENCE,SLUG_PLUS_NAME,board slug/host token equals domain company token + compatible names,false,,UNSUPPORTED,SINGLE_SOURCE_CANDIDATE
EMP-05620,Generali Real Estate SGR,generali.com,Italy,ats-scrapers,6b44a1badc9bfbf5cf176f75265cc5729e520e99,teamtailor,Generali,generali,https://generali.teamtailor.com,HIGH_CONFIDENCE,SLUG_PLUS_NAME,board slug/host token equals domain company token + compatible names,false,,UNSUPPORTED,SINGLE_SOURCE_CANDIDATE
EMP-05626,Help Line,,Italy,ats-scrapers,6b44a1badc9bfbf5cf176f75265cc5729e520e99,join_com,HELPLINE,helpline,https://join.com/companies/helpline,CANDIDATE,NAME_EXACT,"exact normalized name match, no domain evidence; inspect",false,,UNSUPPORTED,SINGLE_SOURCE_CANDIDATE
EMP-05627,HSBC Continental Europe Italy,continental.com,Italy,ats-scrapers,6b44a1badc9bfbf5cf176f75265cc5729e520e99,smartrecruiters,Continental,continental,https://careers.smartrecruiters.com/continental,HIGH_CONFIDENCE,SLUG_PLUS_NAME,board slug/host token equals domain company token + compatible names,false,,LEGACY_SUPPORTED,SINGLE_SOURCE_CANDIDATE
EMP-05643,Ing Bank N.V. Succursale di Milano,ing.com,Italy,ats-scrapers,6b44a1badc9bfbf5cf176f75265cc5729e520e99,workday,Ing,ing/icsausdir,https://ing.wd3.myworkdayjobs.com/icsausdir,CANDIDATE,SLUG,board slug/host token equals domain company token but names differ; inspect,false,,LEGACY_SUPPORTED,MULTI_SOURCE_CANDIDATE
EMP-05643,Ing Bank N.V. Succursale di Milano,ing.com,Italy,ats-scrapers,6b44a1badc9bfbf5cf176f75265cc5729e520e99,workday,ING,ing/icsgblcor,https://ing.wd3.myworkdayjobs.com/icsgblcor,CANDIDATE,SLUG,board slug/host token equals domain company token but names differ; inspect,false,,LEGACY_SUPPORTED,MULTI_SOURCE_CANDIDATE
EMP-05643,Ing Bank N.V. Succursale di Milano,ing.com,Italy,ats-scrapers,6b44a1badc9bfbf5cf176f75265cc5729e520e99,workday,Ing,ing/icsnldgen,https://ing.wd3.myworkdayjobs.com/icsnldgen,CANDIDATE,SLUG,board slug/host token equals domain company token but names differ; inspect,false,,LEGACY_SUPPORTED,MULTI_SOURCE_CANDIDATE
EMP-05643,Ing Bank N.V. Succursale di Milano,ing.com,Italy,ats-scrapers,6b44a1badc9bfbf5cf176f75265cc5729e520e99,workday,Ing (Jvsgblcor),ing/jvsgblcor,https://ing.wd3.myworkdayjobs.com/jvsgblcor,CANDIDATE,SLUG,board slug/host token equals domain company token but names differ; inspect,false,,LEGACY_SUPPORTED,MULTI_SOURCE_CANDIDATE
EMP-05646,Intesa Sanpaolo Innovation Center,group.intesasanpaolo.com,Italy,ats-scrapers,6b44a1badc9bfbf5cf176f75265cc5729e520e99,successfactors,Intesa Sanpaolo,jobs,https://jobs.intesasanpaolo.com,HIGH_CONFIDENCE,URL_EXACT,internal resolved portal URL equals external board URL,false,,LEGACY_SUPPORTED,SINGLE_SOURCE_CANDIDATE
EMP-05647,Intesa Sanpaolo International Value Services,group.intesasanpaolo.com,Italy,ats-scrapers,6b44a1badc9bfbf5cf176f75265cc5729e520e99,successfactors,Intesa Sanpaolo,jobs,https://jobs.intesasanpaolo.com,HIGH_CONFIDENCE,URL_EXACT,internal resolved portal URL equals external board URL,false,,LEGACY_SUPPORTED,SINGLE_SOURCE_CANDIDATE
EMP-05648,Intesa Sanpaolo Private Banking,group.intesasanpaolo.com,Italy,ats-scrapers,6b44a1badc9bfbf5cf176f75265cc5729e520e99,successfactors,Intesa Sanpaolo,jobs,https://jobs.intesasanpaolo.com,HIGH_CONFIDENCE,URL_EXACT,internal resolved portal URL equals external board URL,false,,LEGACY_SUPPORTED,SINGLE_SOURCE_CANDIDATE
EMP-05684,Morgan Stanley Europe SE Milan Branch,morganstanley.com,Italy,ats-scrapers,6b44a1badc9bfbf5cf176f75265cc5729e520e99,eightfold,Morgan Stanley,morganstanley,https://morganstanley.eightfold.ai/careers,HIGH_CONFIDENCE,SLUG_PLUS_NAME,board slug/host token equals domain company token + compatible names,false,,DECLARATIVE_SUPPORTED,MULTI_SOURCE_CANDIDATE
EMP-05684,Morgan Stanley Europe SE Milan Branch,morganstanley.com,Italy,ats-scrapers,6b44a1badc9bfbf5cf176f75265cc5729e520e99,smartrecruiters,Morgan stanley,morganstanley,https://careers.smartrecruiters.com/morganstanley,HIGH_CONFIDENCE,SLUG_PLUS_NAME,board slug/host token equals domain company token + compatible names,false,,LEGACY_SUPPORTED,MULTI_SOURCE_CANDIDATE
EMP-05685,MTS,,Italy,ats-scrapers,6b44a1badc9bfbf5cf176f75265cc5729e520e99,jazzhr,mts,mts,https://mts.applytojob.com,CANDIDATE,NAME_EXACT,"exact normalized name match, no domain evidence; inspect",false,,UNSUPPORTED,SINGLE_SOURCE_CANDIDATE
EMP-05714,Santander Consumer Bank,santander.com,Italy,ats-scrapers,6b44a1badc9bfbf5cf176f75265cc5729e520e99,workday,Santander,santander/santandercareers,https://santander.wd3.myworkdayjobs.com/santandercareers,HIGH_CONFIDENCE,SLUG_PLUS_NAME,board slug/host token equals domain company token + compatible names,false,,LEGACY_SUPPORTED,SINGLE_SOURCE_CANDIDATE
EMP-05733,Solaris SE,,Italy,ats-scrapers,6b44a1badc9bfbf5cf176f75265cc5729e520e99,greenhouse,Solaris,solarisbank,https://job-boards.greenhouse.io/solarisbank,CANDIDATE,NAME_EXACT,"exact normalized name match, no domain evidence; inspect",false,,LEGACY_SUPPORTED,SINGLE_SOURCE_CANDIDATE
EMP-05760,Worldline Merchant Services Italia,worldline.com,Italy,ats-scrapers,6b44a1badc9bfbf5cf176f75265cc5729e520e99,lever,Worldline NZ,Worldline,https://jobs.lever.co/Worldline,CANDIDATE,SLUG,board slug/host token equals domain company token but names differ; inspect,false,,LEGACY_SUPPORTED,MULTI_SOURCE_CANDIDATE
EMP-05760,Worldline Merchant Services Italia,worldline.com,Italy,ats-scrapers,6b44a1badc9bfbf5cf176f75265cc5729e520e99,successfactors,Worldline,jobs,https://jobs.worldline.com,HIGH_CONFIDENCE,URL_EXACT,internal resolved portal URL equals external board URL,false,,LEGACY_SUPPORTED,MULTI_SOURCE_CANDIDATE
EMP-05767,Avio,avio.com,Italy,ats-scrapers,6b44a1badc9bfbf5cf176f75265cc5729e520e99,hrmos,日本アビオニクス株式会社,avio,https://hrmos.co/pages/avio/jobs,CANDIDATE,SLUG,board slug/host token equals domain company token but names differ; inspect,false,,UNSUPPORTED,SINGLE_SOURCE_CANDIDATE
EMP-05773,Hera,gruppohera.it,Italy,ats-scrapers,6b44a1badc9bfbf5cf176f75265cc5729e520e99,ashby,Hera,hellohera,https://jobs.ashbyhq.com/hellohera,CANDIDATE,NAME_EXACT,"exact normalized name match, no domain evidence; inspect",false,,LEGACY_SUPPORTED,SINGLE_SOURCE_CANDIDATE
EMP-05775,Italgas,italgas.it,Italy,ats-scrapers,6b44a1badc9bfbf5cf176f75265cc5729e520e99,successfactors,Home Page Career Site,italgasret,https://carriere.italgas.it,HIGH_CONFIDENCE,URL_EXACT,internal resolved portal URL equals external board URL,false,,LEGACY_SUPPORTED,SINGLE_SOURCE_CANDIDATE
EMP-05783,Tenaris,tenaris.com,Italy,ats-scrapers,6b44a1badc9bfbf5cf176f75265cc5729e520e99,successfactors,Tenaris,Tenaris,https://recruitment.tenaris.com,HIGH_CONFIDENCE,URL_EXACT,internal resolved portal URL equals external board URL,false,,LEGACY_SUPPORTED,SINGLE_SOURCE_CANDIDATE
EMP-05784,Terna,terna.it,Italy,ats-scrapers,6b44a1badc9bfbf5cf176f75265cc5729e520e99,successfactors,Terna,ternaspa,https://jobs.terna.it,HIGH_CONFIDENCE,URL_EXACT,internal resolved portal URL equals external board URL,false,,LEGACY_SUPPORTED,SINGLE_SOURCE_CANDIDATE
EMP-05793,Accenture Security,accenture.com,Italy,ats-scrapers,6b44a1badc9bfbf5cf176f75265cc5729e520e99,bamboohr,accenture,accenture,https://accenture.bamboohr.com/careers,HIGH_CONFIDENCE,SLUG_PLUS_NAME,board slug/host token equals domain company token + compatible names,false,,UNSUPPORTED,MULTI_SOURCE_CANDIDATE
EMP-05793,Accenture Security,accenture.com,Italy,ats-scrapers,6b44a1badc9bfbf5cf176f75265cc5729e520e99,breezy,Accenture,accenture,https://accenture.breezy.hr,HIGH_CONFIDENCE,SLUG_PLUS_NAME,board slug/host token equals domain company token + compatible names,false,,UNSUPPORTED,MULTI_SOURCE_CANDIDATE
EMP-05793,Accenture Security,accenture.com,Italy,ats-scrapers,6b44a1badc9bfbf5cf176f75265cc5729e520e99,join_com,Accenture,accenture,https://join.com/companies/accenture,HIGH_CONFIDENCE,SLUG_PLUS_NAME,board slug/host token equals domain company token + compatible names,false,,UNSUPPORTED,MULTI_SOURCE_CANDIDATE
EMP-05793,Accenture Security,accenture.com,Italy,ats-scrapers,6b44a1badc9bfbf5cf176f75265cc5729e520e99,pinpoint,Accenture,accenture,https://accenture.pinpointhq.com,HIGH_CONFIDENCE,SLUG_PLUS_NAME,board slug/host token equals domain company token + compatible names,false,,UNSUPPORTED,MULTI_SOURCE_CANDIDATE
EMP-05793,Accenture Security,accenture.com,Italy,ats-scrapers,6b44a1badc9bfbf5cf176f75265cc5729e520e99,smartrecruiters,accenture,accenture,https://careers.smartrecruiters.com/accenture,HIGH_CONFIDENCE,SLUG_PLUS_NAME,board slug/host token equals domain company token + compatible names,false,,LEGACY_SUPPORTED,MULTI_SOURCE_CANDIDATE
EMP-05793,Accenture Security,accenture.com,Italy,ats-scrapers,6b44a1badc9bfbf5cf176f75265cc5729e520e99,workable,Accenture,accenture,https://apply.workable.com/accenture,HIGH_CONFIDENCE,SLUG_PLUS_NAME,board slug/host token equals domain company token + compatible names,false,,UNSUPPORTED,MULTI_SOURCE_CANDIDATE
EMP-05793,Accenture Security,accenture.com,Italy,ats-scrapers,6b44a1badc9bfbf5cf176f75265cc5729e520e99,workday,Accenture (AvanadeLeadershipCareers),accenture/AvanadeLeadershipCareers,https://accenture.wd103.myworkdayjobs.com/AvanadeLeadershipCareers,CANDIDATE,SLUG,board slug/host token equals domain company token but names differ; inspect,false,,LEGACY_SUPPORTED,MULTI_SOURCE_CANDIDATE
EMP-05793,Accenture Security,accenture.com,Italy,ats-scrapers,6b44a1badc9bfbf5cf176f75265cc5729e520e99,workday,Accenture,accenture/accenturecareers,https://accenture.wd103.myworkdayjobs.com/accenturecareers,HIGH_CONFIDENCE,SLUG_PLUS_NAME,board slug/host token equals domain company token + compatible names,false,,LEGACY_SUPPORTED,MULTI_SOURCE_CANDIDATE
EMP-05793,Accenture Security,accenture.com,Italy,ats-scrapers,6b44a1badc9bfbf5cf176f75265cc5729e520e99,workday,Avanade,accenture/avanadecareers,https://accenture.wd103.myworkdayjobs.com/avanadecareers,CANDIDATE,SLUG,board slug/host token equals domain company token but names differ; inspect,false,,LEGACY_SUPPORTED,MULTI_SOURCE_CANDIDATE
EMP-05816,CYBERA Srl,,Italy,ats-scrapers,6b44a1badc9bfbf5cf176f75265cc5729e520e99,bamboohr,cybera,cybera,https://cybera.bamboohr.com/careers,CANDIDATE,NAME_EXACT,"exact normalized name match, no domain evidence; inspect",false,,UNSUPPORTED,SINGLE_SOURCE_CANDIDATE
EMP-05859,PricewaterhouseCoopers Business Services Srl,pwc.com,Italy,ats-scrapers,6b44a1badc9bfbf5cf176f75265cc5729e520e99,darwinbox,PwC Asia,pwc.com,https://pwc.darwinbox.com/ms/candidate/careers,CANDIDATE,SLUG,board slug/host token equals domain company token but names differ; inspect,false,,UNSUPPORTED,MULTI_SOURCE_CANDIDATE
EMP-05859,PricewaterhouseCoopers Business Services Srl,pwc.com,Italy,ats-scrapers,6b44a1badc9bfbf5cf176f75265cc5729e520e99,moka,PwC China,pwc/140014,https://app.mokahr.com/social-recruitment/pwc/140014,CANDIDATE,SLUG,board slug/host token equals domain company token but names differ; inspect,false,,UNSUPPORTED,MULTI_SOURCE_CANDIDATE
EMP-05859,PricewaterhouseCoopers Business Services Srl,pwc.com,Italy,ats-scrapers,6b44a1badc9bfbf5cf176f75265cc5729e520e99,workday,Pwc (Crm Experienced Careers Site),pwc/crm_experienced_careers_site,https://pwc.wd3.myworkdayjobs.com/crm_experienced_careers_site,CANDIDATE,SLUG,board slug/host token equals domain company token but names differ; inspect,false,,LEGACY_SUPPORTED,MULTI_SOURCE_CANDIDATE
EMP-05859,PricewaterhouseCoopers Business Services Srl,pwc.com,Italy,ats-scrapers,6b44a1badc9bfbf5cf176f75265cc5729e520e99,workday,Pwc,pwc/global_campus_careers,https://pwc.wd3.myworkdayjobs.com/global_campus_careers,CANDIDATE,SLUG,board slug/host token equals domain company token but names differ; inspect,false,,LEGACY_SUPPORTED,MULTI_SOURCE_CANDIDATE
EMP-05859,PricewaterhouseCoopers Business Services Srl,pwc.com,Italy,ats-scrapers,6b44a1badc9bfbf5cf176f75265cc5729e520e99,workday,Pwc,pwc/global_experienced_careers,https://pwc.wd3.myworkdayjobs.com/global_experienced_careers,CANDIDATE,SLUG,board slug/host token equals domain company token but names differ; inspect,false,,LEGACY_SUPPORTED,MULTI_SOURCE_CANDIDATE
EMP-05859,PricewaterhouseCoopers Business Services Srl,pwc.com,Italy,ats-scrapers,6b44a1badc9bfbf5cf176f75265cc5729e520e99,workday,Pwc (Nonpublic Postings),pwc/nonpublic_postings,https://pwc.wd3.myworkdayjobs.com/nonpublic_postings,CANDIDATE,SLUG,board slug/host token equals domain company token but names differ; inspect,false,,LEGACY_SUPPORTED,MULTI_SOURCE_CANDIDATE
EMP-05859,PricewaterhouseCoopers Business Services Srl,pwc.com,Italy,ats-scrapers,6b44a1badc9bfbf5cf176f75265cc5729e520e99,workday,Pwc,pwc/us_experienced_careers,https://pwc.wd3.myworkdayjobs.com/us_experienced_careers,CANDIDATE,SLUG,board slug/host token equals domain company token but names differ; inspect,false,,LEGACY_SUPPORTED,MULTI_SOURCE_CANDIDATE
EMP-05862,REEVO SpA,,Italy,ats-scrapers,6b44a1badc9bfbf5cf176f75265cc5729e520e99,ashby,Reevo,reevo,https://jobs.ashbyhq.com/reevo,CANDIDATE,NAME_EXACT,"exact normalized name match, no domain evidence; inspect",false,,LEGACY_SUPPORTED,SINGLE_SOURCE_CANDIDATE
EMP-05863,Resolve,,Italy,ats-scrapers,6b44a1badc9bfbf5cf176f75265cc5729e520e99,bamboohr,resolve,resolve,https://resolve.bamboohr.com/careers,CANDIDATE,NAME_EXACT,"exact normalized name match, no domain evidence; inspect",false,,UNSUPPORTED,MULTI_SOURCE_CANDIDATE
EMP-05863,Resolve,,Italy,ats-scrapers,6b44a1badc9bfbf5cf176f75265cc5729e520e99,personio,resolve,resolve,https://resolve.jobs.personio.com,CANDIDATE,NAME_EXACT,"exact normalized name match, no domain evidence; inspect",false,,UNSUPPORTED,MULTI_SOURCE_CANDIDATE
EMP-05874,Sophos Italia,sophos.com,Italy,ats-scrapers,6b44a1badc9bfbf5cf176f75265cc5729e520e99,lever,Sophos,sophos,https://jobs.lever.co/sophos,HIGH_CONFIDENCE,SLUG_PLUS_NAME,board slug/host token equals domain company token + compatible names,false,,LEGACY_SUPPORTED,MULTI_SOURCE_CANDIDATE
EMP-05874,Sophos Italia,sophos.com,Italy,ats-scrapers,6b44a1badc9bfbf5cf176f75265cc5729e520e99,smartrecruiters,Sophos,sophos,https://careers.smartrecruiters.com/sophos,HIGH_CONFIDENCE,SLUG_PLUS_NAME,board slug/host token equals domain company token + compatible names,false,,LEGACY_SUPPORTED,MULTI_SOURCE_CANDIDATE
EMP-05888,Prysmian SpA,prysmian.com,Italy,ats-scrapers,6b44a1badc9bfbf5cf176f75265cc5729e520e99,workday,Prysmian,prysmiangroup/careers,https://prysmiangroup.wd3.myworkdayjobs.com/careers,CANDIDATE,NAME_EXACT,"exact normalized name match, no domain evidence; inspect",false,,LEGACY_SUPPORTED,SINGLE_SOURCE_CANDIDATE
EMP-05923,AEON SRL,,Italy,ats-scrapers,6b44a1badc9bfbf5cf176f75265cc5729e520e99,join_com,Aeon,aeon400,https://join.com/companies/aeon400,CANDIDATE,NAME_EXACT,"exact normalized name match, no domain evidence; inspect",false,,UNSUPPORTED,SINGLE_SOURCE_CANDIDATE
EMP-05944,ARIA SPA,,Italy,ats-scrapers,6b44a1badc9bfbf5cf176f75265cc5729e520e99,pinpoint,ARIA,aria,https://aria.pinpointhq.com,CANDIDATE,NAME_EXACT,"exact normalized name match, no domain evidence; inspect",false,,UNSUPPORTED,SINGLE_SOURCE_CANDIDATE
EMP-05990,CNI S.p.A.,,Italy,ats-scrapers,6b44a1badc9bfbf5cf176f75265cc5729e520e99,workday,CNI,cni/cni,https://cni.wd503.myworkdayjobs.com/cni,CANDIDATE,NAME_EXACT,"exact normalized name match, no domain evidence; inspect",false,,LEGACY_SUPPORTED,SINGLE_SOURCE_CANDIDATE
EMP-06010,CORETECH SRL,,Italy,ats-scrapers,6b44a1badc9bfbf5cf176f75265cc5729e520e99,bamboohr,coretech,coretech,https://coretech.bamboohr.com/careers,CANDIDATE,NAME_EXACT,"exact normalized name match, no domain evidence; inspect",false,,UNSUPPORTED,SINGLE_SOURCE_CANDIDATE
EMP-06097,ESCAPE SRL,,Italy,ats-scrapers,6b44a1badc9bfbf5cf176f75265cc5729e520e99,personio,escape,escape,https://escape.jobs.personio.com,CANDIDATE,NAME_EXACT,"exact normalized name match, no domain evidence; inspect",false,,UNSUPPORTED,SINGLE_SOURCE_CANDIDATE
EMP-06139,GETSOLUTION DI PAOLA GENERALI,generali.com,Italy,ats-scrapers,6b44a1badc9bfbf5cf176f75265cc5729e520e99,teamtailor,Generali,generali,https://generali.teamtailor.com,HIGH_CONFIDENCE,SLUG_PLUS_NAME,board slug/host token equals domain company token + compatible names,false,,UNSUPPORTED,SINGLE_SOURCE_CANDIDATE
EMP-06154,HANDY SRL,,Italy,ats-scrapers,6b44a1badc9bfbf5cf176f75265cc5729e520e99,teamtailor,Handy,handy,https://handy.teamtailor.com,CANDIDATE,NAME_EXACT,"exact normalized name match, no domain evidence; inspect",false,,UNSUPPORTED,SINGLE_SOURCE_CANDIDATE
EMP-06171,IBC SRL,,Italy,ats-scrapers,6b44a1badc9bfbf5cf176f75265cc5729e520e99,bamboohr,ibc,ibc,https://ibc.bamboohr.com/careers,CANDIDATE,NAME_EXACT,"exact normalized name match, no domain evidence; inspect",false,,UNSUPPORTED,SINGLE_SOURCE_CANDIDATE
EMP-06172,ICARUS SRL,,Italy,ats-scrapers,6b44a1badc9bfbf5cf176f75265cc5729e520e99,greenhouse,Icarus,icarus,https://job-boards.greenhouse.io/icarus,CANDIDATE,NAME_EXACT,"exact normalized name match, no domain evidence; inspect",false,,LEGACY_SUPPORTED,SINGLE_SOURCE_CANDIDATE
EMP-06220,JEENKA SRL,,Italy,ats-scrapers,6b44a1badc9bfbf5cf176f75265cc5729e520e99,workable,Jeenka,jeenka,https://apply.workable.com/jeenka,CANDIDATE,NAME_EXACT,"exact normalized name match, no domain evidence; inspect",false,,UNSUPPORTED,SINGLE_SOURCE_CANDIDATE
EMP-06240,LIGHTSPEED SRL,,Italy,ats-scrapers,6b44a1badc9bfbf5cf176f75265cc5729e520e99,bamboohr,lightspeed,lightspeed,https://lightspeed.bamboohr.com/careers,CANDIDATE,NAME_EXACT,"exact normalized name match, no domain evidence; inspect",false,,UNSUPPORTED,MULTI_SOURCE_CANDIDATE
EMP-06240,LIGHTSPEED SRL,,Italy,ats-scrapers,6b44a1badc9bfbf5cf176f75265cc5729e520e99,workday,LIGHTSPEED,tencent/lightspeed,https://tencent.wd1.myworkdayjobs.com/lightspeed,CANDIDATE,NAME_EXACT,"exact normalized name match, no domain evidence; inspect",false,,LEGACY_SUPPORTED,MULTI_SOURCE_CANDIDATE
EMP-06279,NEXO CORPORATION SRL,,Italy,ats-scrapers,6b44a1badc9bfbf5cf176f75265cc5729e520e99,bamboohr,nexo,nexo,https://nexo.bamboohr.com/careers,CANDIDATE,NAME_EXACT,"exact normalized name match, no domain evidence; inspect",false,,UNSUPPORTED,MULTI_SOURCE_CANDIDATE
EMP-06279,NEXO CORPORATION SRL,,Italy,ats-scrapers,6b44a1badc9bfbf5cf176f75265cc5729e520e99,breezy,Nexo,nexo,https://nexo.breezy.hr,CANDIDATE,NAME_EXACT,"exact normalized name match, no domain evidence; inspect",false,,UNSUPPORTED,MULTI_SOURCE_CANDIDATE
EMP-06330,SEESAW SRL,,Italy,ats-scrapers,6b44a1badc9bfbf5cf176f75265cc5729e520e99,greenhouse,Seesaw,seesaw,https://job-boards.greenhouse.io/seesaw,CANDIDATE,NAME_EXACT,"exact normalized name match, no domain evidence; inspect",false,,LEGACY_SUPPORTED,SINGLE_SOURCE_CANDIDATE
EMP-06363,SLOPE SRL,,Italy,ats-scrapers,6b44a1badc9bfbf5cf176f75265cc5729e520e99,ashby,Slope,slope,https://jobs.ashbyhq.com/slope,CANDIDATE,NAME_EXACT,"exact normalized name match, no domain evidence; inspect",false,,LEGACY_SUPPORTED,SINGLE_SOURCE_CANDIDATE
EMP-06430,VAY SRL,,Italy,ats-scrapers,6b44a1badc9bfbf5cf176f75265cc5729e520e99,greenhouse,vay,vay,https://job-boards.greenhouse.io/vay,CANDIDATE,NAME_EXACT,"exact normalized name match, no domain evidence; inspect",false,,LEGACY_SUPPORTED,SINGLE_SOURCE_CANDIDATE
EMP-06439,WAY SRL,,Italy,ats-scrapers,6b44a1badc9bfbf5cf176f75265cc5729e520e99,lever,Way,Way,https://jobs.lever.co/Way,CANDIDATE,NAME_EXACT,"exact normalized name match, no domain evidence; inspect",false,,LEGACY_SUPPORTED,SINGLE_SOURCE_CANDIDATE
EMP-06448,WINK SRL,,Italy,ats-scrapers,6b44a1badc9bfbf5cf176f75265cc5729e520e99,join_com,Wink,wink-labcom,https://join.com/companies/wink-labcom,CANDIDATE,NAME_EXACT,"exact normalized name match, no domain evidence; inspect",false,,UNSUPPORTED,SINGLE_SOURCE_CANDIDATE
EMP-06477,Amazon Italia Services Srl,amazon.com,Italy,ats-scrapers,6b44a1badc9bfbf5cf176f75265cc5729e520e99,breezy,Amazon,amazon,https://amazon.breezy.hr,HIGH_CONFIDENCE,SLUG_PLUS_NAME,board slug/host token equals domain company token + compatible names,false,,UNSUPPORTED,MULTI_SOURCE_CANDIDATE
EMP-06477,Amazon Italia Services Srl,amazon.com,Italy,ats-scrapers,6b44a1badc9bfbf5cf176f75265cc5729e520e99,personio,amazon,amazon,https://amazon.jobs.personio.com,HIGH_CONFIDENCE,SLUG_PLUS_NAME,board slug/host token equals domain company token + compatible names,false,,UNSUPPORTED,MULTI_SOURCE_CANDIDATE
EMP-06477,Amazon Italia Services Srl,amazon.com,Italy,ats-scrapers,6b44a1badc9bfbf5cf176f75265cc5729e520e99,smartrecruiters,Amazon,amazon,https://careers.smartrecruiters.com/amazon,HIGH_CONFIDENCE,SLUG_PLUS_NAME,board slug/host token equals domain company token + compatible names,false,,LEGACY_SUPPORTED,MULTI_SOURCE_CANDIDATE
EMP-06477,Amazon Italia Services Srl,amazon.com,Italy,ats-scrapers,6b44a1badc9bfbf5cf176f75265cc5729e520e99,workable,Amazon,amazon,https://apply.workable.com/amazon,HIGH_CONFIDENCE,SLUG_PLUS_NAME,board slug/host token equals domain company token + compatible names,false,,UNSUPPORTED,MULTI_SOURCE_CANDIDATE
EMP-06479,Apple Italia Srl,apple.com,Italy,ats-scrapers,6b44a1badc9bfbf5cf176f75265cc5729e520e99,workable,Apple,apple,https://apply.workable.com/apple,HIGH_CONFIDENCE,SLUG_PLUS_NAME,board slug/host token equals domain company token + compatible names,false,,UNSUPPORTED,SINGLE_SOURCE_CANDIDATE
EMP-06484,Axway Srl,,Italy,ats-scrapers,6b44a1badc9bfbf5cf176f75265cc5729e520e99,icims,Axway,axway,https://careers-axway.icims.com,CANDIDATE,NAME_EXACT,"exact normalized name match, no domain evidence; inspect",false,,UNSUPPORTED,MULTI_SOURCE_CANDIDATE
EMP-06484,Axway Srl,,Italy,ats-scrapers,6b44a1badc9bfbf5cf176f75265cc5729e520e99,smartrecruiters,Axway,axway,https://careers.smartrecruiters.com/axway,CANDIDATE,NAME_EXACT,"exact normalized name match, no domain evidence; inspect",false,,LEGACY_SUPPORTED,MULTI_SOURCE_CANDIDATE
EMP-06498,Computer Care Srl,,Italy,ats-scrapers,6b44a1badc9bfbf5cf176f75265cc5729e520e99,lever,ComputerCare,computercare,https://jobs.lever.co/computercare,CANDIDATE,NAME_EXACT,"exact normalized name match, no domain evidence; inspect",false,,LEGACY_SUPPORTED,SINGLE_SOURCE_CANDIDATE
EMP-06521,Eris Srl,,Italy,ats-scrapers,6b44a1badc9bfbf5cf176f75265cc5729e520e99,teamtailor,ERIS,eris,https://eris.teamtailor.com,CANDIDATE,NAME_EXACT,"exact normalized name match, no domain evidence; inspect",false,,UNSUPPORTED,SINGLE_SOURCE_CANDIDATE
EMP-06535,Google Italy Srl,abc.xyz,Italy,ats-scrapers,6b44a1badc9bfbf5cf176f75265cc5729e520e99,breezy,abc,abc,https://abc.breezy.hr,CANDIDATE,SLUG,board slug/host token equals domain company token but names differ; inspect,false,,UNSUPPORTED,MULTI_SOURCE_CANDIDATE
EMP-06535,Google Italy Srl,abc.xyz,Italy,ats-scrapers,6b44a1badc9bfbf5cf176f75265cc5729e520e99,greenhouse,ThoughtWorks_new,abc,https://job-boards.greenhouse.io/abc,CANDIDATE,SLUG,board slug/host token equals domain company token but names differ; inspect,false,,LEGACY_SUPPORTED,MULTI_SOURCE_CANDIDATE
EMP-06535,Google Italy Srl,abc.xyz,Italy,ats-scrapers,6b44a1badc9bfbf5cf176f75265cc5729e520e99,hrmos,株式会社アートブレーンカンパニー（ABC）,abc,https://hrmos.co/pages/abc/jobs,CANDIDATE,SLUG,board slug/host token equals domain company token but names differ; inspect,false,,UNSUPPORTED,MULTI_SOURCE_CANDIDATE
EMP-06535,Google Italy Srl,abc.xyz,Italy,ats-scrapers,6b44a1badc9bfbf5cf176f75265cc5729e520e99,rippling,abc,abc,https://ats.rippling.com/abc/jobs,CANDIDATE,SLUG,board slug/host token equals domain company token but names differ; inspect,false,,UNSUPPORTED,MULTI_SOURCE_CANDIDATE
EMP-06535,Google Italy Srl,abc.xyz,Italy,ats-scrapers,6b44a1badc9bfbf5cf176f75265cc5729e520e99,smartrecruiters,Bacalaoo AG,abc,https://careers.smartrecruiters.com/abc,CANDIDATE,SLUG,board slug/host token equals domain company token but names differ; inspect,false,,LEGACY_SUPPORTED,MULTI_SOURCE_CANDIDATE
EMP-06536,GPI Spa,,Italy,ats-scrapers,6b44a1badc9bfbf5cf176f75265cc5729e520e99,oracle,GPI,gpi-iacriz/cx_1,https://gpi-iacriz.fa.ocs.oraclecloud.com/hcmUI/CandidateExperience/en/sites/cx_1,CANDIDATE,NAME_EXACT,"exact normalized name match, no domain evidence; inspect",false,,LEGACY_SUPPORTED,MULTI_SOURCE_CANDIDATE
EMP-06536,GPI Spa,,Italy,ats-scrapers,6b44a1badc9bfbf5cf176f75265cc5729e520e99,personio,Gpi,gpi,https://gpi.jobs.personio.com,CANDIDATE,NAME_EXACT,"exact normalized name match, no domain evidence; inspect",false,,UNSUPPORTED,MULTI_SOURCE_CANDIDATE
EMP-06571,Lodestar Spa,,Italy,ats-scrapers,6b44a1badc9bfbf5cf176f75265cc5729e520e99,greenhouse,Lodestar,lodestarspace,https://job-boards.greenhouse.io/lodestarspace,CANDIDATE,NAME_EXACT,"exact normalized name match, no domain evidence; inspect",false,,LEGACY_SUPPORTED,MULTI_SOURCE_CANDIDATE
EMP-06571,Lodestar Spa,,Italy,ats-scrapers,6b44a1badc9bfbf5cf176f75265cc5729e520e99,smartrecruiters,Lodestar,lodestar,https://careers.smartrecruiters.com/lodestar,CANDIDATE,NAME_EXACT,"exact normalized name match, no domain evidence; inspect",false,,LEGACY_SUPPORTED,MULTI_SOURCE_CANDIDATE
EMP-06593,Nokia Solutions and Networks Italia Spa,nokia.com,Italy,ats-scrapers,6b44a1badc9bfbf5cf176f75265cc5729e520e99,smartrecruiters,nokia,nokia,https://careers.smartrecruiters.com/nokia,HIGH_CONFIDENCE,SLUG_PLUS_NAME,board slug/host token equals domain company token + compatible names,false,,LEGACY_SUPPORTED,SINGLE_SOURCE_CANDIDATE
EMP-06596,Oracle Italia Srl,oracle.com,Italy,ats-scrapers,6b44a1badc9bfbf5cf176f75265cc5729e520e99,smartrecruiters,Oracle,oracle,https://careers.smartrecruiters.com/oracle,HIGH_CONFIDENCE,SLUG_PLUS_NAME,board slug/host token equals domain company token + compatible names,false,,LEGACY_SUPPORTED,SINGLE_SOURCE_CANDIDATE
EMP-06598,PagoPa Spa,,Italy,ats-scrapers,6b44a1badc9bfbf5cf176f75265cc5729e520e99,jazzhr,pagopa,pagopa,https://pagopa.applytojob.com,CANDIDATE,NAME_EXACT,"exact normalized name match, no domain evidence; inspect",false,,UNSUPPORTED,SINGLE_SOURCE_CANDIDATE
EMP-06612,Randstad,,Italy,ats-scrapers,6b44a1badc9bfbf5cf176f75265cc5729e520e99,bamboohr,Randstad,randstad,https://randstad.bamboohr.com/careers,CANDIDATE,NAME_EXACT,"exact normalized name match, no domain evidence; inspect",false,,UNSUPPORTED,MULTI_SOURCE_CANDIDATE
EMP-06612,Randstad,,Italy,ats-scrapers,6b44a1badc9bfbf5cf176f75265cc5729e520e99,personio,Randstad,randstad,https://randstad.jobs.personio.com,CANDIDATE,NAME_EXACT,"exact normalized name match, no domain evidence; inspect",false,,UNSUPPORTED,MULTI_SOURCE_CANDIDATE
EMP-06613,Reply Spa,,Italy,ats-scrapers,6b44a1badc9bfbf5cf176f75265cc5729e520e99,lever,Reply,reply,https://jobs.lever.co/reply,CANDIDATE,NAME_EXACT,"exact normalized name match, no domain evidence; inspect",false,,LEGACY_SUPPORTED,MULTI_SOURCE_CANDIDATE
EMP-06613,Reply Spa,,Italy,ats-scrapers,6b44a1badc9bfbf5cf176f75265cc5729e520e99,successfactors,Reply,C0004534147P,https://career012.successfactors.eu/career?company=C0004534147P,CANDIDATE,NAME_EXACT,"exact normalized name match, no domain evidence; inspect",false,,LEGACY_SUPPORTED,MULTI_SOURCE_CANDIDATE
EMP-06620,Shein,,Italy,ats-scrapers,6b44a1badc9bfbf5cf176f75265cc5729e520e99,greenhouse,SHEIN,shein,https://job-boards.greenhouse.io/shein,CANDIDATE,NAME_EXACT,"exact normalized name match, no domain evidence; inspect",false,,LEGACY_SUPPORTED,MULTI_SOURCE_CANDIDATE
EMP-06620,Shein,,Italy,ats-scrapers,6b44a1badc9bfbf5cf176f75265cc5729e520e99,moka,SHEIN,shein/2933,https://app.mokahr.com/social-recruitment/shein/2933,CANDIDATE,NAME_EXACT,"exact normalized name match, no domain evidence; inspect",false,,UNSUPPORTED,MULTI_SOURCE_CANDIDATE
EMP-06620,Shein,,Italy,ats-scrapers,6b44a1badc9bfbf5cf176f75265cc5729e520e99,oracle,SHEIN,fa-exjq-saasfaprod1/shein,https://fa-exjq-saasfaprod1.fa.ocs.oraclecloud.com/hcmUI/CandidateExperience/en/sites/shein,CANDIDATE,NAME_EXACT,"exact normalized name match, no domain evidence; inspect",false,,LEGACY_SUPPORTED,MULTI_SOURCE_CANDIDATE
EMP-06621,SIDI Srl,,Italy,ats-scrapers,6b44a1badc9bfbf5cf176f75265cc5729e520e99,gupy,SiDi,sidi,https://sidi.gupy.io,CANDIDATE,NAME_EXACT,"exact normalized name match, no domain evidence; inspect",false,,UNSUPPORTED,SINGLE_SOURCE_CANDIDATE
EMP-06652,Zest Spa,,Italy,ats-scrapers,6b44a1badc9bfbf5cf176f75265cc5729e520e99,bamboohr,zest,zest,https://zest.bamboohr.com/careers,CANDIDATE,NAME_EXACT,"exact normalized name match, no domain evidence; inspect",false,,UNSUPPORTED,SINGLE_SOURCE_CANDIDATE
EMP-06658,Amazon Web Services EMEA SARL,amazon.com,Italy,ats-scrapers,6b44a1badc9bfbf5cf176f75265cc5729e520e99,breezy,Amazon,amazon,https://amazon.breezy.hr,HIGH_CONFIDENCE,SLUG_PLUS_NAME,board slug/host token equals domain company token + compatible names,false,,UNSUPPORTED,MULTI_SOURCE_CANDIDATE
EMP-06658,Amazon Web Services EMEA SARL,amazon.com,Italy,ats-scrapers,6b44a1badc9bfbf5cf176f75265cc5729e520e99,personio,amazon,amazon,https://amazon.jobs.personio.com,HIGH_CONFIDENCE,SLUG_PLUS_NAME,board slug/host token equals domain company token + compatible names,false,,UNSUPPORTED,MULTI_SOURCE_CANDIDATE
EMP-06658,Amazon Web Services EMEA SARL,amazon.com,Italy,ats-scrapers,6b44a1badc9bfbf5cf176f75265cc5729e520e99,smartrecruiters,Amazon,amazon,https://careers.smartrecruiters.com/amazon,HIGH_CONFIDENCE,SLUG_PLUS_NAME,board slug/host token equals domain company token + compatible names,false,,LEGACY_SUPPORTED,MULTI_SOURCE_CANDIDATE
EMP-06658,Amazon Web Services EMEA SARL,amazon.com,Italy,ats-scrapers,6b44a1badc9bfbf5cf176f75265cc5729e520e99,workable,Amazon,amazon,https://apply.workable.com/amazon,HIGH_CONFIDENCE,SLUG_PLUS_NAME,board slug/host token equals domain company token + compatible names,false,,UNSUPPORTED,MULTI_SOURCE_CANDIDATE
EMP-06659,Auriga Spa,,Italy,ats-scrapers,6b44a1badc9bfbf5cf176f75265cc5729e520e99,keka,Auriga,aurigait,https://aurigait.keka.com/careers,CANDIDATE,NAME_EXACT,"exact normalized name match, no domain evidence; inspect",false,,UNSUPPORTED,SINGLE_SOURCE_CANDIDATE
EMP-06673,ASSICURAZIONI GENERALI SOCIETA' PER AZIONI,generali.com,Italy,ats-scrapers,6b44a1badc9bfbf5cf176f75265cc5729e520e99,teamtailor,Generali,generali,https://generali.teamtailor.com,HIGH_CONFIDENCE,SLUG_PLUS_NAME,board slug/host token equals domain company token + compatible names,false,,UNSUPPORTED,SINGLE_SOURCE_CANDIDATE
EMP-06700,GENERALI ITALIA S.P.A.,generali.com,Italy,ats-scrapers,6b44a1badc9bfbf5cf176f75265cc5729e520e99,teamtailor,Generali,generali,https://generali.teamtailor.com,HIGH_CONFIDENCE,SLUG_PLUS_NAME,board slug/host token equals domain company token + compatible names,false,,UNSUPPORTED,SINGLE_SOURCE_CANDIDATE
EMP-06709,INTESA SANPAOLO ASSICURAZIONI S.P.A.,group.intesasanpaolo.com,Italy,ats-scrapers,6b44a1badc9bfbf5cf176f75265cc5729e520e99,successfactors,Intesa Sanpaolo,jobs,https://jobs.intesasanpaolo.com,HIGH_CONFIDENCE,URL_EXACT,internal resolved portal URL equals external board URL,false,,LEGACY_SUPPORTED,SINGLE_SOURCE_CANDIDATE
EMP-06710,INTESA SANPAOLO PROTEZIONE S.P.A.,group.intesasanpaolo.com,Italy,ats-scrapers,6b44a1badc9bfbf5cf176f75265cc5729e520e99,successfactors,Intesa Sanpaolo,jobs,https://jobs.intesasanpaolo.com,HIGH_CONFIDENCE,URL_EXACT,internal resolved portal URL equals external board URL,false,,LEGACY_SUPPORTED,SINGLE_SOURCE_CANDIDATE
EMP-06729,SARA ASSICURAZIONI S.P.A.,,Italy,ats-scrapers,6b44a1badc9bfbf5cf176f75265cc5729e520e99,workday,Sara Assicurazioni,sara/saraassicurazioni,https://sara.wd103.myworkdayjobs.com/SaraAssicurazioni,CANDIDATE,NAME_EXACT,"exact normalized name match, no domain evidence; inspect",false,,LEGACY_SUPPORTED,SINGLE_SOURCE_CANDIDATE
EMP-06748,Airbus Italia,airbus.com,Italy,ats-scrapers,6b44a1badc9bfbf5cf176f75265cc5729e520e99,bamboohr,airbus,airbus,https://airbus.bamboohr.com/careers,HIGH_CONFIDENCE,SLUG_PLUS_NAME,board slug/host token equals domain company token + compatible names,false,,UNSUPPORTED,SINGLE_SOURCE_CANDIDATE
EMP-06804,AMP SpA,,Italy,ats-scrapers,6b44a1badc9bfbf5cf176f75265cc5729e520e99,bamboohr,amp,amp,https://amp.bamboohr.com/careers,CANDIDATE,NAME_EXACT,"exact normalized name match, no domain evidence; inspect",false,,UNSUPPORTED,MULTI_SOURCE_CANDIDATE
EMP-06804,AMP SpA,,Italy,ats-scrapers,6b44a1badc9bfbf5cf176f75265cc5729e520e99,jazzhr,Amp,amp,https://amp.applytojob.com,CANDIDATE,NAME_EXACT,"exact normalized name match, no domain evidence; inspect",false,,UNSUPPORTED,MULTI_SOURCE_CANDIDATE
EMP-06804,AMP SpA,,Italy,ats-scrapers,6b44a1badc9bfbf5cf176f75265cc5729e520e99,rippling,Amp,amp,https://ats.rippling.com/amp/jobs,CANDIDATE,NAME_EXACT,"exact normalized name match, no domain evidence; inspect",false,,UNSUPPORTED,MULTI_SOURCE_CANDIDATE
EMP-06805,APS SpA / Azienda Pubblici Servizi Aosta,,Italy,ats-scrapers,6b44a1badc9bfbf5cf176f75265cc5729e520e99,oracle,APS,fa-ewxu-saasfaprod1,https://fa-ewxu-saasfaprod1.fa.ocs.oraclecloud.com/hcmUI/CandidateExperience/en/sites/APS-Career-Site,CANDIDATE,NAME_EXACT,"exact normalized name match, no domain evidence; inspect",false,,LEGACY_SUPPORTED,SINGLE_SOURCE_CANDIDATE
EMP-06814,CVA,,Italy,ats-scrapers,6b44a1badc9bfbf5cf176f75265cc5729e520e99,oracle,Cva,cva/cx_3,https://cva.fa.us1.oraclecloud.com/hcmUI/CandidateExperience/en/sites/CX_3,CANDIDATE,NAME_EXACT,"exact normalized name match, no domain evidence; inspect",false,,LEGACY_SUPPORTED,SINGLE_SOURCE_CANDIDATE
EMP-06826,SCA Srl / Servizi Comunali Associati,,Italy,ats-scrapers,6b44a1badc9bfbf5cf176f75265cc5729e520e99,bamboohr,sca,sca,https://sca.bamboohr.com/careers,CANDIDATE,NAME_EXACT,"exact normalized name match, no domain evidence; inspect",false,,UNSUPPORTED,SINGLE_SOURCE_CANDIDATE
EMP-06855,Dots.,,Latvia,ats-scrapers,6b44a1badc9bfbf5cf176f75265cc5729e520e99,greenhouse,Dots,dots,https://job-boards.greenhouse.io/dots,CANDIDATE,NAME_EXACT,"exact normalized name match, no domain evidence; inspect",false,,LEGACY_SUPPORTED,MULTI_SOURCE_CANDIDATE
EMP-06855,Dots.,,Latvia,ats-scrapers,6b44a1badc9bfbf5cf176f75265cc5729e520e99,personio,dots,dots,https://dots.jobs.personio.com,CANDIDATE,NAME_EXACT,"exact normalized name match, no domain evidence; inspect",false,,UNSUPPORTED,MULTI_SOURCE_CANDIDATE
EMP-06879,Electrify,,Latvia,ats-scrapers,6b44a1badc9bfbf5cf176f75265cc5729e520e99,teamtailor,Electrify,electrify,https://electrify.teamtailor.com,CANDIDATE,NAME_EXACT,"exact normalized name match, no domain evidence; inspect",false,,UNSUPPORTED,SINGLE_SOURCE_CANDIDATE
EMP-06922,Ernst & Young Liechtenstein,ey.com,Liechtenstein,ats-scrapers,6b44a1badc9bfbf5cf176f75265cc5729e520e99,moka,EY (Ernst & Young),ey/47410,https://app.mokahr.com/social-recruitment/ey/47410,CANDIDATE,SLUG,board slug/host token equals domain company token but names differ; inspect,false,,UNSUPPORTED,MULTI_SOURCE_CANDIDATE
EMP-06922,Ernst & Young Liechtenstein,ey.com,Liechtenstein,ats-scrapers,6b44a1badc9bfbf5cf176f75265cc5729e520e99,successfactors,Careers at EY: search jobs,EYHRISPRD1,https://careers.ey.com,HIGH_CONFIDENCE,URL_EXACT,internal resolved portal URL equals external board URL,false,,LEGACY_SUPPORTED,MULTI_SOURCE_CANDIDATE
EMP-06928,Kaiser AG,,Liechtenstein,ats-scrapers,6b44a1badc9bfbf5cf176f75265cc5729e520e99,bamboohr,kaiser,kaiser,https://kaiser.bamboohr.com/careers,CANDIDATE,NAME_EXACT,"exact normalized name match, no domain evidence; inspect",false,,UNSUPPORTED,SINGLE_SOURCE_CANDIDATE
EMP-06929,KPMG Liechtenstein,kpmg.com,Liechtenstein,ats-scrapers,6b44a1badc9bfbf5cf176f75265cc5729e520e99,lever,KPMG LLP,kpmg,https://jobs.lever.co/kpmg,CANDIDATE,SLUG,board slug/host token equals domain company token but names differ; inspect,false,,LEGACY_SUPPORTED,MULTI_SOURCE_CANDIDATE
EMP-06929,KPMG Liechtenstein,kpmg.com,Liechtenstein,ats-scrapers,6b44a1badc9bfbf5cf176f75265cc5729e520e99,moka,KPMG,kpmg/74216,https://app.mokahr.com/social-recruitment/kpmg/74216,HIGH_CONFIDENCE,SLUG_PLUS_NAME,board slug/host token equals domain company token + compatible names,false,,UNSUPPORTED,MULTI_SOURCE_CANDIDATE
EMP-06929,KPMG Liechtenstein,kpmg.com,Liechtenstein,ats-scrapers,6b44a1badc9bfbf5cf176f75265cc5729e520e99,successfactors,Kpmg,KPMGHITPRD,https://careers.kpmg.it,HIGH_CONFIDENCE,URL_EXACT,internal resolved portal URL equals external board URL,false,,LEGACY_SUPPORTED,MULTI_SOURCE_CANDIDATE
EMP-06937,PwC Liechtenstein,pwc.com,Liechtenstein,ats-scrapers,6b44a1badc9bfbf5cf176f75265cc5729e520e99,darwinbox,PwC Asia,pwc.com,https://pwc.darwinbox.com/ms/candidate/careers,CANDIDATE,SLUG,board slug/host token equals domain company token but names differ; inspect,false,,UNSUPPORTED,MULTI_SOURCE_CANDIDATE
EMP-06937,PwC Liechtenstein,pwc.com,Liechtenstein,ats-scrapers,6b44a1badc9bfbf5cf176f75265cc5729e520e99,moka,PwC China,pwc/140014,https://app.mokahr.com/social-recruitment/pwc/140014,CANDIDATE,SLUG,board slug/host token equals domain company token but names differ; inspect,false,,UNSUPPORTED,MULTI_SOURCE_CANDIDATE
EMP-06937,PwC Liechtenstein,pwc.com,Liechtenstein,ats-scrapers,6b44a1badc9bfbf5cf176f75265cc5729e520e99,workday,Pwc (Crm Experienced Careers Site),pwc/crm_experienced_careers_site,https://pwc.wd3.myworkdayjobs.com/crm_experienced_careers_site,CANDIDATE,SLUG,board slug/host token equals domain company token but names differ; inspect,false,,LEGACY_SUPPORTED,MULTI_SOURCE_CANDIDATE
EMP-06937,PwC Liechtenstein,pwc.com,Liechtenstein,ats-scrapers,6b44a1badc9bfbf5cf176f75265cc5729e520e99,workday,Pwc,pwc/global_campus_careers,https://pwc.wd3.myworkdayjobs.com/global_campus_careers,CANDIDATE,SLUG,board slug/host token equals domain company token but names differ; inspect,false,,LEGACY_SUPPORTED,MULTI_SOURCE_CANDIDATE
EMP-06937,PwC Liechtenstein,pwc.com,Liechtenstein,ats-scrapers,6b44a1badc9bfbf5cf176f75265cc5729e520e99,workday,Pwc,pwc/global_experienced_careers,https://pwc.wd3.myworkdayjobs.com/global_experienced_careers,CANDIDATE,SLUG,board slug/host token equals domain company token but names differ; inspect,false,,LEGACY_SUPPORTED,MULTI_SOURCE_CANDIDATE
EMP-06937,PwC Liechtenstein,pwc.com,Liechtenstein,ats-scrapers,6b44a1badc9bfbf5cf176f75265cc5729e520e99,workday,Pwc (Nonpublic Postings),pwc/nonpublic_postings,https://pwc.wd3.myworkdayjobs.com/nonpublic_postings,CANDIDATE,SLUG,board slug/host token equals domain company token but names differ; inspect,false,,LEGACY_SUPPORTED,MULTI_SOURCE_CANDIDATE
EMP-06937,PwC Liechtenstein,pwc.com,Liechtenstein,ats-scrapers,6b44a1badc9bfbf5cf176f75265cc5729e520e99,workday,Pwc,pwc/us_experienced_careers,https://pwc.wd3.myworkdayjobs.com/us_experienced_careers,CANDIDATE,SLUG,board slug/host token equals domain company token but names differ; inspect,false,,LEGACY_SUPPORTED,MULTI_SOURCE_CANDIDATE
EMP-06941,INFICON AG,,Liechtenstein | Singapore,ats-scrapers,6b44a1badc9bfbf5cf176f75265cc5729e520e99,smartrecruiters,INFICON,INFICON2,https://careers.smartrecruiters.com/INFICON2,CANDIDATE,NAME_EXACT,"exact normalized name match, no domain evidence; inspect",false,,LEGACY_SUPPORTED,SINGLE_SOURCE_CANDIDATE
EMP-06943,Hostinger,,Lithuania,ats-scrapers,6b44a1badc9bfbf5cf176f75265cc5729e520e99,ashby,Hostinger,hostinger,https://jobs.ashbyhq.com/hostinger,CANDIDATE,NAME_EXACT,"exact normalized name match, no domain evidence; inspect",false,,LEGACY_SUPPORTED,SINGLE_SOURCE_CANDIDATE
EMP-06944,Ignitis Group,,Lithuania,ats-scrapers,6b44a1badc9bfbf5cf176f75265cc5729e520e99,smartrecruiters,Ignitis group,Ignitisgroup,https://careers.smartrecruiters.com/Ignitisgroup,CANDIDATE,NAME_EXACT,"exact normalized name match, no domain evidence; inspect",false,,LEGACY_SUPPORTED,SINGLE_SOURCE_CANDIDATE
EMP-06945,Nord Security,nordsecurity.com,Lithuania,ats-scrapers,6b44a1badc9bfbf5cf176f75265cc5729e520e99,ashby,nord-security,nord-security,https://jobs.ashbyhq.com/nord-security,HIGH_CONFIDENCE,SLUG_PLUS_NAME,board slug/host token equals domain company token + compatible names,false,,LEGACY_SUPPORTED,MULTI_SOURCE_CANDIDATE
EMP-06945,Nord Security,nordsecurity.com,Lithuania,ats-scrapers,6b44a1badc9bfbf5cf176f75265cc5729e520e99,lever,Nord Security,nordsec,https://jobs.lever.co/nordsec,CANDIDATE,NAME_EXACT,"exact normalized name match, no domain evidence; inspect",false,,LEGACY_SUPPORTED,MULTI_SOURCE_CANDIDATE
EMP-06949,Surfshark,,Lithuania,ats-scrapers,6b44a1badc9bfbf5cf176f75265cc5729e520e99,ashby,Surfshark,surfshark,https://jobs.ashbyhq.com/surfshark,CANDIDATE,NAME_EXACT,"exact normalized name match, no domain evidence; inspect",false,,LEGACY_SUPPORTED,MULTI_SOURCE_CANDIDATE
EMP-06949,Surfshark,,Lithuania,ats-scrapers,6b44a1badc9bfbf5cf176f75265cc5729e520e99,lever,Surfshark,surfshark,https://jobs.lever.co/surfshark,CANDIDATE,NAME_EXACT,"exact normalized name match, no domain evidence; inspect",false,,LEGACY_SUPPORTED,MULTI_SOURCE_CANDIDATE
EMP-06998,Accenture Luxembourg,accenture.com,Luxembourg,ats-scrapers,6b44a1badc9bfbf5cf176f75265cc5729e520e99,bamboohr,accenture,accenture,https://accenture.bamboohr.com/careers,HIGH_CONFIDENCE,SLUG_PLUS_NAME,board slug/host token equals domain company token + compatible names,false,,UNSUPPORTED,MULTI_SOURCE_CANDIDATE
EMP-06998,Accenture Luxembourg,accenture.com,Luxembourg,ats-scrapers,6b44a1badc9bfbf5cf176f75265cc5729e520e99,breezy,Accenture,accenture,https://accenture.breezy.hr,HIGH_CONFIDENCE,SLUG_PLUS_NAME,board slug/host token equals domain company token + compatible names,false,,UNSUPPORTED,MULTI_SOURCE_CANDIDATE
EMP-06998,Accenture Luxembourg,accenture.com,Luxembourg,ats-scrapers,6b44a1badc9bfbf5cf176f75265cc5729e520e99,join_com,Accenture,accenture,https://join.com/companies/accenture,HIGH_CONFIDENCE,SLUG_PLUS_NAME,board slug/host token equals domain company token + compatible names,false,,UNSUPPORTED,MULTI_SOURCE_CANDIDATE
EMP-06998,Accenture Luxembourg,accenture.com,Luxembourg,ats-scrapers,6b44a1badc9bfbf5cf176f75265cc5729e520e99,pinpoint,Accenture,accenture,https://accenture.pinpointhq.com,HIGH_CONFIDENCE,SLUG_PLUS_NAME,board slug/host token equals domain company token + compatible names,false,,UNSUPPORTED,MULTI_SOURCE_CANDIDATE
EMP-06998,Accenture Luxembourg,accenture.com,Luxembourg,ats-scrapers,6b44a1badc9bfbf5cf176f75265cc5729e520e99,smartrecruiters,accenture,accenture,https://careers.smartrecruiters.com/accenture,HIGH_CONFIDENCE,SLUG_PLUS_NAME,board slug/host token equals domain company token + compatible names,false,,LEGACY_SUPPORTED,MULTI_SOURCE_CANDIDATE
EMP-06998,Accenture Luxembourg,accenture.com,Luxembourg,ats-scrapers,6b44a1badc9bfbf5cf176f75265cc5729e520e99,workable,Accenture,accenture,https://apply.workable.com/accenture,HIGH_CONFIDENCE,SLUG_PLUS_NAME,board slug/host token equals domain company token + compatible names,false,,UNSUPPORTED,MULTI_SOURCE_CANDIDATE
EMP-06998,Accenture Luxembourg,accenture.com,Luxembourg,ats-scrapers,6b44a1badc9bfbf5cf176f75265cc5729e520e99,workday,Accenture (AvanadeLeadershipCareers),accenture/AvanadeLeadershipCareers,https://accenture.wd103.myworkdayjobs.com/AvanadeLeadershipCareers,CANDIDATE,SLUG,board slug/host token equals domain company token but names differ; inspect,false,,LEGACY_SUPPORTED,MULTI_SOURCE_CANDIDATE
EMP-06998,Accenture Luxembourg,accenture.com,Luxembourg,ats-scrapers,6b44a1badc9bfbf5cf176f75265cc5729e520e99,workday,Accenture,accenture/accenturecareers,https://accenture.wd103.myworkdayjobs.com/accenturecareers,HIGH_CONFIDENCE,SLUG_PLUS_NAME,board slug/host token equals domain company token + compatible names,false,,LEGACY_SUPPORTED,MULTI_SOURCE_CANDIDATE
EMP-06998,Accenture Luxembourg,accenture.com,Luxembourg,ats-scrapers,6b44a1badc9bfbf5cf176f75265cc5729e520e99,workday,Avanade,accenture/avanadecareers,https://accenture.wd103.myworkdayjobs.com/avanadecareers,CANDIDATE,SLUG,board slug/host token equals domain company token but names differ; inspect,false,,LEGACY_SUPPORTED,MULTI_SOURCE_CANDIDATE
EMP-06999,Amazon Luxembourg,amazon.com,Luxembourg,ats-scrapers,6b44a1badc9bfbf5cf176f75265cc5729e520e99,breezy,Amazon,amazon,https://amazon.breezy.hr,HIGH_CONFIDENCE,SLUG_PLUS_NAME,board slug/host token equals domain company token + compatible names,false,,UNSUPPORTED,MULTI_SOURCE_CANDIDATE
EMP-06999,Amazon Luxembourg,amazon.com,Luxembourg,ats-scrapers,6b44a1badc9bfbf5cf176f75265cc5729e520e99,personio,amazon,amazon,https://amazon.jobs.personio.com,HIGH_CONFIDENCE,SLUG_PLUS_NAME,board slug/host token equals domain company token + compatible names,false,,UNSUPPORTED,MULTI_SOURCE_CANDIDATE
EMP-06999,Amazon Luxembourg,amazon.com,Luxembourg,ats-scrapers,6b44a1badc9bfbf5cf176f75265cc5729e520e99,smartrecruiters,Amazon,amazon,https://careers.smartrecruiters.com/amazon,HIGH_CONFIDENCE,SLUG_PLUS_NAME,board slug/host token equals domain company token + compatible names,false,,LEGACY_SUPPORTED,MULTI_SOURCE_CANDIDATE
EMP-06999,Amazon Luxembourg,amazon.com,Luxembourg,ats-scrapers,6b44a1badc9bfbf5cf176f75265cc5729e520e99,workable,Amazon,amazon,https://apply.workable.com/amazon,HIGH_CONFIDENCE,SLUG_PLUS_NAME,board slug/host token equals domain company token + compatible names,false,,UNSUPPORTED,MULTI_SOURCE_CANDIDATE
EMP-07010,Deloitte Luxembourg,deloitte.com,Luxembourg,ats-scrapers,6b44a1badc9bfbf5cf176f75265cc5729e520e99,eightfold,Deloitte,deloitte,https://deloitte.eightfold.ai/careers,HIGH_CONFIDENCE,SLUG_PLUS_NAME,board slug/host token equals domain company token + compatible names,false,,DECLARATIVE_SUPPORTED,MULTI_SOURCE_CANDIDATE
EMP-07010,Deloitte Luxembourg,deloitte.com,Luxembourg,ats-scrapers,6b44a1badc9bfbf5cf176f75265cc5729e520e99,successfactors,Deloitte Luxembourg,jobs,https://jobs.deloitte.lu,CANDIDATE,NAME_EXACT,"exact normalized name match, no domain evidence; inspect",false,,LEGACY_SUPPORTED,MULTI_SOURCE_CANDIDATE
EMP-07017,EY Luxembourg,ey.com,Luxembourg,ats-scrapers,6b44a1badc9bfbf5cf176f75265cc5729e520e99,moka,EY (Ernst & Young),ey/47410,https://app.mokahr.com/social-recruitment/ey/47410,CANDIDATE,SLUG,board slug/host token equals domain company token but names differ; inspect,false,,UNSUPPORTED,MULTI_SOURCE_CANDIDATE
EMP-07017,EY Luxembourg,ey.com,Luxembourg,ats-scrapers,6b44a1badc9bfbf5cf176f75265cc5729e520e99,successfactors,Careers at EY: search jobs,EYHRISPRD1,https://careers.ey.com,HIGH_CONFIDENCE,URL_EXACT,internal resolved portal URL equals external board URL,false,,LEGACY_SUPPORTED,MULTI_SOURCE_CANDIDATE
EMP-07018,Google Luxembourg,abc.xyz,Luxembourg,ats-scrapers,6b44a1badc9bfbf5cf176f75265cc5729e520e99,breezy,abc,abc,https://abc.breezy.hr,CANDIDATE,SLUG,board slug/host token equals domain company token but names differ; inspect,false,,UNSUPPORTED,MULTI_SOURCE_CANDIDATE
EMP-07018,Google Luxembourg,abc.xyz,Luxembourg,ats-scrapers,6b44a1badc9bfbf5cf176f75265cc5729e520e99,greenhouse,ThoughtWorks_new,abc,https://job-boards.greenhouse.io/abc,CANDIDATE,SLUG,board slug/host token equals domain company token but names differ; inspect,false,,LEGACY_SUPPORTED,MULTI_SOURCE_CANDIDATE
EMP-07018,Google Luxembourg,abc.xyz,Luxembourg,ats-scrapers,6b44a1badc9bfbf5cf176f75265cc5729e520e99,hrmos,株式会社アートブレーンカンパニー（ABC）,abc,https://hrmos.co/pages/abc/jobs,CANDIDATE,SLUG,board slug/host token equals domain company token but names differ; inspect,false,,UNSUPPORTED,MULTI_SOURCE_CANDIDATE
EMP-07018,Google Luxembourg,abc.xyz,Luxembourg,ats-scrapers,6b44a1badc9bfbf5cf176f75265cc5729e520e99,rippling,abc,abc,https://ats.rippling.com/abc/jobs,CANDIDATE,SLUG,board slug/host token equals domain company token but names differ; inspect,false,,UNSUPPORTED,MULTI_SOURCE_CANDIDATE
EMP-07018,Google Luxembourg,abc.xyz,Luxembourg,ats-scrapers,6b44a1badc9bfbf5cf176f75265cc5729e520e99,smartrecruiters,Bacalaoo AG,abc,https://careers.smartrecruiters.com/abc,CANDIDATE,SLUG,board slug/host token equals domain company token but names differ; inspect,false,,LEGACY_SUPPORTED,MULTI_SOURCE_CANDIDATE
EMP-07020,ING Luxembourg,ing.com,Luxembourg,ats-scrapers,6b44a1badc9bfbf5cf176f75265cc5729e520e99,workday,Ing,ing/icsausdir,https://ing.wd3.myworkdayjobs.com/icsausdir,CANDIDATE,SLUG,board slug/host token equals domain company token but names differ; inspect,false,,LEGACY_SUPPORTED,MULTI_SOURCE_CANDIDATE
EMP-07020,ING Luxembourg,ing.com,Luxembourg,ats-scrapers,6b44a1badc9bfbf5cf176f75265cc5729e520e99,workday,ING,ing/icsgblcor,https://ing.wd3.myworkdayjobs.com/icsgblcor,CANDIDATE,SLUG,board slug/host token equals domain company token but names differ; inspect,false,,LEGACY_SUPPORTED,MULTI_SOURCE_CANDIDATE
EMP-07020,ING Luxembourg,ing.com,Luxembourg,ats-scrapers,6b44a1badc9bfbf5cf176f75265cc5729e520e99,workday,Ing,ing/icsnldgen,https://ing.wd3.myworkdayjobs.com/icsnldgen,CANDIDATE,SLUG,board slug/host token equals domain company token but names differ; inspect,false,,LEGACY_SUPPORTED,MULTI_SOURCE_CANDIDATE
EMP-07020,ING Luxembourg,ing.com,Luxembourg,ats-scrapers,6b44a1badc9bfbf5cf176f75265cc5729e520e99,workday,Ing (Jvsgblcor),ing/jvsgblcor,https://ing.wd3.myworkdayjobs.com/jvsgblcor,CANDIDATE,SLUG,board slug/host token equals domain company token but names differ; inspect,false,,LEGACY_SUPPORTED,MULTI_SOURCE_CANDIDATE
EMP-07023,KPMG Luxembourg,kpmg.com,Luxembourg,ats-scrapers,6b44a1badc9bfbf5cf176f75265cc5729e520e99,lever,KPMG LLP,kpmg,https://jobs.lever.co/kpmg,CANDIDATE,SLUG,board slug/host token equals domain company token but names differ; inspect,false,,LEGACY_SUPPORTED,MULTI_SOURCE_CANDIDATE
EMP-07023,KPMG Luxembourg,kpmg.com,Luxembourg,ats-scrapers,6b44a1badc9bfbf5cf176f75265cc5729e520e99,moka,KPMG,kpmg/74216,https://app.mokahr.com/social-recruitment/kpmg/74216,HIGH_CONFIDENCE,SLUG_PLUS_NAME,board slug/host token equals domain company token + compatible names,false,,UNSUPPORTED,MULTI_SOURCE_CANDIDATE
EMP-07023,KPMG Luxembourg,kpmg.com,Luxembourg,ats-scrapers,6b44a1badc9bfbf5cf176f75265cc5729e520e99,successfactors,Kpmg,KPMGHITPRD,https://careers.kpmg.it,HIGH_CONFIDENCE,URL_EXACT,internal resolved portal URL equals external board URL,false,,LEGACY_SUPPORTED,MULTI_SOURCE_CANDIDATE
EMP-07031,Mangopay,,Luxembourg,ats-scrapers,6b44a1badc9bfbf5cf176f75265cc5729e520e99,greenhouse,Mangopay,mangopay,https://job-boards.greenhouse.io/mangopay,CANDIDATE,NAME_EXACT,"exact normalized name match, no domain evidence; inspect",false,,LEGACY_SUPPORTED,SINGLE_SOURCE_CANDIDATE
EMP-07032,Microsoft Luxembourg,microsoft.com,Luxembourg,ats-scrapers,6b44a1badc9bfbf5cf176f75265cc5729e520e99,eightfold,Microsoft,microsoft,https://microsoft.eightfold.ai/careers,HIGH_CONFIDENCE,SLUG_PLUS_NAME,board slug/host token equals domain company token + compatible names,false,,DECLARATIVE_SUPPORTED,MULTI_SOURCE_CANDIDATE
EMP-07032,Microsoft Luxembourg,microsoft.com,Luxembourg,ats-scrapers,6b44a1badc9bfbf5cf176f75265cc5729e520e99,smartrecruiters,Microsoft,microsoft,https://careers.smartrecruiters.com/microsoft,HIGH_CONFIDENCE,SLUG_PLUS_NAME,board slug/host token equals domain company token + compatible names,false,,LEGACY_SUPPORTED,MULTI_SOURCE_CANDIDATE
EMP-07032,Microsoft Luxembourg,microsoft.com,Luxembourg,ats-scrapers,6b44a1badc9bfbf5cf176f75265cc5729e520e99,workable,Microsoft,microsoft,https://apply.workable.com/microsoft,HIGH_CONFIDENCE,SLUG_PLUS_NAME,board slug/host token equals domain company token + compatible names,false,,UNSUPPORTED,MULTI_SOURCE_CANDIDATE
EMP-07033,NTT DATA Luxembourg,nttdata.com,Luxembourg,ats-scrapers,6b44a1badc9bfbf5cf176f75265cc5729e520e99,eightfold,NTT DATA,nttdata,https://nttdata.eightfold.ai/careers,HIGH_CONFIDENCE,SLUG_PLUS_NAME,board slug/host token equals domain company token + compatible names,false,,DECLARATIVE_SUPPORTED,MULTI_SOURCE_CANDIDATE
EMP-07033,NTT DATA Luxembourg,nttdata.com,Luxembourg,ats-scrapers,6b44a1badc9bfbf5cf176f75265cc5729e520e99,smartrecruiters,NTT Data,nttdata,https://careers.smartrecruiters.com/nttdata,HIGH_CONFIDENCE,SLUG_PLUS_NAME,board slug/host token equals domain company token + compatible names,false,,LEGACY_SUPPORTED,MULTI_SOURCE_CANDIDATE
EMP-07036,PayPal Europe,paypal.com,Luxembourg,ats-scrapers,6b44a1badc9bfbf5cf176f75265cc5729e520e99,eightfold,PayPal,paypal,https://paypal.eightfold.ai/careers,HIGH_CONFIDENCE,SLUG_PLUS_NAME,board slug/host token equals domain company token + compatible names,false,,DECLARATIVE_SUPPORTED,MULTI_SOURCE_CANDIDATE
EMP-07036,PayPal Europe,paypal.com,Luxembourg,ats-scrapers,6b44a1badc9bfbf5cf176f75265cc5729e520e99,workday,PayPal,paypal/jobs,https://paypal.wd1.myworkdayjobs.com/jobs,HIGH_CONFIDENCE,URL_EXACT,internal resolved portal URL equals external board URL,false,,LEGACY_SUPPORTED,MULTI_SOURCE_CANDIDATE
EMP-07039,PwC Luxembourg,pwc.com,Luxembourg,ats-scrapers,6b44a1badc9bfbf5cf176f75265cc5729e520e99,darwinbox,PwC Asia,pwc.com,https://pwc.darwinbox.com/ms/candidate/careers,CANDIDATE,SLUG,board slug/host token equals domain company token but names differ; inspect,false,,UNSUPPORTED,MULTI_SOURCE_CANDIDATE
EMP-07039,PwC Luxembourg,pwc.com,Luxembourg,ats-scrapers,6b44a1badc9bfbf5cf176f75265cc5729e520e99,moka,PwC China,pwc/140014,https://app.mokahr.com/social-recruitment/pwc/140014,CANDIDATE,SLUG,board slug/host token equals domain company token but names differ; inspect,false,,UNSUPPORTED,MULTI_SOURCE_CANDIDATE
EMP-07039,PwC Luxembourg,pwc.com,Luxembourg,ats-scrapers,6b44a1badc9bfbf5cf176f75265cc5729e520e99,workday,Pwc (Crm Experienced Careers Site),pwc/crm_experienced_careers_site,https://pwc.wd3.myworkdayjobs.com/crm_experienced_careers_site,CANDIDATE,SLUG,board slug/host token equals domain company token but names differ; inspect,false,,LEGACY_SUPPORTED,MULTI_SOURCE_CANDIDATE
EMP-07039,PwC Luxembourg,pwc.com,Luxembourg,ats-scrapers,6b44a1badc9bfbf5cf176f75265cc5729e520e99,workday,Pwc,pwc/global_campus_careers,https://pwc.wd3.myworkdayjobs.com/global_campus_careers,CANDIDATE,SLUG,board slug/host token equals domain company token but names differ; inspect,false,,LEGACY_SUPPORTED,MULTI_SOURCE_CANDIDATE
EMP-07039,PwC Luxembourg,pwc.com,Luxembourg,ats-scrapers,6b44a1badc9bfbf5cf176f75265cc5729e520e99,workday,Pwc,pwc/global_experienced_careers,https://pwc.wd3.myworkdayjobs.com/global_experienced_careers,CANDIDATE,SLUG,board slug/host token equals domain company token but names differ; inspect,false,,LEGACY_SUPPORTED,MULTI_SOURCE_CANDIDATE
EMP-07039,PwC Luxembourg,pwc.com,Luxembourg,ats-scrapers,6b44a1badc9bfbf5cf176f75265cc5729e520e99,workday,Pwc (Nonpublic Postings),pwc/nonpublic_postings,https://pwc.wd3.myworkdayjobs.com/nonpublic_postings,CANDIDATE,SLUG,board slug/host token equals domain company token but names differ; inspect,false,,LEGACY_SUPPORTED,MULTI_SOURCE_CANDIDATE
EMP-07039,PwC Luxembourg,pwc.com,Luxembourg,ats-scrapers,6b44a1badc9bfbf5cf176f75265cc5729e520e99,workday,Pwc,pwc/us_experienced_careers,https://pwc.wd3.myworkdayjobs.com/us_experienced_careers,CANDIDATE,SLUG,board slug/host token equals domain company token but names differ; inspect,false,,LEGACY_SUPPORTED,MULTI_SOURCE_CANDIDATE
EMP-07043,Sopra Steria Luxembourg,soprasteria.com,Luxembourg,ats-scrapers,6b44a1badc9bfbf5cf176f75265cc5729e520e99,bamboohr,soprasteria,soprasteria,https://soprasteria.bamboohr.com/careers,HIGH_CONFIDENCE,SLUG_PLUS_NAME,board slug/host token equals domain company token + compatible names,false,,UNSUPPORTED,SINGLE_SOURCE_CANDIDATE
EMP-07044,Spuerkeess,,Luxembourg,ats-scrapers,6b44a1badc9bfbf5cf176f75265cc5729e520e99,cornerstone,Spuerkeess,spuerkeess,https://spuerkeess.csod.com/ux/ats/careersite/1/home?c=spuerkeess,CANDIDATE,NAME_EXACT,"exact normalized name match, no domain evidence; inspect",false,,UNSUPPORTED,SINGLE_SOURCE_CANDIDATE
EMP-07045,Talkwalker,,Luxembourg,ats-scrapers,6b44a1badc9bfbf5cf176f75265cc5729e520e99,lever,Talkwalker,talkwalker,https://jobs.lever.co/talkwalker,CANDIDATE,NAME_EXACT,"exact normalized name match, no domain evidence; inspect",false,,LEGACY_SUPPORTED,SINGLE_SOURCE_CANDIDATE
EMP-07058,HSBC Malta,hsbc.com,Malta,ats-scrapers,6b44a1badc9bfbf5cf176f75265cc5729e520e99,eightfold,HSBC,hsbc,https://hsbc.eightfold.ai/careers,HIGH_CONFIDENCE,SLUG_PLUS_NAME,board slug/host token equals domain company token + compatible names,false,,DECLARATIVE_SUPPORTED,SINGLE_SOURCE_CANDIDATE
EMP-07069,APS Bank,apsbank.com.mt,Malta,ats-scrapers,6b44a1badc9bfbf5cf176f75265cc5729e520e99,teamtailor,com,com,https://com.teamtailor.com,CANDIDATE,SLUG,board slug/host token equals domain company token but names differ; inspect,false,,UNSUPPORTED,SINGLE_SOURCE_CANDIDATE
EMP-07072,Deloitte Malta,deloitte.com,Malta,ats-scrapers,6b44a1badc9bfbf5cf176f75265cc5729e520e99,eightfold,Deloitte,deloitte,https://deloitte.eightfold.ai/careers,HIGH_CONFIDENCE,SLUG_PLUS_NAME,board slug/host token equals domain company token + compatible names,false,,DECLARATIVE_SUPPORTED,SINGLE_SOURCE_CANDIDATE
EMP-07073,EY Malta,ey.com,Malta,ats-scrapers,6b44a1badc9bfbf5cf176f75265cc5729e520e99,moka,EY (Ernst & Young),ey/47410,https://app.mokahr.com/social-recruitment/ey/47410,CANDIDATE,SLUG,board slug/host token equals domain company token but names differ; inspect,false,,UNSUPPORTED,MULTI_SOURCE_CANDIDATE
EMP-07073,EY Malta,ey.com,Malta,ats-scrapers,6b44a1badc9bfbf5cf176f75265cc5729e520e99,successfactors,Careers at EY: search jobs,EYHRISPRD1,https://careers.ey.com,HIGH_CONFIDENCE,URL_EXACT,internal resolved portal URL equals external board URL,false,,LEGACY_SUPPORTED,MULTI_SOURCE_CANDIDATE
EMP-07074,Gaming Innovation Group,,Malta,ats-scrapers,6b44a1badc9bfbf5cf176f75265cc5729e520e99,pinpoint,Gaming Innovation Group,gig,https://gig.pinpointhq.com,CANDIDATE,NAME_EXACT,"exact normalized name match, no domain evidence; inspect",false,,UNSUPPORTED,SINGLE_SOURCE_CANDIDATE
EMP-07076,KPMG Malta,kpmg.com,Malta,ats-scrapers,6b44a1badc9bfbf5cf176f75265cc5729e520e99,lever,KPMG LLP,kpmg,https://jobs.lever.co/kpmg,CANDIDATE,SLUG,board slug/host token equals domain company token but names differ; inspect,false,,LEGACY_SUPPORTED,MULTI_SOURCE_CANDIDATE
EMP-07076,KPMG Malta,kpmg.com,Malta,ats-scrapers,6b44a1badc9bfbf5cf176f75265cc5729e520e99,moka,KPMG,kpmg/74216,https://app.mokahr.com/social-recruitment/kpmg/74216,HIGH_CONFIDENCE,SLUG_PLUS_NAME,board slug/host token equals domain company token + compatible names,false,,UNSUPPORTED,MULTI_SOURCE_CANDIDATE
EMP-07076,KPMG Malta,kpmg.com,Malta,ats-scrapers,6b44a1badc9bfbf5cf176f75265cc5729e520e99,successfactors,Kpmg,KPMGHITPRD,https://careers.kpmg.it,HIGH_CONFIDENCE,URL_EXACT,internal resolved portal URL equals external board URL,false,,LEGACY_SUPPORTED,MULTI_SOURCE_CANDIDATE
EMP-07078,PwC Malta,pwc.com,Malta,ats-scrapers,6b44a1badc9bfbf5cf176f75265cc5729e520e99,darwinbox,PwC Asia,pwc.com,https://pwc.darwinbox.com/ms/candidate/careers,CANDIDATE,SLUG,board slug/host token equals domain company token but names differ; inspect,false,,UNSUPPORTED,MULTI_SOURCE_CANDIDATE
EMP-07078,PwC Malta,pwc.com,Malta,ats-scrapers,6b44a1badc9bfbf5cf176f75265cc5729e520e99,moka,PwC China,pwc/140014,https://app.mokahr.com/social-recruitment/pwc/140014,CANDIDATE,SLUG,board slug/host token equals domain company token but names differ; inspect,false,,UNSUPPORTED,MULTI_SOURCE_CANDIDATE
EMP-07078,PwC Malta,pwc.com,Malta,ats-scrapers,6b44a1badc9bfbf5cf176f75265cc5729e520e99,workday,Pwc (Crm Experienced Careers Site),pwc/crm_experienced_careers_site,https://pwc.wd3.myworkdayjobs.com/crm_experienced_careers_site,CANDIDATE,SLUG,board slug/host token equals domain company token but names differ; inspect,false,,LEGACY_SUPPORTED,MULTI_SOURCE_CANDIDATE
EMP-07078,PwC Malta,pwc.com,Malta,ats-scrapers,6b44a1badc9bfbf5cf176f75265cc5729e520e99,workday,Pwc,pwc/global_campus_careers,https://pwc.wd3.myworkdayjobs.com/global_campus_careers,CANDIDATE,SLUG,board slug/host token equals domain company token but names differ; inspect,false,,LEGACY_SUPPORTED,MULTI_SOURCE_CANDIDATE
EMP-07078,PwC Malta,pwc.com,Malta,ats-scrapers,6b44a1badc9bfbf5cf176f75265cc5729e520e99,workday,Pwc,pwc/global_experienced_careers,https://pwc.wd3.myworkdayjobs.com/global_experienced_careers,CANDIDATE,SLUG,board slug/host token equals domain company token but names differ; inspect,false,,LEGACY_SUPPORTED,MULTI_SOURCE_CANDIDATE
EMP-07078,PwC Malta,pwc.com,Malta,ats-scrapers,6b44a1badc9bfbf5cf176f75265cc5729e520e99,workday,Pwc (Nonpublic Postings),pwc/nonpublic_postings,https://pwc.wd3.myworkdayjobs.com/nonpublic_postings,CANDIDATE,SLUG,board slug/host token equals domain company token but names differ; inspect,false,,LEGACY_SUPPORTED,MULTI_SOURCE_CANDIDATE
EMP-07078,PwC Malta,pwc.com,Malta,ats-scrapers,6b44a1badc9bfbf5cf176f75265cc5729e520e99,workday,Pwc,pwc/us_experienced_careers,https://pwc.wd3.myworkdayjobs.com/us_experienced_careers,CANDIDATE,SLUG,board slug/host token equals domain company token but names differ; inspect,false,,LEGACY_SUPPORTED,MULTI_SOURCE_CANDIDATE
EMP-07095,HSBC Bank Malta,hsbc.com,Malta,ats-scrapers,6b44a1badc9bfbf5cf176f75265cc5729e520e99,eightfold,HSBC,hsbc,https://hsbc.eightfold.ai/careers,HIGH_CONFIDENCE,SLUG_PLUS_NAME,board slug/host token equals domain company token + compatible names,false,,DECLARATIVE_SUPPORTED,SINGLE_SOURCE_CANDIDATE
EMP-07096,ICON,,Malta,ats-scrapers,6b44a1badc9bfbf5cf176f75265cc5729e520e99,ashby,Icon,icon,https://jobs.ashbyhq.com/icon,CANDIDATE,NAME_EXACT,"exact normalized name match, no domain evidence; inspect",false,,LEGACY_SUPPORTED,MULTI_SOURCE_CANDIDATE
EMP-07096,ICON,,Malta,ats-scrapers,6b44a1badc9bfbf5cf176f75265cc5729e520e99,greenhouse,ICON,iconcareers,https://job-boards.greenhouse.io/iconcareers,CANDIDATE,NAME_EXACT,"exact normalized name match, no domain evidence; inspect",false,,LEGACY_SUPPORTED,MULTI_SOURCE_CANDIDATE
EMP-07096,ICON,,Malta,ats-scrapers,6b44a1badc9bfbf5cf176f75265cc5729e520e99,workday,ICON,icon/broadbean_external,https://icon.wd3.myworkdayjobs.com/broadbean_external,CANDIDATE,NAME_EXACT,"exact normalized name match, no domain evidence; inspect",false,,LEGACY_SUPPORTED,MULTI_SOURCE_CANDIDATE
EMP-07105,Lear,lear.com,Multi-region,ats-scrapers,6b44a1badc9bfbf5cf176f75265cc5729e520e99,successfactors,Lear Corporation,jobs,https://jobs.lear.com,HIGH_CONFIDENCE,URL_EXACT,internal resolved portal URL equals external board URL,false,,LEGACY_SUPPORTED,SINGLE_SOURCE_CANDIDATE
EMP-07106,Lucid Motors,lucidmotors.com,Multi-region,ats-scrapers,6b44a1badc9bfbf5cf176f75265cc5729e520e99,greenhouse,Lucid Motors,lucidmotors,https://job-boards.greenhouse.io/lucidmotors,HIGH_CONFIDENCE,SLUG_PLUS_NAME,board slug/host token equals domain company token + compatible names,false,,LEGACY_SUPPORTED,SINGLE_SOURCE_CANDIDATE
EMP-07107,Polestar,polestar.com,Multi-region,ats-scrapers,6b44a1badc9bfbf5cf176f75265cc5729e520e99,moka,Polestar,polestar/76244,https://app.mokahr.com/social-recruitment/polestar/76244,HIGH_CONFIDENCE,SLUG_PLUS_NAME,board slug/host token equals domain company token + compatible names,false,,UNSUPPORTED,MULTI_SOURCE_CANDIDATE
EMP-07107,Polestar,polestar.com,Multi-region,ats-scrapers,6b44a1badc9bfbf5cf176f75265cc5729e520e99,smartrecruiters,Polestar,polestar,https://careers.smartrecruiters.com/polestar,HIGH_CONFIDENCE,SLUG_PLUS_NAME,board slug/host token equals domain company token + compatible names,false,,LEGACY_SUPPORTED,MULTI_SOURCE_CANDIDATE
EMP-07107,Polestar,polestar.com,Multi-region,ats-scrapers,6b44a1badc9bfbf5cf176f75265cc5729e520e99,teamtailor,Polestar,polestar,https://polestar.teamtailor.com,HIGH_CONFIDENCE,SLUG_PLUS_NAME,board slug/host token equals domain company token + compatible names,false,,UNSUPPORTED,MULTI_SOURCE_CANDIDATE
EMP-07107,Polestar,polestar.com,Multi-region,ats-scrapers,6b44a1badc9bfbf5cf176f75265cc5729e520e99,workday,Polestar,polestar/careers,https://polestar.wd3.myworkdayjobs.com/Careers,HIGH_CONFIDENCE,SLUG_PLUS_NAME,board slug/host token equals domain company token + compatible names,false,,LEGACY_SUPPORTED,MULTI_SOURCE_CANDIDATE
EMP-07110,Valeo,valeo.com,Multi-region,ats-scrapers,6b44a1badc9bfbf5cf176f75265cc5729e520e99,workday,Valeo,valeo/valeo_jobs,https://valeo.wd3.myworkdayjobs.com/valeo_jobs,HIGH_CONFIDENCE,SLUG_PLUS_NAME,board slug/host token equals domain company token + compatible names,false,,LEGACY_SUPPORTED,SINGLE_SOURCE_CANDIDATE
EMP-07111,ZF,zf.com,Multi-region,ats-scrapers,6b44a1badc9bfbf5cf176f75265cc5729e520e99,successfactors,ZF,jobs,https://jobs.zf.com,HIGH_CONFIDENCE,URL_EXACT,internal resolved portal URL equals external board URL,false,,LEGACY_SUPPORTED,SINGLE_SOURCE_CANDIDATE
EMP-07112,Akamai,akamai.com,Multi-region,ats-scrapers,6b44a1badc9bfbf5cf176f75265cc5729e520e99,workable,Akamai,akamai,https://apply.workable.com/akamai,HIGH_CONFIDENCE,SLUG_PLUS_NAME,board slug/host token equals domain company token + compatible names,false,,UNSUPPORTED,SINGLE_SOURCE_CANDIDATE
EMP-07113,Confluent,confluent.io,Multi-region,ats-scrapers,6b44a1badc9bfbf5cf176f75265cc5729e520e99,ashby,Confluent,confluent,https://jobs.ashbyhq.com/confluent,HIGH_CONFIDENCE,SLUG_PLUS_NAME,board slug/host token equals domain company token + compatible names,false,,LEGACY_SUPPORTED,SINGLE_SOURCE_CANDIDATE
EMP-07114,Dropbox,dropbox.com,Multi-region,ats-scrapers,6b44a1badc9bfbf5cf176f75265cc5729e520e99,greenhouse,Dropbox,dropbox,https://job-boards.greenhouse.io/dropbox,HIGH_CONFIDENCE,SLUG_PLUS_NAME,board slug/host token equals domain company token + compatible names,false,,LEGACY_SUPPORTED,MULTI_SOURCE_CANDIDATE
EMP-07114,Dropbox,dropbox.com,Multi-region,ats-scrapers,6b44a1badc9bfbf5cf176f75265cc5729e520e99,smartrecruiters,Dropbox,dropbox,https://careers.smartrecruiters.com/dropbox,HIGH_CONFIDENCE,SLUG_PLUS_NAME,board slug/host token equals domain company token + compatible names,false,,LEGACY_SUPPORTED,MULTI_SOURCE_CANDIDATE
EMP-07115,Elastic,elastic.co,Multi-region,ats-scrapers,6b44a1badc9bfbf5cf176f75265cc5729e520e99,greenhouse,Elastic,elastic,https://job-boards.greenhouse.io/elastic,HIGH_CONFIDENCE,SLUG_PLUS_NAME,board slug/host token equals domain company token + compatible names,false,,LEGACY_SUPPORTED,SINGLE_SOURCE_CANDIDATE
EMP-07116,Fastly,fastly.com,Multi-region,ats-scrapers,6b44a1badc9bfbf5cf176f75265cc5729e520e99,greenhouse,Fastly,fastly,https://job-boards.greenhouse.io/fastly,HIGH_CONFIDENCE,SLUG_PLUS_NAME,board slug/host token equals domain company token + compatible names,false,,LEGACY_SUPPORTED,MULTI_SOURCE_CANDIDATE
EMP-07116,Fastly,fastly.com,Multi-region,ats-scrapers,6b44a1badc9bfbf5cf176f75265cc5729e520e99,workday,Fastly,fastly/fastly_careers,https://fastly.wd1.myworkdayjobs.com/Fastly_Careers,HIGH_CONFIDENCE,SLUG_PLUS_NAME,board slug/host token equals domain company token + compatible names,false,,LEGACY_SUPPORTED,MULTI_SOURCE_CANDIDATE
EMP-07117,GitHub,github.com,Multi-region,ats-scrapers,6b44a1badc9bfbf5cf176f75265cc5729e520e99,workable,GitHub,github,https://apply.workable.com/github,HIGH_CONFIDENCE,SLUG_PLUS_NAME,board slug/host token equals domain company token + compatible names,false,,UNSUPPORTED,SINGLE_SOURCE_CANDIDATE
EMP-07118,GitLab,about.gitlab.com,Multi-region,ats-scrapers,6b44a1badc9bfbf5cf176f75265cc5729e520e99,greenhouse,GitLab,gitlab,https://job-boards.greenhouse.io/gitlab,HIGH_CONFIDENCE,SLUG_PLUS_NAME,board slug/host token equals domain company token + compatible names,false,,LEGACY_SUPPORTED,SINGLE_SOURCE_CANDIDATE
EMP-07121,Snowflake,snowflake.com,Multi-region,ats-scrapers,6b44a1badc9bfbf5cf176f75265cc5729e520e99,ashby,Snowflake,snowflake,https://jobs.ashbyhq.com/snowflake,HIGH_CONFIDENCE,SLUG_PLUS_NAME,board slug/host token equals domain company token + compatible names,false,,LEGACY_SUPPORTED,MULTI_SOURCE_CANDIDATE
EMP-07121,Snowflake,snowflake.com,Multi-region,ats-scrapers,6b44a1badc9bfbf5cf176f75265cc5729e520e99,phenom,Snowflake,,https://careers.snowflake.com,CANDIDATE,NAME_EXACT,"exact normalized name match, no domain evidence; inspect",false,,LEGACY_SUPPORTED,MULTI_SOURCE_CANDIDATE
EMP-07122,Zoom,zoom.com,Multi-region,ats-scrapers,6b44a1badc9bfbf5cf176f75265cc5729e520e99,workday,Zoom,zoom/zoom,https://zoom.wd5.myworkdayjobs.com/zoom,HIGH_CONFIDENCE,SLUG_PLUS_NAME,board slug/host token equals domain company token + compatible names,false,,LEGACY_SUPPORTED,SINGLE_SOURCE_CANDIDATE
EMP-07123,Atos,atos.net,Multi-region,ats-scrapers,6b44a1badc9bfbf5cf176f75265cc5729e520e99,successfactors,Atos,jobs,https://jobs.atos.net,HIGH_CONFIDENCE,URL_EXACT,internal resolved portal URL equals external board URL,false,,LEGACY_SUPPORTED,SINGLE_SOURCE_CANDIDATE
EMP-07124,Boston Consulting Group,bcg.com,Multi-region,ats-scrapers,6b44a1badc9bfbf5cf176f75265cc5729e520e99,bamboohr,bcg,bcg,https://bcg.bamboohr.com/careers,CANDIDATE,SLUG,board slug/host token equals domain company token but names differ; inspect,false,,UNSUPPORTED,MULTI_SOURCE_CANDIDATE
EMP-07124,Boston Consulting Group,bcg.com,Multi-region,ats-scrapers,6b44a1badc9bfbf5cf176f75265cc5729e520e99,icims,bcg,bcg,https://careers-bcg.icims.com,CANDIDATE,SLUG,board slug/host token equals domain company token but names differ; inspect,false,,UNSUPPORTED,MULTI_SOURCE_CANDIDATE
EMP-07125,CACI,caci.com,Multi-region,ats-scrapers,6b44a1badc9bfbf5cf176f75265cc5729e520e99,eightfold,CACI,caci,https://caci.eightfold.ai/careers,HIGH_CONFIDENCE,SLUG_PLUS_NAME,board slug/host token equals domain company token + compatible names,false,,DECLARATIVE_SUPPORTED,MULTI_SOURCE_CANDIDATE
EMP-07125,CACI,caci.com,Multi-region,ats-scrapers,6b44a1badc9bfbf5cf176f75265cc5729e520e99,workday,CACI,caci/external,https://caci.wd1.myworkdayjobs.com/external,HIGH_CONFIDENCE,SLUG_PLUS_NAME,board slug/host token equals domain company token + compatible names,false,,LEGACY_SUPPORTED,MULTI_SOURCE_CANDIDATE
EMP-07126,Mandiant Consulting,google.com,Multi-region,ats-scrapers,6b44a1badc9bfbf5cf176f75265cc5729e520e99,breezy,google,google,https://google.breezy.hr,CANDIDATE,SLUG,board slug/host token equals domain company token but names differ; inspect,false,,UNSUPPORTED,MULTI_SOURCE_CANDIDATE
EMP-07126,Mandiant Consulting,google.com,Multi-region,ats-scrapers,6b44a1badc9bfbf5cf176f75265cc5729e520e99,workday,GOC,google/gocjobs,https://google.wd501.myworkdayjobs.com/gocjobs,CANDIDATE,SLUG,board slug/host token equals domain company token but names differ; inspect,false,,LEGACY_SUPPORTED,MULTI_SOURCE_CANDIDATE
EMP-07127,NTT DATA,nttdata.com,Multi-region,ats-scrapers,6b44a1badc9bfbf5cf176f75265cc5729e520e99,eightfold,NTT DATA,nttdata,https://nttdata.eightfold.ai/careers,HIGH_CONFIDENCE,SLUG_PLUS_NAME,board slug/host token equals domain company token + compatible names,false,,DECLARATIVE_SUPPORTED,MULTI_SOURCE_CANDIDATE
EMP-07127,NTT DATA,nttdata.com,Multi-region,ats-scrapers,6b44a1badc9bfbf5cf176f75265cc5729e520e99,smartrecruiters,NTT Data,nttdata,https://careers.smartrecruiters.com/nttdata,HIGH_CONFIDENCE,SLUG_PLUS_NAME,board slug/host token equals domain company token + compatible names,false,,LEGACY_SUPPORTED,MULTI_SOURCE_CANDIDATE
EMP-07127,NTT DATA,nttdata.com,Multi-region,ats-scrapers,6b44a1badc9bfbf5cf176f75265cc5729e520e99,successfactors,Nttdata,nttdatade,https://bewerben.de.nttdata.com,CANDIDATE,NAME_EXACT,"exact normalized name match, no domain evidence; inspect",false,,LEGACY_SUPPORTED,MULTI_SOURCE_CANDIDATE
EMP-07128,Oliver Wyman,oliverwyman.com,Multi-region,ats-scrapers,6b44a1badc9bfbf5cf176f75265cc5729e520e99,lever,Oliver Wyman Labs,oliverwyman,https://jobs.lever.co/oliverwyman,HIGH_CONFIDENCE,SLUG_PLUS_NAME,board slug/host token equals domain company token + compatible names,false,,LEGACY_SUPPORTED,SINGLE_SOURCE_CANDIDATE
EMP-07131,Arctic Wolf,arcticwolf.com,Multi-region,ats-scrapers,6b44a1badc9bfbf5cf176f75265cc5729e520e99,workday,Arctic Wolf,arcticwolf/external,https://arcticwolf.wd1.myworkdayjobs.com/external,HIGH_CONFIDENCE,SLUG_PLUS_NAME,board slug/host token equals domain company token + compatible names,false,,LEGACY_SUPPORTED,SINGLE_SOURCE_CANDIDATE
EMP-07132,Armis,armis.com,Multi-region,ats-scrapers,6b44a1badc9bfbf5cf176f75265cc5729e520e99,bamboohr,armis,armis,https://armis.bamboohr.com/careers,HIGH_CONFIDENCE,SLUG_PLUS_NAME,board slug/host token equals domain company token + compatible names,false,,UNSUPPORTED,MULTI_SOURCE_CANDIDATE
EMP-07132,Armis,armis.com,Multi-region,ats-scrapers,6b44a1badc9bfbf5cf176f75265cc5729e520e99,pinpoint,Armis,armis,https://armis.pinpointhq.com,HIGH_CONFIDENCE,SLUG_PLUS_NAME,board slug/host token equals domain company token + compatible names,false,,UNSUPPORTED,MULTI_SOURCE_CANDIDATE
EMP-07132,Armis,armis.com,Multi-region,ats-scrapers,6b44a1badc9bfbf5cf176f75265cc5729e520e99,smartrecruiters,Armis,armis,https://careers.smartrecruiters.com/armis,HIGH_CONFIDENCE,SLUG_PLUS_NAME,board slug/host token equals domain company token + compatible names,false,,LEGACY_SUPPORTED,MULTI_SOURCE_CANDIDATE
EMP-07133,BeyondTrust,beyondtrust.com,Multi-region,ats-scrapers,6b44a1badc9bfbf5cf176f75265cc5729e520e99,greenhouse,BeyondTrust,beyondtrust,https://job-boards.greenhouse.io/beyondtrust,HIGH_CONFIDENCE,SLUG_PLUS_NAME,board slug/host token equals domain company token + compatible names,false,,LEGACY_SUPPORTED,MULTI_SOURCE_CANDIDATE
EMP-07133,BeyondTrust,beyondtrust.com,Multi-region,ats-scrapers,6b44a1badc9bfbf5cf176f75265cc5729e520e99,smartrecruiters,BeyondTrust,beyondtrust,https://careers.smartrecruiters.com/beyondtrust,HIGH_CONFIDENCE,SLUG_PLUS_NAME,board slug/host token equals domain company token + compatible names,false,,LEGACY_SUPPORTED,MULTI_SOURCE_CANDIDATE
EMP-07134,Bugcrowd,bugcrowd.com,Multi-region,ats-scrapers,6b44a1badc9bfbf5cf176f75265cc5729e520e99,greenhouse,Bugcrowd,bugcrowd,https://job-boards.greenhouse.io/bugcrowd,HIGH_CONFIDENCE,SLUG_PLUS_NAME,board slug/host token equals domain company token + compatible names,false,,LEGACY_SUPPORTED,SINGLE_SOURCE_CANDIDATE
EMP-07135,Cato Networks,catonetworks.com,Multi-region,ats-scrapers,6b44a1badc9bfbf5cf176f75265cc5729e520e99,greenhouse,Cato Networks,catonetworks,https://job-boards.greenhouse.io/catonetworks,HIGH_CONFIDENCE,SLUG_PLUS_NAME,board slug/host token equals domain company token + compatible names,false,,LEGACY_SUPPORTED,SINGLE_SOURCE_CANDIDATE
EMP-07141,Dragos,dragos.com,Multi-region,ats-scrapers,6b44a1badc9bfbf5cf176f75265cc5729e520e99,greenhouse,Dragos,dragos,https://job-boards.greenhouse.io/dragos,HIGH_CONFIDENCE,SLUG_PLUS_NAME,board slug/host token equals domain company token + compatible names,false,,LEGACY_SUPPORTED,SINGLE_SOURCE_CANDIDATE
EMP-07142,ESET,eset.com,Multi-region,ats-scrapers,6b44a1badc9bfbf5cf176f75265cc5729e520e99,workable,"ESET Middle East, Greece & Cyprus",eset,https://apply.workable.com/eset,HIGH_CONFIDENCE,SLUG_PLUS_NAME,board slug/host token equals domain company token + compatible names,false,,UNSUPPORTED,SINGLE_SOURCE_CANDIDATE
EMP-07143,HackerOne,hackerone.com,Multi-region,ats-scrapers,6b44a1badc9bfbf5cf176f75265cc5729e520e99,ashby,HackerOne,hackerone,https://jobs.ashbyhq.com/hackerone,HIGH_CONFIDENCE,SLUG_PLUS_NAME,board slug/host token equals domain company token + compatible names,false,,LEGACY_SUPPORTED,SINGLE_SOURCE_CANDIDATE
EMP-07144,Illumio,illumio.com,Multi-region,ats-scrapers,6b44a1badc9bfbf5cf176f75265cc5729e520e99,ashby,Illumio,illumio,https://jobs.ashbyhq.com/illumio,HIGH_CONFIDENCE,SLUG_PLUS_NAME,board slug/host token equals domain company token + compatible names,false,,LEGACY_SUPPORTED,SINGLE_SOURCE_CANDIDATE
EMP-07145,Mandiant,google.com,Multi-region,ats-scrapers,6b44a1badc9bfbf5cf176f75265cc5729e520e99,breezy,google,google,https://google.breezy.hr,CANDIDATE,SLUG,board slug/host token equals domain company token but names differ; inspect,false,,UNSUPPORTED,MULTI_SOURCE_CANDIDATE
EMP-07145,Mandiant,google.com,Multi-region,ats-scrapers,6b44a1badc9bfbf5cf176f75265cc5729e520e99,workday,GOC,google/gocjobs,https://google.wd501.myworkdayjobs.com/gocjobs,CANDIDATE,SLUG,board slug/host token equals domain company token but names differ; inspect,false,,LEGACY_SUPPORTED,MULTI_SOURCE_CANDIDATE
EMP-07146,Mimecast,mimecast.com,Multi-region,ats-scrapers,6b44a1badc9bfbf5cf176f75265cc5729e520e99,workday,Mimecast,mimecast/mimecast-careers,https://mimecast.wd5.myworkdayjobs.com/mimecast-careers,HIGH_CONFIDENCE,SLUG_PLUS_NAME,board slug/host token equals domain company token + compatible names,false,,LEGACY_SUPPORTED,SINGLE_SOURCE_CANDIDATE
EMP-07148,Netskope,netskope.com,Multi-region,ats-scrapers,6b44a1badc9bfbf5cf176f75265cc5729e520e99,greenhouse,netskope,netskope,https://job-boards.greenhouse.io/netskope,HIGH_CONFIDENCE,SLUG_PLUS_NAME,board slug/host token equals domain company token + compatible names,false,,LEGACY_SUPPORTED,SINGLE_SOURCE_CANDIDATE
EMP-07149,Recorded Future,recordedfuture.com,Multi-region,ats-scrapers,6b44a1badc9bfbf5cf176f75265cc5729e520e99,greenhouse,Recorded Future,recordedfuture,https://job-boards.greenhouse.io/recordedfuture,HIGH_CONFIDENCE,SLUG_PLUS_NAME,board slug/host token equals domain company token + compatible names,false,,LEGACY_SUPPORTED,SINGLE_SOURCE_CANDIDATE
EMP-07150,Rubrik,rubrik.com,Multi-region,ats-scrapers,6b44a1badc9bfbf5cf176f75265cc5729e520e99,greenhouse,Rubrik Job Board,rubrik,https://job-boards.greenhouse.io/rubrik,HIGH_CONFIDENCE,SLUG_PLUS_NAME,board slug/host token equals domain company token + compatible names,false,,LEGACY_SUPPORTED,MULTI_SOURCE_CANDIDATE
EMP-07150,Rubrik,rubrik.com,Multi-region,ats-scrapers,6b44a1badc9bfbf5cf176f75265cc5729e520e99,teamtailor,Rubrik,rubrik,https://rubrik.teamtailor.com,HIGH_CONFIDENCE,SLUG_PLUS_NAME,board slug/host token equals domain company token + compatible names,false,,UNSUPPORTED,MULTI_SOURCE_CANDIDATE
EMP-07152,Snyk,snyk.io,Multi-region,ats-scrapers,6b44a1badc9bfbf5cf176f75265cc5729e520e99,ashby,Snyk,snyk,https://jobs.ashbyhq.com/snyk,HIGH_CONFIDENCE,SLUG_PLUS_NAME,board slug/host token equals domain company token + compatible names,false,,LEGACY_SUPPORTED,MULTI_SOURCE_CANDIDATE
EMP-07152,Snyk,snyk.io,Multi-region,ats-scrapers,6b44a1badc9bfbf5cf176f75265cc5729e520e99,workday,Snyk,snyk/external,https://snyk.wd103.myworkdayjobs.com/external,HIGH_CONFIDENCE,SLUG_PLUS_NAME,board slug/host token equals domain company token + compatible names,false,,LEGACY_SUPPORTED,MULTI_SOURCE_CANDIDATE
EMP-07153,Sophos,sophos.com,Multi-region,ats-scrapers,6b44a1badc9bfbf5cf176f75265cc5729e520e99,lever,Sophos,sophos,https://jobs.lever.co/sophos,HIGH_CONFIDENCE,SLUG_PLUS_NAME,board slug/host token equals domain company token + compatible names,false,,LEGACY_SUPPORTED,MULTI_SOURCE_CANDIDATE
EMP-07153,Sophos,sophos.com,Multi-region,ats-scrapers,6b44a1badc9bfbf5cf176f75265cc5729e520e99,smartrecruiters,Sophos,sophos,https://careers.smartrecruiters.com/sophos,HIGH_CONFIDENCE,SLUG_PLUS_NAME,board slug/host token equals domain company token + compatible names,false,,LEGACY_SUPPORTED,MULTI_SOURCE_CANDIDATE
EMP-07155,Aikido Security,aikido.dev,Multi-region,ats-scrapers,6b44a1badc9bfbf5cf176f75265cc5729e520e99,recruitee,Aikido Security,aikidosecurity,https://aikidosecurity.recruitee.com,HIGH_CONFIDENCE,URL_EXACT,internal resolved portal URL equals external board URL,false,,UNSUPPORTED,MULTI_SOURCE_CANDIDATE
EMP-07155,Aikido Security,aikido.dev,Multi-region,ats-scrapers,6b44a1badc9bfbf5cf176f75265cc5729e520e99,smartrecruiters,Aikido Security,aikidosecurity,https://careers.smartrecruiters.com/aikidosecurity,CANDIDATE,NAME_EXACT,"exact normalized name match, no domain evidence; inspect",false,,LEGACY_SUPPORTED,MULTI_SOURCE_CANDIDATE
EMP-07155,Aikido Security,aikido.dev,Multi-region,ats-scrapers,6b44a1badc9bfbf5cf176f75265cc5729e520e99,teamtailor,Aikido Security,aikidosecurity,https://aikidosecurity.teamtailor.com,CANDIDATE,NAME_EXACT,"exact normalized name match, no domain evidence; inspect",false,,UNSUPPORTED,MULTI_SOURCE_CANDIDATE
EMP-07156,Apiiro,apiiro.com,Multi-region,ats-scrapers,6b44a1badc9bfbf5cf176f75265cc5729e520e99,greenhouse,Apiiro,apiiro,https://job-boards.greenhouse.io/apiiro,HIGH_CONFIDENCE,URL_EXACT,internal resolved portal URL equals external board URL,false,,LEGACY_SUPPORTED,SINGLE_SOURCE_CANDIDATE
EMP-07157,AppOmni,appomni.com,Multi-region,ats-scrapers,6b44a1badc9bfbf5cf176f75265cc5729e520e99,greenhouse,AppOmni,appomni,https://job-boards.greenhouse.io/appomni,HIGH_CONFIDENCE,URL_EXACT,internal resolved portal URL equals external board URL,false,,LEGACY_SUPPORTED,SINGLE_SOURCE_CANDIDATE
EMP-07160,Axonius,axonius.com,Multi-region,ats-scrapers,6b44a1badc9bfbf5cf176f75265cc5729e520e99,greenhouse,Axonius,axonius,https://job-boards.greenhouse.io/axonius,HIGH_CONFIDENCE,SLUG_PLUS_NAME,board slug/host token equals domain company token + compatible names,false,,LEGACY_SUPPORTED,SINGLE_SOURCE_CANDIDATE
EMP-07161,BigID,bigid.com,Multi-region,ats-scrapers,6b44a1badc9bfbf5cf176f75265cc5729e520e99,greenhouse,BigID,bigid,https://job-boards.greenhouse.io/bigid,HIGH_CONFIDENCE,SLUG_PLUS_NAME,board slug/host token equals domain company token + compatible names,false,,LEGACY_SUPPORTED,SINGLE_SOURCE_CANDIDATE
EMP-07162,Black Duck,blackduck.com,Multi-region,ats-scrapers,6b44a1badc9bfbf5cf176f75265cc5729e520e99,greenhouse,"Black Duck Software, Inc.",blackduck,https://job-boards.greenhouse.io/blackduck,HIGH_CONFIDENCE,URL_EXACT,internal resolved portal URL equals external board URL,false,,LEGACY_SUPPORTED,SINGLE_SOURCE_CANDIDATE
EMP-07163,Blackpoint Cyber,blackpointcyber.com,Multi-region,ats-scrapers,6b44a1badc9bfbf5cf176f75265cc5729e520e99,ashby,Blackpoint Cyber,blackpoint cyber,https://jobs.ashbyhq.com/Blackpoint%20Cyber,HIGH_CONFIDENCE,SLUG_PLUS_NAME,board slug/host token equals domain company token + compatible names,false,,LEGACY_SUPPORTED,SINGLE_SOURCE_CANDIDATE
EMP-07164,Blumira,blumira.com,Multi-region,ats-scrapers,6b44a1badc9bfbf5cf176f75265cc5729e520e99,greenhouse,Blumira,blumira,https://job-boards.greenhouse.io/blumira,HIGH_CONFIDENCE,URL_EXACT,internal resolved portal URL equals external board URL,false,,LEGACY_SUPPORTED,SINGLE_SOURCE_CANDIDATE
EMP-07165,Censys,censys.com,Multi-region,ats-scrapers,6b44a1badc9bfbf5cf176f75265cc5729e520e99,greenhouse,Censys,censys,https://job-boards.greenhouse.io/censys,HIGH_CONFIDENCE,URL_EXACT,internal resolved portal URL equals external board URL,false,,LEGACY_SUPPORTED,SINGLE_SOURCE_CANDIDATE
EMP-07167,Chainguard,chainguard.dev,Multi-region,ats-scrapers,6b44a1badc9bfbf5cf176f75265cc5729e520e99,greenhouse,Chainguard,chainguard,https://job-boards.greenhouse.io/chainguard,HIGH_CONFIDENCE,URL_EXACT,internal resolved portal URL equals external board URL,false,,LEGACY_SUPPORTED,SINGLE_SOURCE_CANDIDATE
EMP-07171,DataDome,datadome.co,Multi-region,ats-scrapers,6b44a1badc9bfbf5cf176f75265cc5729e520e99,greenhouse,DataDome,ddome,https://job-boards.greenhouse.io/ddome,HIGH_CONFIDENCE,URL_EXACT,internal resolved portal URL equals external board URL,false,,LEGACY_SUPPORTED,SINGLE_SOURCE_CANDIDATE
EMP-07173,Detectify,detectify.com,Multi-region,ats-scrapers,6b44a1badc9bfbf5cf176f75265cc5729e520e99,bamboohr,detectify,detectify,https://detectify.bamboohr.com/careers,HIGH_CONFIDENCE,SLUG_PLUS_NAME,board slug/host token equals domain company token + compatible names,false,,UNSUPPORTED,MULTI_SOURCE_CANDIDATE
EMP-07173,Detectify,detectify.com,Multi-region,ats-scrapers,6b44a1badc9bfbf5cf176f75265cc5729e520e99,teamtailor,Detectify,detectify,https://detectify.teamtailor.com,HIGH_CONFIDENCE,SLUG_PLUS_NAME,board slug/host token equals domain company token + compatible names,false,,UNSUPPORTED,MULTI_SOURCE_CANDIDATE
EMP-07174,DigiCert,digicert.com,Multi-region,ats-scrapers,6b44a1badc9bfbf5cf176f75265cc5729e520e99,greenhouse,DigiCert,digicert,https://job-boards.greenhouse.io/digicert,HIGH_CONFIDENCE,SLUG_PLUS_NAME,board slug/host token equals domain company token + compatible names,false,,LEGACY_SUPPORTED,SINGLE_SOURCE_CANDIDATE
EMP-07175,Druva,druva.com,Multi-region,ats-scrapers,6b44a1badc9bfbf5cf176f75265cc5729e520e99,greenhouse,Druva,druva,https://job-boards.greenhouse.io/druva,HIGH_CONFIDENCE,SLUG_PLUS_NAME,board slug/host token equals domain company token + compatible names,false,,LEGACY_SUPPORTED,SINGLE_SOURCE_CANDIDATE
EMP-07176,Flashpoint,flashpoint.io,Multi-region,ats-scrapers,6b44a1badc9bfbf5cf176f75265cc5729e520e99,ashby,Flashpoint,flashpoint.io,https://jobs.ashbyhq.com/flashpoint.io,CANDIDATE,NAME_EXACT,"exact normalized name match, no domain evidence; inspect",false,,LEGACY_SUPPORTED,MULTI_SOURCE_CANDIDATE
EMP-07176,Flashpoint,flashpoint.io,Multi-region,ats-scrapers,6b44a1badc9bfbf5cf176f75265cc5729e520e99,join_com,Flashpoint,flashpointvc,https://join.com/companies/flashpointvc,CANDIDATE,NAME_EXACT,"exact normalized name match, no domain evidence; inspect",false,,UNSUPPORTED,MULTI_SOURCE_CANDIDATE
EMP-07177,Forcepoint,forcepoint.com,Multi-region,ats-scrapers,6b44a1badc9bfbf5cf176f75265cc5729e520e99,workday,Forcepoint,forcepoint/external-careers,https://forcepoint.wd1.myworkdayjobs.com/external-careers,HIGH_CONFIDENCE,SLUG_PLUS_NAME,board slug/host token equals domain company token + compatible names,false,,LEGACY_SUPPORTED,MULTI_SOURCE_CANDIDATE
EMP-07177,Forcepoint,forcepoint.com,Multi-region,ats-scrapers,6b44a1badc9bfbf5cf176f75265cc5729e520e99,workday,Forcepoint,forcepoint/sales-external-careers-1,https://forcepoint.wd1.myworkdayjobs.com/sales-external-careers-1,HIGH_CONFIDENCE,SLUG_PLUS_NAME,board slug/host token equals domain company token + compatible names,false,,LEGACY_SUPPORTED,MULTI_SOURCE_CANDIDATE
EMP-07178,Fortra,fortra.com,Multi-region,ats-scrapers,6b44a1badc9bfbf5cf176f75265cc5729e520e99,greenhouse,Fortra,fortra,https://job-boards.greenhouse.io/fortra,HIGH_CONFIDENCE,SLUG_PLUS_NAME,board slug/host token equals domain company token + compatible names,false,,LEGACY_SUPPORTED,SINGLE_SOURCE_CANDIDATE
EMP-07181,Halcyon,halcyon.ai,Multi-region,ats-scrapers,6b44a1badc9bfbf5cf176f75265cc5729e520e99,greenhouse,Halcyon,halcyon,https://job-boards.greenhouse.io/halcyon,HIGH_CONFIDENCE,URL_EXACT,internal resolved portal URL equals external board URL,false,,LEGACY_SUPPORTED,SINGLE_SOURCE_CANDIDATE
EMP-07182,Horizon3.ai,horizon3.ai,Multi-region,ats-scrapers,6b44a1badc9bfbf5cf176f75265cc5729e520e99,ashby,Horizon3 AI,horizon3ai,https://jobs.ashbyhq.com/horizon3ai,HIGH_CONFIDENCE,URL_EXACT,internal resolved portal URL equals external board URL,false,,LEGACY_SUPPORTED,SINGLE_SOURCE_CANDIDATE
EMP-07183,Huntress,huntress.com,Multi-region,ats-scrapers,6b44a1badc9bfbf5cf176f75265cc5729e520e99,greenhouse,Huntress,huntress,https://job-boards.greenhouse.io/huntress,HIGH_CONFIDENCE,URL_EXACT,internal resolved portal URL equals external board URL,false,,LEGACY_SUPPORTED,SINGLE_SOURCE_CANDIDATE
EMP-07185,Jamf,jamf.com,Multi-region,ats-scrapers,6b44a1badc9bfbf5cf176f75265cc5729e520e99,greenhouse,jamf,jamf,https://job-boards.greenhouse.io/jamf,HIGH_CONFIDENCE,SLUG_PLUS_NAME,board slug/host token equals domain company token + compatible names,false,,LEGACY_SUPPORTED,SINGLE_SOURCE_CANDIDATE
EMP-07186,JupiterOne,jupiterone.com,Multi-region,ats-scrapers,6b44a1badc9bfbf5cf176f75265cc5729e520e99,workable,JupiterOne,jupiterone,https://apply.workable.com/jupiterone,HIGH_CONFIDENCE,SLUG_PLUS_NAME,board slug/host token equals domain company token + compatible names,false,,UNSUPPORTED,SINGLE_SOURCE_CANDIDATE
EMP-07190,Material Security,material.security,Multi-region,ats-scrapers,6b44a1badc9bfbf5cf176f75265cc5729e520e99,ashby,Material Group,material,https://jobs.ashbyhq.com/material,CANDIDATE,SLUG,board slug/host token equals domain company token but names differ; inspect,false,,LEGACY_SUPPORTED,MULTI_SOURCE_CANDIDATE
EMP-07190,Material Security,material.security,Multi-region,ats-scrapers,6b44a1badc9bfbf5cf176f75265cc5729e520e99,ashby,Material Security,materialsecurity,https://jobs.ashbyhq.com/materialsecurity,CANDIDATE,NAME_EXACT,"exact normalized name match, no domain evidence; inspect",false,,LEGACY_SUPPORTED,MULTI_SOURCE_CANDIDATE
EMP-07190,Material Security,material.security,Multi-region,ats-scrapers,6b44a1badc9bfbf5cf176f75265cc5729e520e99,workday,Material,material/material_external_career_site,https://material.wd1.myworkdayjobs.com/Material_External_Career_Site,HIGH_CONFIDENCE,SLUG_PLUS_NAME,board slug/host token equals domain company token + compatible names,false,,LEGACY_SUPPORTED,MULTI_SOURCE_CANDIDATE
EMP-07191,Menlo Security,menlosecurity.com,Multi-region,ats-scrapers,6b44a1badc9bfbf5cf176f75265cc5729e520e99,ashby,Menlo Security,menlosecurity,https://jobs.ashbyhq.com/menlosecurity,HIGH_CONFIDENCE,SLUG_PLUS_NAME,board slug/host token equals domain company token + compatible names,false,,LEGACY_SUPPORTED,MULTI_SOURCE_CANDIDATE
EMP-07191,Menlo Security,menlosecurity.com,Multi-region,ats-scrapers,6b44a1badc9bfbf5cf176f75265cc5729e520e99,bamboohr,Menlosecurity,menlosecurity,https://menlosecurity.bamboohr.com/careers,HIGH_CONFIDENCE,SLUG_PLUS_NAME,board slug/host token equals domain company token + compatible names,false,,UNSUPPORTED,MULTI_SOURCE_CANDIDATE
EMP-07193,Noname Security,akamai.com,Multi-region,ats-scrapers,6b44a1badc9bfbf5cf176f75265cc5729e520e99,workable,Akamai,akamai,https://apply.workable.com/akamai,CANDIDATE,SLUG,board slug/host token equals domain company token but names differ; inspect,false,,UNSUPPORTED,SINGLE_SOURCE_CANDIDATE
EMP-07194,Obsidian Security,obsidiansecurity.com,Multi-region,ats-scrapers,6b44a1badc9bfbf5cf176f75265cc5729e520e99,greenhouse,Obsidian Security,obsidiansecurity,https://job-boards.greenhouse.io/obsidiansecurity,HIGH_CONFIDENCE,URL_EXACT,internal resolved portal URL equals external board URL,false,,LEGACY_SUPPORTED,MULTI_SOURCE_CANDIDATE
EMP-07194,Obsidian Security,obsidiansecurity.com,Multi-region,ats-scrapers,6b44a1badc9bfbf5cf176f75265cc5729e520e99,jazzhr,obsidiansecurity,obsidiansecurity,https://obsidiansecurity.applytojob.com,HIGH_CONFIDENCE,SLUG_PLUS_NAME,board slug/host token equals domain company token + compatible names,false,,UNSUPPORTED,MULTI_SOURCE_CANDIDATE
EMP-07195,Orca Security,orca.security,Multi-region,ats-scrapers,6b44a1badc9bfbf5cf176f75265cc5729e520e99,ashby,Orca,orca,https://jobs.ashbyhq.com/orca,HIGH_CONFIDENCE,SLUG_PLUS_NAME,board slug/host token equals domain company token + compatible names,false,,LEGACY_SUPPORTED,MULTI_SOURCE_CANDIDATE
EMP-07195,Orca Security,orca.security,Multi-region,ats-scrapers,6b44a1badc9bfbf5cf176f75265cc5729e520e99,greenhouse,ORCA Service Technologies,orca,https://job-boards.greenhouse.io/orca,CANDIDATE,SLUG,board slug/host token equals domain company token but names differ; inspect,false,,LEGACY_SUPPORTED,MULTI_SOURCE_CANDIDATE
EMP-07195,Orca Security,orca.security,Multi-region,ats-scrapers,6b44a1badc9bfbf5cf176f75265cc5729e520e99,greenhouse,orcasecurity,orcasecurity,https://job-boards.greenhouse.io/orcasecurity,CANDIDATE,NAME_EXACT,"exact normalized name match, no domain evidence; inspect",false,,LEGACY_SUPPORTED,MULTI_SOURCE_CANDIDATE
EMP-07201,Resilience,cyberresilience.com,Multi-region,ats-scrapers,6b44a1badc9bfbf5cf176f75265cc5729e520e99,greenhouse,resilience,resilience,https://job-boards.greenhouse.io/resilience,CANDIDATE,NAME_EXACT,"exact normalized name match, no domain evidence; inspect",false,,LEGACY_SUPPORTED,MULTI_SOURCE_CANDIDATE
EMP-07201,Resilience,cyberresilience.com,Multi-region,ats-scrapers,6b44a1badc9bfbf5cf176f75265cc5729e520e99,workday,Resilience,resilience/resilience_careers,https://resilience.wd1.myworkdayjobs.com/resilience_careers,CANDIDATE,NAME_EXACT,"exact normalized name match, no domain evidence; inspect",false,,LEGACY_SUPPORTED,MULTI_SOURCE_CANDIDATE
EMP-07202,Safe Security,safe.security,Multi-region,ats-scrapers,6b44a1badc9bfbf5cf176f75265cc5729e520e99,ashby,Safe Software,safe,https://jobs.ashbyhq.com/safe,CANDIDATE,SLUG,board slug/host token equals domain company token but names differ; inspect,false,,LEGACY_SUPPORTED,MULTI_SOURCE_CANDIDATE
EMP-07202,Safe Security,safe.security,Multi-region,ats-scrapers,6b44a1badc9bfbf5cf176f75265cc5729e520e99,lever,Safe Security,safe,https://jobs.lever.co/safe,HIGH_CONFIDENCE,URL_EXACT,internal resolved portal URL equals external board URL,false,,LEGACY_SUPPORTED,MULTI_SOURCE_CANDIDATE
EMP-07203,Salt Security,salt.security,Multi-region,ats-scrapers,6b44a1badc9bfbf5cf176f75265cc5729e520e99,greenhouse,saltsecurity,saltsecurity,https://job-boards.greenhouse.io/saltsecurity,CANDIDATE,NAME_EXACT,"exact normalized name match, no domain evidence; inspect",false,,LEGACY_SUPPORTED,MULTI_SOURCE_CANDIDATE
EMP-07203,Salt Security,salt.security,Multi-region,ats-scrapers,6b44a1badc9bfbf5cf176f75265cc5729e520e99,teamtailor,Salt,salt,https://salt.teamtailor.com,HIGH_CONFIDENCE,SLUG_PLUS_NAME,board slug/host token equals domain company token + compatible names,false,,UNSUPPORTED,MULTI_SOURCE_CANDIDATE
EMP-07204,SecurityScorecard,securityscorecard.com,Multi-region,ats-scrapers,6b44a1badc9bfbf5cf176f75265cc5729e520e99,bamboohr,securityscorecard,securityscorecard,https://securityscorecard.bamboohr.com/careers,HIGH_CONFIDENCE,SLUG_PLUS_NAME,board slug/host token equals domain company token + compatible names,false,,UNSUPPORTED,MULTI_SOURCE_CANDIDATE
EMP-07204,SecurityScorecard,securityscorecard.com,Multi-region,ats-scrapers,6b44a1badc9bfbf5cf176f75265cc5729e520e99,greenhouse,securityscorecard,securityscorecard,https://job-boards.greenhouse.io/securityscorecard,HIGH_CONFIDENCE,URL_EXACT,internal resolved portal URL equals external board URL,false,,LEGACY_SUPPORTED,MULTI_SOURCE_CANDIDATE
EMP-07205,Semgrep,semgrep.dev,Multi-region,ats-scrapers,6b44a1badc9bfbf5cf176f75265cc5729e520e99,ashby,Semgrep,semgrep,https://jobs.ashbyhq.com/semgrep,HIGH_CONFIDENCE,SLUG_PLUS_NAME,board slug/host token equals domain company token + compatible names,false,,LEGACY_SUPPORTED,SINGLE_SOURCE_CANDIDATE
EMP-07207,Sonatype,sonatype.com,Multi-region,ats-scrapers,6b44a1badc9bfbf5cf176f75265cc5729e520e99,lever,Sonatype,sonatype,https://jobs.lever.co/sonatype,HIGH_CONFIDENCE,SLUG_PLUS_NAME,board slug/host token equals domain company token + compatible names,false,,LEGACY_SUPPORTED,SINGLE_SOURCE_CANDIDATE
EMP-07208,Sysdig,sysdig.com,Multi-region,ats-scrapers,6b44a1badc9bfbf5cf176f75265cc5729e520e99,lever,Sysdig,sysdig,https://jobs.lever.co/sysdig,HIGH_CONFIDENCE,SLUG_PLUS_NAME,board slug/host token equals domain company token + compatible names,false,,LEGACY_SUPPORTED,SINGLE_SOURCE_CANDIDATE
EMP-07209,Teleport,goteleport.com,Multi-region,ats-scrapers,6b44a1badc9bfbf5cf176f75265cc5729e520e99,ashby,Teleport,goteleport,https://jobs.ashbyhq.com/goteleport,HIGH_CONFIDENCE,SLUG_PLUS_NAME,board slug/host token equals domain company token + compatible names,false,,LEGACY_SUPPORTED,MULTI_SOURCE_CANDIDATE
EMP-07209,Teleport,goteleport.com,Multi-region,ats-scrapers,6b44a1badc9bfbf5cf176f75265cc5729e520e99,lever,Teleport,teleport,https://jobs.lever.co/teleport,CANDIDATE,NAME_EXACT,"exact normalized name match, no domain evidence; inspect",false,,LEGACY_SUPPORTED,MULTI_SOURCE_CANDIDATE
EMP-07209,Teleport,goteleport.com,Multi-region,ats-scrapers,6b44a1badc9bfbf5cf176f75265cc5729e520e99,personio,teleport,teleport,https://teleport.jobs.personio.com,CANDIDATE,NAME_EXACT,"exact normalized name match, no domain evidence; inspect",false,,UNSUPPORTED,MULTI_SOURCE_CANDIDATE
EMP-07209,Teleport,goteleport.com,Multi-region,ats-scrapers,6b44a1badc9bfbf5cf176f75265cc5729e520e99,workable,Teleport,teleport-careers,https://apply.workable.com/teleport-careers,CANDIDATE,NAME_EXACT,"exact normalized name match, no domain evidence; inspect",false,,UNSUPPORTED,MULTI_SOURCE_CANDIDATE
EMP-07210,Torq,torq.io,Multi-region,ats-scrapers,6b44a1badc9bfbf5cf176f75265cc5729e520e99,greenhouse,Torq,torq,https://job-boards.greenhouse.io/torq,HIGH_CONFIDENCE,SLUG_PLUS_NAME,board slug/host token equals domain company token + compatible names,false,,LEGACY_SUPPORTED,MULTI_SOURCE_CANDIDATE
EMP-07210,Torq,torq.io,Multi-region,ats-scrapers,6b44a1badc9bfbf5cf176f75265cc5729e520e99,jazzhr,torq,torq,https://torq.applytojob.com,HIGH_CONFIDENCE,SLUG_PLUS_NAME,board slug/host token equals domain company token + compatible names,false,,UNSUPPORTED,MULTI_SOURCE_CANDIDATE
EMP-07213,Vectra AI,vectra.ai,Multi-region,ats-scrapers,6b44a1badc9bfbf5cf176f75265cc5729e520e99,bamboohr,vectra,vectra,https://vectra.bamboohr.com/careers,HIGH_CONFIDENCE,SLUG_PLUS_NAME,board slug/host token equals domain company token + compatible names,false,,UNSUPPORTED,SINGLE_SOURCE_CANDIDATE
EMP-07216,WatchGuard,watchguard.com,Multi-region,ats-scrapers,6b44a1badc9bfbf5cf176f75265cc5729e520e99,bamboohr,Watchguard,watchguard,https://watchguard.bamboohr.com/careers,HIGH_CONFIDENCE,SLUG_PLUS_NAME,board slug/host token equals domain company token + compatible names,false,,UNSUPPORTED,MULTI_SOURCE_CANDIDATE
EMP-07216,WatchGuard,watchguard.com,Multi-region,ats-scrapers,6b44a1badc9bfbf5cf176f75265cc5729e520e99,lever,"WatchGuard Technologies, Inc.",watchguard,https://jobs.lever.co/watchguard,HIGH_CONFIDENCE,URL_EXACT,internal resolved portal URL equals external board URL,false,,LEGACY_SUPPORTED,MULTI_SOURCE_CANDIDATE
EMP-07218,ZeroFox,zerofox.com,Multi-region,ats-scrapers,6b44a1badc9bfbf5cf176f75265cc5729e520e99,bamboohr,Zerofox,zerofox,https://zerofox.bamboohr.com/careers,HIGH_CONFIDENCE,SLUG_PLUS_NAME,board slug/host token equals domain company token + compatible names,false,,UNSUPPORTED,MULTI_SOURCE_CANDIDATE
EMP-07218,ZeroFox,zerofox.com,Multi-region,ats-scrapers,6b44a1badc9bfbf5cf176f75265cc5729e520e99,smartrecruiters,ZeroFOX,zerofox,https://careers.smartrecruiters.com/zerofox,HIGH_CONFIDENCE,SLUG_PLUS_NAME,board slug/host token equals domain company token + compatible names,false,,LEGACY_SUPPORTED,MULTI_SOURCE_CANDIDATE
EMP-07218,ZeroFox,zerofox.com,Multi-region,ats-scrapers,6b44a1badc9bfbf5cf176f75265cc5729e520e99,workable,ZeroFox,zerofox,https://apply.workable.com/zerofox,HIGH_CONFIDENCE,SLUG_PLUS_NAME,board slug/host token equals domain company token + compatible names,false,,UNSUPPORTED,MULTI_SOURCE_CANDIDATE
EMP-07219,Iron Mountain Data Centers,ironmountain.com,Multi-region,ats-scrapers,6b44a1badc9bfbf5cf176f75265cc5729e520e99,workday,Iron Mountain,ironmountain/iron-mountain-jobs,https://ironmountain.wd5.myworkdayjobs.com/iron-mountain-jobs,HIGH_CONFIDENCE,URL_EXACT,internal resolved portal URL equals external board URL,false,,LEGACY_SUPPORTED,SINGLE_SOURCE_CANDIDATE
EMP-07220,QTS Data Centers,qtsdatacenters.com,Multi-region,ats-scrapers,6b44a1badc9bfbf5cf176f75265cc5729e520e99,workday,QTS,qtsdatacenters/qts,https://qtsdatacenters.wd5.myworkdayjobs.com/qts,CANDIDATE,SLUG,board slug/host token equals domain company token but names differ; inspect,false,,LEGACY_SUPPORTED,SINGLE_SOURCE_CANDIDATE
EMP-07221,Shell,shell.com,Multi-region,ats-scrapers,6b44a1badc9bfbf5cf176f75265cc5729e520e99,workday,Work at Shell,shell/shellcareers,https://shell.wd3.myworkdayjobs.com/shellcareers,HIGH_CONFIDENCE,URL_EXACT,internal resolved portal URL equals external board URL,false,,LEGACY_SUPPORTED,SINGLE_SOURCE_CANDIDATE
EMP-07222,Abbott,abbott.com,Multi-region,ats-scrapers,6b44a1badc9bfbf5cf176f75265cc5729e520e99,workday,Abbott,abbott/abbottcareers,https://abbott.wd5.myworkdayjobs.com/abbottcareers,HIGH_CONFIDENCE,SLUG_PLUS_NAME,board slug/host token equals domain company token + compatible names,false,,LEGACY_SUPPORTED,MULTI_SOURCE_CANDIDATE
EMP-07222,Abbott,abbott.com,Multi-region,ats-scrapers,6b44a1badc9bfbf5cf176f75265cc5729e520e99,workday,Abbott,abbott/abbottcareers2,https://abbott.wd5.myworkdayjobs.com/abbottcareers2,HIGH_CONFIDENCE,SLUG_PLUS_NAME,board slug/host token equals domain company token + compatible names,false,,LEGACY_SUPPORTED,MULTI_SOURCE_CANDIDATE
EMP-07223,Siemens Healthineers,siemens.com,Multi-region,ats-scrapers,6b44a1badc9bfbf5cf176f75265cc5729e520e99,avature,Siemens Healthineers,https://jobs.siemens-healthineers.com/en_US/searchjobs/SearchJobs,https://jobs.siemens-healthineers.com/en_US/searchjobs/SearchJobs,CANDIDATE,NAME_EXACT,"exact normalized name match, no domain evidence; inspect",false,,LEGACY_SUPPORTED,MULTI_SOURCE_CANDIDATE
EMP-07223,Siemens Healthineers,siemens.com,Multi-region,ats-scrapers,6b44a1badc9bfbf5cf176f75265cc5729e520e99,teamtailor,Siemens,siemens,https://siemens.teamtailor.com,HIGH_CONFIDENCE,SLUG_PLUS_NAME,board slug/host token equals domain company token + compatible names,false,,UNSUPPORTED,MULTI_SOURCE_CANDIDATE
EMP-07224,Emerson,emerson.com,Multi-region,ats-scrapers,6b44a1badc9bfbf5cf176f75265cc5729e520e99,workday,Staff,emerson/emerson_college_staff,https://emerson.wd5.myworkdayjobs.com/Emerson_College_Staff,CANDIDATE,SLUG,board slug/host token equals domain company token but names differ; inspect,false,,LEGACY_SUPPORTED,SINGLE_SOURCE_CANDIDATE
EMP-07225,John Deere,deere.com,Multi-region,ats-scrapers,6b44a1badc9bfbf5cf176f75265cc5729e520e99,eightfold,John Deere,deere,https://careers.deere.com/careers,HIGH_CONFIDENCE,SLUG_PLUS_NAME,board slug/host token equals domain company token + compatible names,false,,DECLARATIVE_SUPPORTED,MULTI_SOURCE_CANDIDATE
EMP-07225,John Deere,deere.com,Multi-region,ats-scrapers,6b44a1badc9bfbf5cf176f75265cc5729e520e99,successfactors,John Deere,jobs,https://jobs.deere.com,HIGH_CONFIDENCE,URL_EXACT,internal resolved portal URL equals external board URL,false,,LEGACY_SUPPORTED,MULTI_SOURCE_CANDIDATE
EMP-07226,AIG,aig.com,Multi-region,ats-scrapers,6b44a1badc9bfbf5cf176f75265cc5729e520e99,workday,Aig (PrivateJobPostings),aig/PrivateJobPostings,https://aig.wd1.myworkdayjobs.com/PrivateJobPostings,CANDIDATE,SLUG,board slug/host token equals domain company token but names differ; inspect,false,,LEGACY_SUPPORTED,MULTI_SOURCE_CANDIDATE
EMP-07226,AIG,aig.com,Multi-region,ats-scrapers,6b44a1badc9bfbf5cf176f75265cc5729e520e99,workday,Aig,aig/aig,https://aig.wd1.myworkdayjobs.com/aig,HIGH_CONFIDENCE,SLUG_PLUS_NAME,board slug/host token equals domain company token + compatible names,false,,LEGACY_SUPPORTED,MULTI_SOURCE_CANDIDATE
EMP-07226,AIG,aig.com,Multi-region,ats-scrapers,6b44a1badc9bfbf5cf176f75265cc5729e520e99,workday,Aig (Early Careers),aig/early_careers,https://aig.wd1.myworkdayjobs.com/early_careers,CANDIDATE,SLUG,board slug/host token equals domain company token but names differ; inspect,false,,LEGACY_SUPPORTED,MULTI_SOURCE_CANDIDATE
EMP-07226,AIG,aig.com,Multi-region,ats-scrapers,6b44a1badc9bfbf5cf176f75265cc5729e520e99,workday,Aig,aig/japan,https://aig.wd1.myworkdayjobs.com/japan,HIGH_CONFIDENCE,SLUG_PLUS_NAME,board slug/host token equals domain company token + compatible names,false,,LEGACY_SUPPORTED,MULTI_SOURCE_CANDIDATE
EMP-07229,Manulife,manulife.com,Multi-region,ats-scrapers,6b44a1badc9bfbf5cf176f75265cc5729e520e99,breezy,Manulife,manulife,https://manulife.breezy.hr,HIGH_CONFIDENCE,SLUG_PLUS_NAME,board slug/host token equals domain company token + compatible names,false,,UNSUPPORTED,MULTI_SOURCE_CANDIDATE
EMP-07229,Manulife,manulife.com,Multi-region,ats-scrapers,6b44a1badc9bfbf5cf176f75265cc5729e520e99,workday,Manulife and John Hancock (Mfcjh Adminjobs),manulife/mfcjh_adminjobs,https://manulife.wd3.myworkdayjobs.com/mfcjh_adminjobs,HIGH_CONFIDENCE,SLUG_PLUS_NAME,board slug/host token equals domain company token + compatible names,false,,LEGACY_SUPPORTED,MULTI_SOURCE_CANDIDATE
EMP-07229,Manulife,manulife.com,Multi-region,ats-scrapers,6b44a1badc9bfbf5cf176f75265cc5729e520e99,workday,Manulife and John Hancock,manulife/mfcjh_jobs,https://manulife.wd3.myworkdayjobs.com/mfcjh_jobs,HIGH_CONFIDENCE,SLUG_PLUS_NAME,board slug/host token equals domain company token + compatible names,false,,LEGACY_SUPPORTED,MULTI_SOURCE_CANDIDATE
EMP-07230,Munich Re,munichre.com,Multi-region,ats-scrapers,6b44a1badc9bfbf5cf176f75265cc5729e520e99,bamboohr,munichre,munichre,https://munichre.bamboohr.com/careers,HIGH_CONFIDENCE,SLUG_PLUS_NAME,board slug/host token equals domain company token + compatible names,false,,UNSUPPORTED,SINGLE_SOURCE_CANDIDATE
EMP-07231,Prudential,prudentialplc.com,Multi-region,ats-scrapers,6b44a1badc9bfbf5cf176f75265cc5729e520e99,workday,Prudential,prudential/prudential,https://prudential.wd3.myworkdayjobs.com/prudential,CANDIDATE,NAME_EXACT,"exact normalized name match, no domain evidence; inspect",false,,LEGACY_SUPPORTED,SINGLE_SOURCE_CANDIDATE
EMP-07232,QBE,qbe.com,Multi-region,ats-scrapers,6b44a1badc9bfbf5cf176f75265cc5729e520e99,workday,Qbe,qbe/qbe-careers,https://qbe.wd3.myworkdayjobs.com/qbe-careers,HIGH_CONFIDENCE,SLUG_PLUS_NAME,board slug/host token equals domain company token + compatible names,false,,LEGACY_SUPPORTED,SINGLE_SOURCE_CANDIDATE
EMP-07233,Sun Life,sunlife.com,Multi-region,ats-scrapers,6b44a1badc9bfbf5cf176f75265cc5729e520e99,workday,Sun Life (Campus),sunlife/Campus,https://sunlife.wd3.myworkdayjobs.com/Campus,HIGH_CONFIDENCE,SLUG_PLUS_NAME,board slug/host token equals domain company token + compatible names,false,,LEGACY_SUPPORTED,MULTI_SOURCE_CANDIDATE
EMP-07233,Sun Life,sunlife.com,Multi-region,ats-scrapers,6b44a1badc9bfbf5cf176f75265cc5729e520e99,workday,Sun Life (Experienced),sunlife/experienced,https://sunlife.wd3.myworkdayjobs.com/experienced,HIGH_CONFIDENCE,SLUG_PLUS_NAME,board slug/host token equals domain company token + compatible names,false,,LEGACY_SUPPORTED,MULTI_SOURCE_CANDIDATE
EMP-07233,Sun Life,sunlife.com,Multi-region,ats-scrapers,6b44a1badc9bfbf5cf176f75265cc5729e520e99,workday,Sun Life,sunlife/experienced-jobs,https://sunlife.wd3.myworkdayjobs.com/experienced-jobs,HIGH_CONFIDENCE,SLUG_PLUS_NAME,board slug/host token equals domain company token + compatible names,false,,LEGACY_SUPPORTED,MULTI_SOURCE_CANDIDATE
EMP-07235,Alstom,alstom.com,Multi-region,ats-scrapers,6b44a1badc9bfbf5cf176f75265cc5729e520e99,successfactors,Alstom,jobsearch,https://jobsearch.alstom.com,HIGH_CONFIDENCE,URL_EXACT,internal resolved portal URL equals external board URL,false,,LEGACY_SUPPORTED,SINGLE_SOURCE_CANDIDATE
EMP-07236,DB Schenker,dsv.com,Multi-region,ats-scrapers,6b44a1badc9bfbf5cf176f75265cc5729e520e99,successfactors,Work for DSV and forward your career | DSV,jobs,https://jobs.dsv.com,HIGH_CONFIDENCE,URL_EXACT,internal resolved portal URL equals external board URL,false,,LEGACY_SUPPORTED,SINGLE_SOURCE_CANDIDATE
EMP-07238,DHL Group,group.dhl.com,Multi-region,ats-scrapers,6b44a1badc9bfbf5cf176f75265cc5729e520e99,avature,DHL Group,dpdhlgroup,https://dpdhlgroup.avature.net/jobs/SearchJobs,CANDIDATE,NAME_EXACT,"exact normalized name match, no domain evidence; inspect",false,,LEGACY_SUPPORTED,SINGLE_SOURCE_CANDIDATE
EMP-07239,DSV,dsv.com,Multi-region,ats-scrapers,6b44a1badc9bfbf5cf176f75265cc5729e520e99,successfactors,Work for DSV and forward your career | DSV,jobs,https://jobs.dsv.com,HIGH_CONFIDENCE,URL_EXACT,internal resolved portal URL equals external board URL,false,,LEGACY_SUPPORTED,SINGLE_SOURCE_CANDIDATE
EMP-07242,Kuehne+Nagel,kuehne-nagel.com,Multi-region,ats-scrapers,6b44a1badc9bfbf5cf176f75265cc5729e520e99,cornerstone,Kuehne+Nagel,kuehne-nagel,https://kuehne-nagel.csod.com/ux/ats/careersite/1/home?c=kuehne-nagel,HIGH_CONFIDENCE,SLUG_PLUS_NAME,board slug/host token equals domain company token + compatible names,false,,UNSUPPORTED,MULTI_SOURCE_CANDIDATE
EMP-07242,Kuehne+Nagel,kuehne-nagel.com,Multi-region,ats-scrapers,6b44a1badc9bfbf5cf176f75265cc5729e520e99,phenom,Kuehne+Nagel,,https://jobs.kuehne-nagel.com,CANDIDATE,NAME_EXACT,"exact normalized name match, no domain evidence; inspect",false,,LEGACY_SUPPORTED,MULTI_SOURCE_CANDIDATE
EMP-07242,Kuehne+Nagel,kuehne-nagel.com,Multi-region,ats-scrapers,6b44a1badc9bfbf5cf176f75265cc5729e520e99,smartrecruiters,Kuehne-Nagel,kuehne-nagel,https://careers.smartrecruiters.com/kuehne-nagel,CANDIDATE,NAME_EXACT,"exact normalized name match, no domain evidence; inspect",false,,LEGACY_SUPPORTED,MULTI_SOURCE_CANDIDATE
EMP-07243,Maersk,maersk.com,Multi-region,ats-scrapers,6b44a1badc9bfbf5cf176f75265cc5729e520e99,teamtailor,Maersk,maersk,https://maersk.teamtailor.com,HIGH_CONFIDENCE,SLUG_PLUS_NAME,board slug/host token equals domain company token + compatible names,false,,UNSUPPORTED,MULTI_SOURCE_CANDIDATE
EMP-07243,Maersk,maersk.com,Multi-region,ats-scrapers,6b44a1badc9bfbf5cf176f75265cc5729e520e99,workday,A.P. Moller - Maersk (MCI Careers),maersk/MCI_Careers,https://maersk.wd3.myworkdayjobs.com/MCI_Careers,HIGH_CONFIDENCE,SLUG_PLUS_NAME,board slug/host token equals domain company token + compatible names,false,,LEGACY_SUPPORTED,MULTI_SOURCE_CANDIDATE
EMP-07243,Maersk,maersk.com,Multi-region,ats-scrapers,6b44a1badc9bfbf5cf176f75265cc5729e520e99,workday,APM Terminals,maersk/apmt_careers,https://maersk.wd3.myworkdayjobs.com/apmt_careers,CANDIDATE,SLUG,board slug/host token equals domain company token but names differ; inspect,false,,LEGACY_SUPPORTED,MULTI_SOURCE_CANDIDATE
EMP-07243,Maersk,maersk.com,Multi-region,ats-scrapers,6b44a1badc9bfbf5cf176f75265cc5729e520e99,workday,A.P. Moller - Maersk,maersk/maersk_careers,https://maersk.wd3.myworkdayjobs.com/maersk_careers,HIGH_CONFIDENCE,SLUG_PLUS_NAME,board slug/host token equals domain company token + compatible names,false,,LEGACY_SUPPORTED,MULTI_SOURCE_CANDIDATE
EMP-07243,Maersk,maersk.com,Multi-region,ats-scrapers,6b44a1badc9bfbf5cf176f75265cc5729e520e99,workday,A.P. Moller - Maersk,maersk/maersk_manual,https://maersk.wd3.myworkdayjobs.com/maersk_manual,HIGH_CONFIDENCE,SLUG_PLUS_NAME,board slug/host token equals domain company token + compatible names,false,,LEGACY_SUPPORTED,MULTI_SOURCE_CANDIDATE
EMP-07244,MSC,msc.com,Multi-region,ats-scrapers,6b44a1badc9bfbf5cf176f75265cc5729e520e99,bamboohr,msc,msc,https://msc.bamboohr.com/careers,HIGH_CONFIDENCE,SLUG_PLUS_NAME,board slug/host token equals domain company token + compatible names,false,,UNSUPPORTED,MULTI_SOURCE_CANDIDATE
EMP-07244,MSC,msc.com,Multi-region,ats-scrapers,6b44a1badc9bfbf5cf176f75265cc5729e520e99,cornerstone,MSC,https://msc.csod.com/ux/ats/careersite/4/home?c=msc,https://msc.csod.com/ux/ats/careersite/4/home?c=msc,HIGH_CONFIDENCE,SLUG_PLUS_NAME,board slug/host token equals domain company token + compatible names,false,,UNSUPPORTED,MULTI_SOURCE_CANDIDATE
EMP-07244,MSC,msc.com,Multi-region,ats-scrapers,6b44a1badc9bfbf5cf176f75265cc5729e520e99,cornerstone,MSC,msc,https://msc.csod.com/ux/ats/careersite/1/home?c=msc,HIGH_CONFIDENCE,SLUG_PLUS_NAME,board slug/host token equals domain company token + compatible names,false,,UNSUPPORTED,MULTI_SOURCE_CANDIDATE
EMP-07245,Siemens Mobility,siemens.com,Multi-region,ats-scrapers,6b44a1badc9bfbf5cf176f75265cc5729e520e99,teamtailor,Siemens,siemens,https://siemens.teamtailor.com,HIGH_CONFIDENCE,SLUG_PLUS_NAME,board slug/host token equals domain company token + compatible names,false,,UNSUPPORTED,SINGLE_SOURCE_CANDIDATE
EMP-07247,Disney,thewaltdisneycompany.com,Multi-region,ats-scrapers,6b44a1badc9bfbf5cf176f75265cc5729e520e99,workday,Disney,disney/disneycareer,https://disney.wd5.myworkdayjobs.com/disneycareer,CANDIDATE,NAME_EXACT,"exact normalized name match, no domain evidence; inspect",false,,LEGACY_SUPPORTED,SINGLE_SOURCE_CANDIDATE
EMP-07248,Electronic Arts,ea.com,Multi-region,ats-scrapers,6b44a1badc9bfbf5cf176f75265cc5729e520e99,avature,Electronic Arts,ea,https://ea.avature.net/careers/SearchJobs,HIGH_CONFIDENCE,SLUG_PLUS_NAME,board slug/host token equals domain company token + compatible names,false,,LEGACY_SUPPORTED,MULTI_SOURCE_CANDIDATE
EMP-07248,Electronic Arts,ea.com,Multi-region,ats-scrapers,6b44a1badc9bfbf5cf176f75265cc5729e520e99,bamboohr,ea,ea,https://ea.bamboohr.com/careers,CANDIDATE,SLUG,board slug/host token equals domain company token but names differ; inspect,false,,UNSUPPORTED,MULTI_SOURCE_CANDIDATE
EMP-07249,Epic Games,epicgames.com,Multi-region,ats-scrapers,6b44a1badc9bfbf5cf176f75265cc5729e520e99,greenhouse,Epic Games,epicgames,https://job-boards.greenhouse.io/epicgames,HIGH_CONFIDENCE,SLUG_PLUS_NAME,board slug/host token equals domain company token + compatible names,false,,LEGACY_SUPPORTED,MULTI_SOURCE_CANDIDATE
EMP-07249,Epic Games,epicgames.com,Multi-region,ats-scrapers,6b44a1badc9bfbf5cf176f75265cc5729e520e99,smartrecruiters,EpicGames,epicgames,https://careers.smartrecruiters.com/epicgames,HIGH_CONFIDENCE,SLUG_PLUS_NAME,board slug/host token equals domain company token + compatible names,false,,LEGACY_SUPPORTED,MULTI_SOURCE_CANDIDATE
EMP-07250,Riot Games,riotgames.com,Multi-region,ats-scrapers,6b44a1badc9bfbf5cf176f75265cc5729e520e99,greenhouse,riotgames,riotgames,https://job-boards.greenhouse.io/riotgames,HIGH_CONFIDENCE,SLUG_PLUS_NAME,board slug/host token equals domain company token + compatible names,false,,LEGACY_SUPPORTED,SINGLE_SOURCE_CANDIDATE
EMP-07251,Sony Interactive Entertainment,sie.com,Multi-region,ats-scrapers,6b44a1badc9bfbf5cf176f75265cc5729e520e99,personio,sie,sie,https://sie.jobs.personio.com,CANDIDATE,SLUG,board slug/host token equals domain company token but names differ; inspect,false,,UNSUPPORTED,SINGLE_SOURCE_CANDIDATE
EMP-07252,Ubisoft,ubisoft.com,Multi-region,ats-scrapers,6b44a1badc9bfbf5cf176f75265cc5729e520e99,smartrecruiters,Ubisoft,ubisoft2,https://careers.smartrecruiters.com/ubisoft2,CANDIDATE,NAME_EXACT,"exact normalized name match, no domain evidence; inspect",false,,LEGACY_SUPPORTED,SINGLE_SOURCE_CANDIDATE
EMP-07253,Checkout.com,checkout.com,Multi-region,ats-scrapers,6b44a1badc9bfbf5cf176f75265cc5729e520e99,ashby,Checkout.com,checkout.com,https://jobs.ashbyhq.com/checkout.com,CANDIDATE,NAME_EXACT,"exact normalized name match, no domain evidence; inspect",false,,LEGACY_SUPPORTED,SINGLE_SOURCE_CANDIDATE
EMP-07255,Euronext,euronext.com,Multi-region,ats-scrapers,6b44a1badc9bfbf5cf176f75265cc5729e520e99,workday,Euronext,hrhub/euronext_career_page,https://hrhub.wd3.myworkdayjobs.com/euronext_career_page,CANDIDATE,NAME_EXACT,"exact normalized name match, no domain evidence; inspect",false,,LEGACY_SUPPORTED,SINGLE_SOURCE_CANDIDATE
EMP-07256,FIS,fisglobal.com,Multi-region,ats-scrapers,6b44a1badc9bfbf5cf176f75265cc5729e520e99,phenom,FIS,,https://careers.fisglobal.com,CANDIDATE,NAME_EXACT,"exact normalized name match, no domain evidence; inspect",false,,LEGACY_SUPPORTED,MULTI_SOURCE_CANDIDATE
EMP-07256,FIS,fisglobal.com,Multi-region,ats-scrapers,6b44a1badc9bfbf5cf176f75265cc5729e520e99,workday,Fis,fis/searchjobs,https://fis.wd5.myworkdayjobs.com/searchjobs,CANDIDATE,NAME_EXACT,"exact normalized name match, no domain evidence; inspect",false,,LEGACY_SUPPORTED,MULTI_SOURCE_CANDIDATE
EMP-07257,Monzo,monzo.com,Multi-region,ats-scrapers,6b44a1badc9bfbf5cf176f75265cc5729e520e99,greenhouse,Monzo,monzo,https://job-boards.greenhouse.io/monzo,HIGH_CONFIDENCE,SLUG_PLUS_NAME,board slug/host token equals domain company token + compatible names,false,,LEGACY_SUPPORTED,SINGLE_SOURCE_CANDIDATE
EMP-07258,N26,n26.com,Multi-region,ats-scrapers,6b44a1badc9bfbf5cf176f75265cc5729e520e99,greenhouse,n26,n26,https://job-boards.greenhouse.io/n26,HIGH_CONFIDENCE,SLUG_PLUS_NAME,board slug/host token equals domain company token + compatible names,false,,LEGACY_SUPPORTED,SINGLE_SOURCE_CANDIDATE
EMP-07260,Worldline,worldline.com,Multi-region,ats-scrapers,6b44a1badc9bfbf5cf176f75265cc5729e520e99,lever,Worldline NZ,Worldline,https://jobs.lever.co/Worldline,HIGH_CONFIDENCE,SLUG_PLUS_NAME,board slug/host token equals domain company token + compatible names,false,,LEGACY_SUPPORTED,MULTI_SOURCE_CANDIDATE
EMP-07260,Worldline,worldline.com,Multi-region,ats-scrapers,6b44a1badc9bfbf5cf176f75265cc5729e520e99,successfactors,Worldline,jobs,https://jobs.worldline.com,HIGH_CONFIDENCE,URL_EXACT,internal resolved portal URL equals external board URL,false,,LEGACY_SUPPORTED,MULTI_SOURCE_CANDIDATE
EMP-07262,Etsy,etsy.com,Multi-region,ats-scrapers,6b44a1badc9bfbf5cf176f75265cc5729e520e99,workday,Depop,etsy/depop_careers,https://etsy.wd5.myworkdayjobs.com/depop_careers,CANDIDATE,SLUG,board slug/host token equals domain company token but names differ; inspect,false,,LEGACY_SUPPORTED,MULTI_SOURCE_CANDIDATE
EMP-07262,Etsy,etsy.com,Multi-region,ats-scrapers,6b44a1badc9bfbf5cf176f75265cc5729e520e99,workday,Etsy,etsy/etsy_careers,https://etsy.wd5.myworkdayjobs.com/etsy_careers,HIGH_CONFIDENCE,SLUG_PLUS_NAME,board slug/host token equals domain company token + compatible names,false,,LEGACY_SUPPORTED,MULTI_SOURCE_CANDIDATE
EMP-07263,H&M,hmgroup.com,Multi-region,ats-scrapers,6b44a1badc9bfbf5cf176f75265cc5729e520e99,smartrecruiters,H&M Group,HMGroup,https://careers.smartrecruiters.com/HMGroup,CANDIDATE,SLUG,board slug/host token equals domain company token but names differ; inspect,false,,LEGACY_SUPPORTED,SINGLE_SOURCE_CANDIDATE
EMP-07265,Inditex,inditex.com,Multi-region,ats-scrapers,6b44a1badc9bfbf5cf176f75265cc5729e520e99,recruitee,INDITEX,itxuklimited,https://itxuklimited.recruitee.com,CANDIDATE,NAME_EXACT,"exact normalized name match, no domain evidence; inspect",false,,UNSUPPORTED,SINGLE_SOURCE_CANDIDATE
EMP-07266,Tesco,tesco.com,Multi-region,ats-scrapers,6b44a1badc9bfbf5cf176f75265cc5729e520e99,avature,Tesco,tesco,https://tesco.avature.net/careers/SearchJobs,HIGH_CONFIDENCE,SLUG_PLUS_NAME,board slug/host token equals domain company token + compatible names,false,,LEGACY_SUPPORTED,SINGLE_SOURCE_CANDIDATE
EMP-07268,Zalando,corporate.zalando.com,Multi-region,ats-scrapers,6b44a1badc9bfbf5cf176f75265cc5729e520e99,workday,Zalando,zalando/zalandositewd,https://zalando.wd3.myworkdayjobs.com/zalandositewd,HIGH_CONFIDENCE,SLUG_PLUS_NAME,board slug/host token equals domain company token + compatible names,false,,LEGACY_SUPPORTED,SINGLE_SOURCE_CANDIDATE
EMP-07270,Babcock International,babcockinternational.com,Multi-region,ats-scrapers,6b44a1badc9bfbf5cf176f75265cc5729e520e99,successfactors,Babcock,jobs,https://jobs.babcockinternational.com,HIGH_CONFIDENCE,URL_EXACT,internal resolved portal URL equals external board URL,false,,LEGACY_SUPPORTED,SINGLE_SOURCE_CANDIDATE
EMP-07271,Blue Origin,blueorigin.com,Multi-region,ats-scrapers,6b44a1badc9bfbf5cf176f75265cc5729e520e99,lever,Blue Origin,blueorigin,https://jobs.lever.co/blueorigin,HIGH_CONFIDENCE,SLUG_PLUS_NAME,board slug/host token equals domain company token + compatible names,false,,LEGACY_SUPPORTED,MULTI_SOURCE_CANDIDATE
EMP-07271,Blue Origin,blueorigin.com,Multi-region,ats-scrapers,6b44a1badc9bfbf5cf176f75265cc5729e520e99,workday,Blueorigin,blueorigin/blueorigin,https://blueorigin.wd5.myworkdayjobs.com/blueorigin,HIGH_CONFIDENCE,SLUG_PLUS_NAME,board slug/host token equals domain company token + compatible names,false,,LEGACY_SUPPORTED,MULTI_SOURCE_CANDIDATE
EMP-07272,CAE,cae.com,Multi-region,ats-scrapers,6b44a1badc9bfbf5cf176f75265cc5729e520e99,workday,Cae,cae/caecareer2,https://cae.wd3.myworkdayjobs.com/caecareer2,HIGH_CONFIDENCE,SLUG_PLUS_NAME,board slug/host token equals domain company token + compatible names,false,,LEGACY_SUPPORTED,MULTI_SOURCE_CANDIDATE
EMP-07272,CAE,cae.com,Multi-region,ats-scrapers,6b44a1badc9bfbf5cf176f75265cc5729e520e99,workday,Cae,cae/career,https://cae.wd3.myworkdayjobs.com/career,HIGH_CONFIDENCE,SLUG_PLUS_NAME,board slug/host token equals domain company token + compatible names,false,,LEGACY_SUPPORTED,MULTI_SOURCE_CANDIDATE
EMP-07273,MDA Space,mda.space,Multi-region,ats-scrapers,6b44a1badc9bfbf5cf176f75265cc5729e520e99,bamboohr,mda,mda,https://mda.bamboohr.com/careers,CANDIDATE,SLUG,board slug/host token equals domain company token but names differ; inspect,false,,UNSUPPORTED,MULTI_SOURCE_CANDIDATE
EMP-07273,MDA Space,mda.space,Multi-region,ats-scrapers,6b44a1badc9bfbf5cf176f75265cc5729e520e99,personio,mda,mda,https://mda.jobs.personio.com,CANDIDATE,SLUG,board slug/host token equals domain company token but names differ; inspect,false,,UNSUPPORTED,MULTI_SOURCE_CANDIDATE
EMP-07274,Serco,serco.com,Multi-region,ats-scrapers,6b44a1badc9bfbf5cf176f75265cc5729e520e99,successfactors,Serco,SercoGroup,https://career2.successfactors.eu/career?company=SercoGroup,CANDIDATE,NAME_EXACT,"exact normalized name match, no domain evidence; inspect",false,,LEGACY_SUPPORTED,SINGLE_SOURCE_CANDIDATE
EMP-07275,Shield AI,shield.ai,Multi-region,ats-scrapers,6b44a1badc9bfbf5cf176f75265cc5729e520e99,bamboohr,shield,shield,https://shield.bamboohr.com/careers,HIGH_CONFIDENCE,SLUG_PLUS_NAME,board slug/host token equals domain company token + compatible names,false,,UNSUPPORTED,MULTI_SOURCE_CANDIDATE
EMP-07275,Shield AI,shield.ai,Multi-region,ats-scrapers,6b44a1badc9bfbf5cf176f75265cc5729e520e99,greenhouse,shield,shield,https://job-boards.greenhouse.io/shield,HIGH_CONFIDENCE,SLUG_PLUS_NAME,board slug/host token equals domain company token + compatible names,false,,LEGACY_SUPPORTED,MULTI_SOURCE_CANDIDATE
EMP-07275,Shield AI,shield.ai,Multi-region,ats-scrapers,6b44a1badc9bfbf5cf176f75265cc5729e520e99,lever,Shield AI,shieldai,https://jobs.lever.co/shieldai,CANDIDATE,NAME_EXACT,"exact normalized name match, no domain evidence; inspect",false,,LEGACY_SUPPORTED,MULTI_SOURCE_CANDIDATE
EMP-07276,SpaceX,spacex.com,Multi-region,ats-scrapers,6b44a1badc9bfbf5cf176f75265cc5729e520e99,greenhouse,SpaceX,spacex,https://job-boards.greenhouse.io/spacex,HIGH_CONFIDENCE,SLUG_PLUS_NAME,board slug/host token equals domain company token + compatible names,false,,LEGACY_SUPPORTED,MULTI_SOURCE_CANDIDATE
EMP-07276,SpaceX,spacex.com,Multi-region,ats-scrapers,6b44a1badc9bfbf5cf176f75265cc5729e520e99,smartrecruiters,SpaceX,spacex,https://careers.smartrecruiters.com/spacex,HIGH_CONFIDENCE,SLUG_PLUS_NAME,board slug/host token equals domain company token + compatible names,false,,LEGACY_SUPPORTED,MULTI_SOURCE_CANDIDATE
EMP-07278,Wise,wise.com,Multi-region | Estonia | UK,ats-scrapers,6b44a1badc9bfbf5cf176f75265cc5729e520e99,smartrecruiters,Wise,Wise,https://careers.smartrecruiters.com/Wise,HIGH_CONFIDENCE,SLUG_PLUS_NAME,board slug/host token equals domain company token + compatible names,false,,LEGACY_SUPPORTED,SINGLE_SOURCE_CANDIDATE
EMP-07279,Sopra Steria,soprasteria.com,Multi-region | Europe,ats-scrapers,6b44a1badc9bfbf5cf176f75265cc5729e520e99,bamboohr,soprasteria,soprasteria,https://soprasteria.bamboohr.com/careers,HIGH_CONFIDENCE,SLUG_PLUS_NAME,board slug/host token equals domain company token + compatible names,false,,UNSUPPORTED,SINGLE_SOURCE_CANDIDATE
EMP-07280,SAP,sap.com,Multi-region | Europe | Italy,ats-scrapers,6b44a1badc9bfbf5cf176f75265cc5729e520e99,bamboohr,sap,sap,https://sap.bamboohr.com/careers,HIGH_CONFIDENCE,SLUG_PLUS_NAME,board slug/host token equals domain company token + compatible names,false,,UNSUPPORTED,MULTI_SOURCE_CANDIDATE
EMP-07280,SAP,sap.com,Multi-region | Europe | Italy,ats-scrapers,6b44a1badc9bfbf5cf176f75265cc5729e520e99,smartrecruiters,SAP,sap,https://careers.smartrecruiters.com/sap,HIGH_CONFIDENCE,SLUG_PLUS_NAME,board slug/host token equals domain company token + compatible names,false,,LEGACY_SUPPORTED,MULTI_SOURCE_CANDIDATE
EMP-07280,SAP,sap.com,Multi-region | Europe | Italy,ats-scrapers,6b44a1badc9bfbf5cf176f75265cc5729e520e99,successfactors,SAP,jobs,https://jobs.sap.com,HIGH_CONFIDENCE,URL_EXACT,internal resolved portal URL equals external board URL,false,,LEGACY_SUPPORTED,MULTI_SOURCE_CANDIDATE
EMP-07283,Eviden,atos.net,Multi-region | France,ats-scrapers,6b44a1badc9bfbf5cf176f75265cc5729e520e99,successfactors,Atos,jobs,https://jobs.atos.net,HIGH_CONFIDENCE,URL_EXACT,internal resolved portal URL equals external board URL,false,,LEGACY_SUPPORTED,SINGLE_SOURCE_CANDIDATE
EMP-07285,Continental,continental.com,Multi-region | Germany,ats-scrapers,6b44a1badc9bfbf5cf176f75265cc5729e520e99,smartrecruiters,Continental,continental,https://careers.smartrecruiters.com/continental,HIGH_CONFIDENCE,SLUG_PLUS_NAME,board slug/host token equals domain company token + compatible names,false,,LEGACY_SUPPORTED,SINGLE_SOURCE_CANDIDATE
EMP-07287,QinetiQ,qinetiq.com,Multi-region | Germany | USA,ats-scrapers,6b44a1badc9bfbf5cf176f75265cc5729e520e99,successfactors,QinetiQ,careers,https://careers.qinetiq.com,HIGH_CONFIDENCE,URL_EXACT,internal resolved portal URL equals external board URL,false,,LEGACY_SUPPORTED,SINGLE_SOURCE_CANDIDATE
EMP-07291,Generali,generali.com,Multi-region | Italy,ats-scrapers,6b44a1badc9bfbf5cf176f75265cc5729e520e99,teamtailor,Generali,generali,https://generali.teamtailor.com,HIGH_CONFIDENCE,SLUG_PLUS_NAME,board slug/host token equals domain company token + compatible names,false,,UNSUPPORTED,SINGLE_SOURCE_CANDIDATE
EMP-07293,TotalEnergies,totalenergies.com,Multi-region | Netherlands,ats-scrapers,6b44a1badc9bfbf5cf176f75265cc5729e520e99,bamboohr,totalenergies,totalenergies,https://totalenergies.bamboohr.com/careers,HIGH_CONFIDENCE,SLUG_PLUS_NAME,board slug/host token equals domain company token + compatible names,false,,UNSUPPORTED,MULTI_SOURCE_CANDIDATE
EMP-07293,TotalEnergies,totalenergies.com,Multi-region | Netherlands,ats-scrapers,6b44a1badc9bfbf5cf176f75265cc5729e520e99,moka,TotalEnergies,totalenergies/100441,https://app.mokahr.com/social-recruitment/totalenergies/100441,HIGH_CONFIDENCE,SLUG_PLUS_NAME,board slug/host token equals domain company token + compatible names,false,,UNSUPPORTED,MULTI_SOURCE_CANDIDATE
EMP-07294,Philips,philips.com,Multi-region | Netherlands,ats-scrapers,6b44a1badc9bfbf5cf176f75265cc5729e520e99,phenom,Philips,,https://careers.philips.com,CANDIDATE,NAME_EXACT,"exact normalized name match, no domain evidence; inspect",false,,LEGACY_SUPPORTED,MULTI_SOURCE_CANDIDATE
EMP-07294,Philips,philips.com,Multi-region | Netherlands,ats-scrapers,6b44a1badc9bfbf5cf176f75265cc5729e520e99,workday,Philips (Internal Job Postings List For Philips Contingent Workers),philips/internal-job-postings-list-for-philips-contingent-workers,https://philips.wd3.myworkdayjobs.com/internal-job-postings-list-for-philips-contingent-workers,HIGH_CONFIDENCE,SLUG_PLUS_NAME,board slug/host token equals domain company token + compatible names,false,,LEGACY_SUPPORTED,MULTI_SOURCE_CANDIDATE
EMP-07294,Philips,philips.com,Multi-region | Netherlands,ats-scrapers,6b44a1badc9bfbf5cf176f75265cc5729e520e99,workday,Philips,philips/jobs-and-careers,https://philips.wd3.myworkdayjobs.com/jobs-and-careers,HIGH_CONFIDENCE,SLUG_PLUS_NAME,board slug/host token equals domain company token + compatible names,false,,LEGACY_SUPPORTED,MULTI_SOURCE_CANDIDATE
EMP-07295,Adyen,adyen.com,Multi-region | Netherlands,ats-scrapers,6b44a1badc9bfbf5cf176f75265cc5729e520e99,greenhouse,Adyen,adyen,https://job-boards.greenhouse.io/adyen,HIGH_CONFIDENCE,SLUG_PLUS_NAME,board slug/host token equals domain company token + compatible names,false,,LEGACY_SUPPORTED,MULTI_SOURCE_CANDIDATE
EMP-07295,Adyen,adyen.com,Multi-region | Netherlands,ats-scrapers,6b44a1badc9bfbf5cf176f75265cc5729e520e99,smartrecruiters,Adyen,adyen,https://careers.smartrecruiters.com/adyen,HIGH_CONFIDENCE,SLUG_PLUS_NAME,board slug/host token equals domain company token + compatible names,false,,LEGACY_SUPPORTED,MULTI_SOURCE_CANDIDATE
EMP-07296,Booking.com,booking.com,Multi-region | Netherlands,ats-scrapers,6b44a1badc9bfbf5cf176f75265cc5729e520e99,join_com,STA CATALINA SUITES SL,booking,https://join.com/companies/booking,CANDIDATE,SLUG,board slug/host token equals domain company token but names differ; inspect,false,,UNSUPPORTED,SINGLE_SOURCE_CANDIDATE
EMP-07297,Equinor,equinor.com,Multi-region | Norway | UK | Netherlands,ats-scrapers,6b44a1badc9bfbf5cf176f75265cc5729e520e99,workday,Equinor,equinor/eqnr,https://equinor.wd3.myworkdayjobs.com/eqnr,HIGH_CONFIDENCE,SLUG_PLUS_NAME,board slug/host token equals domain company token + compatible names,false,,LEGACY_SUPPORTED,SINGLE_SOURCE_CANDIDATE
EMP-07298,Siemens,siemens.com,Multi-region | Portugal | Singapore,ats-scrapers,6b44a1badc9bfbf5cf176f75265cc5729e520e99,teamtailor,Siemens,siemens,https://siemens.teamtailor.com,HIGH_CONFIDENCE,SLUG_PLUS_NAME,board slug/host token equals domain company token + compatible names,false,,UNSUPPORTED,SINGLE_SOURCE_CANDIDATE
EMP-07300,Tanium,tanium.com,Multi-region | Singapore,ats-scrapers,6b44a1badc9bfbf5cf176f75265cc5729e520e99,greenhouse,tanium,tanium,https://job-boards.greenhouse.io/tanium,HIGH_CONFIDENCE,SLUG_PLUS_NAME,board slug/host token equals domain company token + compatible names,false,,LEGACY_SUPPORTED,SINGLE_SOURCE_CANDIDATE
EMP-07302,Iberdrola,iberdrola.com,Multi-region | Spain,ats-scrapers,6b44a1badc9bfbf5cf176f75265cc5729e520e99,workday,Iberdrola Group,iberdrola/iberdrola,https://iberdrola.wd3.myworkdayjobs.com/iberdrola,HIGH_CONFIDENCE,SLUG_PLUS_NAME,board slug/host token equals domain company token + compatible names,false,,LEGACY_SUPPORTED,SINGLE_SOURCE_CANDIDATE
EMP-07303,Volvo Cars,volvocars.com,Multi-region | Sweden,ats-scrapers,6b44a1badc9bfbf5cf176f75265cc5729e520e99,successfactors,Volvo Cars,jobs,https://jobs.volvocars.com,HIGH_CONFIDENCE,URL_EXACT,internal resolved portal URL equals external board URL,false,,LEGACY_SUPPORTED,SINGLE_SOURCE_CANDIDATE
EMP-07305,Spotify,spotify.com,Multi-region | Sweden,ats-scrapers,6b44a1badc9bfbf5cf176f75265cc5729e520e99,lever,Spotify,spotify,https://jobs.lever.co/spotify,HIGH_CONFIDENCE,SLUG_PLUS_NAME,board slug/host token equals domain company token + compatible names,false,,LEGACY_SUPPORTED,MULTI_SOURCE_CANDIDATE
EMP-07305,Spotify,spotify.com,Multi-region | Sweden,ats-scrapers,6b44a1badc9bfbf5cf176f75265cc5729e520e99,smartrecruiters,Spotify,spotify,https://careers.smartrecruiters.com/spotify,HIGH_CONFIDENCE,SLUG_PLUS_NAME,board slug/host token equals domain company token + compatible names,false,,LEGACY_SUPPORTED,MULTI_SOURCE_CANDIDATE
EMP-07306,Vattenfall,group.vattenfall.com,Multi-region | Sweden | Netherlands,ats-scrapers,6b44a1badc9bfbf5cf176f75265cc5729e520e99,smartrecruiters,Vattenfall,Vattenfall,https://careers.smartrecruiters.com/Vattenfall,HIGH_CONFIDENCE,SLUG_PLUS_NAME,board slug/host token equals domain company token + compatible names,false,,LEGACY_SUPPORTED,SINGLE_SOURCE_CANDIDATE
EMP-07309,Swiss Re,swissre.com,Multi-region | Switzerland,ats-scrapers,6b44a1badc9bfbf5cf176f75265cc5729e520e99,successfactors,Swiss Re,careers,https://careers.swissre.com,HIGH_CONFIDENCE,URL_EXACT,internal resolved portal URL equals external board URL,false,,LEGACY_SUPPORTED,SINGLE_SOURCE_CANDIDATE
EMP-07310,Centrica,centrica.com,Multi-region | UK,ats-scrapers,6b44a1badc9bfbf5cf176f75265cc5729e520e99,workday,Centrica,centrica/centrica,https://centrica.wd3.myworkdayjobs.com/centrica,HIGH_CONFIDENCE,SLUG_PLUS_NAME,board slug/host token equals domain company token + compatible names,false,,LEGACY_SUPPORTED,SINGLE_SOURCE_CANDIDATE
EMP-07311,E.ON,eon.com,Multi-region | UK,ats-scrapers,6b44a1badc9bfbf5cf176f75265cc5729e520e99,bamboohr,eon,eon,https://eon.bamboohr.com/careers,HIGH_CONFIDENCE,SLUG_PLUS_NAME,board slug/host token equals domain company token + compatible names,false,,UNSUPPORTED,SINGLE_SOURCE_CANDIDATE
EMP-07314,Siemens Energy,siemens.com,Multi-region | UK,ats-scrapers,6b44a1badc9bfbf5cf176f75265cc5729e520e99,teamtailor,Siemens,siemens,https://siemens.teamtailor.com,HIGH_CONFIDENCE,SLUG_PLUS_NAME,board slug/host token equals domain company token + compatible names,false,,UNSUPPORTED,SINGLE_SOURCE_CANDIDATE
EMP-07316,Roche,roche.com,Multi-region | UK,ats-scrapers,6b44a1badc9bfbf5cf176f75265cc5729e520e99,workday,Roche,roche/roche-ext,https://roche.wd3.myworkdayjobs.com/roche-ext,HIGH_CONFIDENCE,SLUG_PLUS_NAME,board slug/host token equals domain company token + compatible names,false,,LEGACY_SUPPORTED,MULTI_SOURCE_CANDIDATE
EMP-07316,Roche,roche.com,Multi-region | UK,ats-scrapers,6b44a1badc9bfbf5cf176f75265cc5729e520e99,workday,Roche,roche/rog-a2o-gene,https://roche.wd3.myworkdayjobs.com/rog-a2o-gene,HIGH_CONFIDENCE,SLUG_PLUS_NAME,board slug/host token equals domain company token + compatible names,false,,LEGACY_SUPPORTED,MULTI_SOURCE_CANDIDATE
EMP-07317,Aviva,aviva.com,Multi-region | UK,ats-scrapers,6b44a1badc9bfbf5cf176f75265cc5729e520e99,gupy,Aviva Desenvolvimento Infantil,aviva,https://aviva.gupy.io,HIGH_CONFIDENCE,SLUG_PLUS_NAME,board slug/host token equals domain company token + compatible names,false,,UNSUPPORTED,MULTI_SOURCE_CANDIDATE
EMP-07317,Aviva,aviva.com,Multi-region | UK,ats-scrapers,6b44a1badc9bfbf5cf176f75265cc5729e520e99,workday,Aviva Investors (External),aviva/External,https://aviva.wd1.myworkdayjobs.com/External,HIGH_CONFIDENCE,SLUG_PLUS_NAME,board slug/host token equals domain company token + compatible names,false,,LEGACY_SUPPORTED,MULTI_SOURCE_CANDIDATE
EMP-07317,Aviva,aviva.com,Multi-region | UK,ats-scrapers,6b44a1badc9bfbf5cf176f75265cc5729e520e99,workday,Aviva Investors,aviva/aviva_investors_external,https://aviva.wd1.myworkdayjobs.com/aviva_investors_external,HIGH_CONFIDENCE,SLUG_PLUS_NAME,board slug/host token equals domain company token + compatible names,false,,LEGACY_SUPPORTED,MULTI_SOURCE_CANDIDATE
EMP-07319,Starling Bank,starlingbank.com,Multi-region | UK,ats-scrapers,6b44a1badc9bfbf5cf176f75265cc5729e520e99,workable,Starling,starling-bank,https://apply.workable.com/starling-bank,HIGH_CONFIDENCE,SLUG_PLUS_NAME,board slug/host token equals domain company token + compatible names,false,,UNSUPPORTED,SINGLE_SOURCE_CANDIDATE
EMP-07321,Datadog,datadoghq.com,Multi-region | USA,ats-scrapers,6b44a1badc9bfbf5cf176f75265cc5729e520e99,greenhouse,Datadog,datadog,https://job-boards.greenhouse.io/datadog,CANDIDATE,NAME_EXACT,"exact normalized name match, no domain evidence; inspect",false,,LEGACY_SUPPORTED,SINGLE_SOURCE_CANDIDATE
EMP-07322,Netflix,jobs.netflix.com,Multi-region | USA,ats-scrapers,6b44a1badc9bfbf5cf176f75265cc5729e520e99,eightfold,Netflix,netflix,https://explore.jobs.netflix.net/careers,HIGH_CONFIDENCE,URL_EXACT,internal resolved portal URL equals external board URL,false,,DECLARATIVE_SUPPORTED,MULTI_SOURCE_CANDIDATE
EMP-07322,Netflix,jobs.netflix.com,Multi-region | USA,ats-scrapers,6b44a1badc9bfbf5cf176f75265cc5729e520e99,smartrecruiters,Netflix,netflix,https://careers.smartrecruiters.com/netflix,HIGH_CONFIDENCE,SLUG_PLUS_NAME,board slug/host token equals domain company token + compatible names,false,,LEGACY_SUPPORTED,MULTI_SOURCE_CANDIDATE
EMP-07322,Netflix,jobs.netflix.com,Multi-region | USA,ats-scrapers,6b44a1badc9bfbf5cf176f75265cc5729e520e99,teamtailor,Netflix,netflix,https://netflix.teamtailor.com,HIGH_CONFIDENCE,SLUG_PLUS_NAME,board slug/host token equals domain company token + compatible names,false,,UNSUPPORTED,MULTI_SOURCE_CANDIDATE
EMP-07323,Oracle,oracle.com,Multi-region | USA,ats-scrapers,6b44a1badc9bfbf5cf176f75265cc5729e520e99,smartrecruiters,Oracle,oracle,https://careers.smartrecruiters.com/oracle,HIGH_CONFIDENCE,SLUG_PLUS_NAME,board slug/host token equals domain company token + compatible names,false,,LEGACY_SUPPORTED,SINGLE_SOURCE_CANDIDATE
EMP-07324,Okta,okta.com,Multi-region | USA,ats-scrapers,6b44a1badc9bfbf5cf176f75265cc5729e520e99,greenhouse,okta,okta,https://job-boards.greenhouse.io/okta,HIGH_CONFIDENCE,SLUG_PLUS_NAME,board slug/host token equals domain company token + compatible names,false,,LEGACY_SUPPORTED,SINGLE_SOURCE_CANDIDATE
EMP-07325,Booz Allen Hamilton,boozallen.com,Multi-region | USA,ats-scrapers,6b44a1badc9bfbf5cf176f75265cc5729e520e99,avature,Booz Allen Hamilton,boozallen,https://boozallen.avature.net/careers/SearchJobs,HIGH_CONFIDENCE,SLUG_PLUS_NAME,board slug/host token equals domain company token + compatible names,false,,LEGACY_SUPPORTED,SINGLE_SOURCE_CANDIDATE
EMP-07327,Digital Realty,digitalrealty.com,Multi-region | USA,ats-scrapers,6b44a1badc9bfbf5cf176f75265cc5729e520e99,oracle,Hdep,hdep/cx,https://hdep.fa.us2.oraclecloud.com/hcmUI/CandidateExperience/en/sites/CX,HIGH_CONFIDENCE,URL_EXACT,internal resolved portal URL equals external board URL,false,,LEGACY_SUPPORTED,SINGLE_SOURCE_CANDIDATE
EMP-07328,Equinix,equinix.com,Multi-region | USA,ats-scrapers,6b44a1badc9bfbf5cf176f75265cc5729e520e99,workday,Equinix,equinix/external,https://equinix.wd1.myworkdayjobs.com/external,HIGH_CONFIDENCE,SLUG_PLUS_NAME,board slug/host token equals domain company token + compatible names,false,,LEGACY_SUPPORTED,SINGLE_SOURCE_CANDIDATE
EMP-07329,Boston Scientific,bostonscientific.com,Multi-region | USA,ats-scrapers,6b44a1badc9bfbf5cf176f75265cc5729e520e99,eightfold,Boston Scientific,bostonscientific,https://bostonscientific.eightfold.ai/careers,HIGH_CONFIDENCE,SLUG_PLUS_NAME,board slug/host token equals domain company token + compatible names,false,,DECLARATIVE_SUPPORTED,MULTI_SOURCE_CANDIDATE
EMP-07329,Boston Scientific,bostonscientific.com,Multi-region | USA,ats-scrapers,6b44a1badc9bfbf5cf176f75265cc5729e520e99,successfactors,Boston Scientific,jobs,https://jobs.bostonscientific.com,HIGH_CONFIDENCE,URL_EXACT,internal resolved portal URL equals external board URL,false,,LEGACY_SUPPORTED,MULTI_SOURCE_CANDIDATE
EMP-07330,Danaher,danaher.com,Multi-region | USA,ats-scrapers,6b44a1badc9bfbf5cf176f75265cc5729e520e99,phenom,Danaher,,https://jobs.danaher.com,CANDIDATE,NAME_EXACT,"exact normalized name match, no domain evidence; inspect",false,,LEGACY_SUPPORTED,MULTI_SOURCE_CANDIDATE
EMP-07330,Danaher,danaher.com,Multi-region | USA,ats-scrapers,6b44a1badc9bfbf5cf176f75265cc5729e520e99,workday,Danaher,danaher/danaherjobs,https://danaher.wd1.myworkdayjobs.com/danaherjobs,HIGH_CONFIDENCE,SLUG_PLUS_NAME,board slug/host token equals domain company token + compatible names,false,,LEGACY_SUPPORTED,MULTI_SOURCE_CANDIDATE
EMP-07331,Medtronic,medtronic.com,Multi-region | USA,ats-scrapers,6b44a1badc9bfbf5cf176f75265cc5729e520e99,workday,Medtronic,medtronic/medtroniccareers,https://medtronic.wd1.myworkdayjobs.com/medtroniccareers,HIGH_CONFIDENCE,SLUG_PLUS_NAME,board slug/host token equals domain company token + compatible names,false,,LEGACY_SUPPORTED,MULTI_SOURCE_CANDIDATE
EMP-07331,Medtronic,medtronic.com,Multi-region | USA,ats-scrapers,6b44a1badc9bfbf5cf176f75265cc5729e520e99,workday,Medtronic (Redeploymentmedtroniccareers),medtronic/redeploymentmedtroniccareers,https://medtronic.wd1.myworkdayjobs.com/redeploymentmedtroniccareers,HIGH_CONFIDENCE,SLUG_PLUS_NAME,board slug/host token equals domain company token + compatible names,false,,LEGACY_SUPPORTED,MULTI_SOURCE_CANDIDATE
EMP-07332,Stryker,stryker.com,Multi-region | USA,ats-scrapers,6b44a1badc9bfbf5cf176f75265cc5729e520e99,workday,Stryker,stryker/strykercareers,https://stryker.wd1.myworkdayjobs.com/strykercareers,HIGH_CONFIDENCE,SLUG_PLUS_NAME,board slug/host token equals domain company token + compatible names,false,,LEGACY_SUPPORTED,SINGLE_SOURCE_CANDIDATE
EMP-07333,Parker Hannifin,parker.com,Multi-region | USA,ats-scrapers,6b44a1badc9bfbf5cf176f75265cc5729e520e99,ashby,Parker Group Inc,parker,https://jobs.ashbyhq.com/parker,CANDIDATE,SLUG,board slug/host token equals domain company token but names differ; inspect,false,,LEGACY_SUPPORTED,MULTI_SOURCE_CANDIDATE
EMP-07333,Parker Hannifin,parker.com,Multi-region | USA,ats-scrapers,6b44a1badc9bfbf5cf176f75265cc5729e520e99,icims,Parker,parker,https://careers-parker.icims.com,HIGH_CONFIDENCE,SLUG_PLUS_NAME,board slug/host token equals domain company token + compatible names,false,,UNSUPPORTED,MULTI_SOURCE_CANDIDATE
EMP-07333,Parker Hannifin,parker.com,Multi-region | USA,ats-scrapers,6b44a1badc9bfbf5cf176f75265cc5729e520e99,smartrecruiters,parker,parker,https://careers.smartrecruiters.com/parker,HIGH_CONFIDENCE,SLUG_PLUS_NAME,board slug/host token equals domain company token + compatible names,false,,LEGACY_SUPPORTED,MULTI_SOURCE_CANDIDATE
EMP-07336,MetLife,metlife.com,Multi-region | USA,ats-scrapers,6b44a1badc9bfbf5cf176f75265cc5729e520e99,lever,MetLife,metlife,https://jobs.lever.co/metlife,HIGH_CONFIDENCE,SLUG_PLUS_NAME,board slug/host token equals domain company token + compatible names,false,,LEGACY_SUPPORTED,SINGLE_SOURCE_CANDIDATE
EMP-07338,Warner Bros. Discovery,wbd.com,Multi-region | USA,ats-scrapers,6b44a1badc9bfbf5cf176f75265cc5729e520e99,phenom,Warner Bros Discovery,,https://careers.wbd.com,CANDIDATE,NAME_EXACT,"exact normalized name match, no domain evidence; inspect",false,,LEGACY_SUPPORTED,MULTI_SOURCE_CANDIDATE
EMP-07338,Warner Bros. Discovery,wbd.com,Multi-region | USA,ats-scrapers,6b44a1badc9bfbf5cf176f75265cc5729e520e99,workday,Warner Bros. Discovery,warnerbros/global,https://warnerbros.wd5.myworkdayjobs.com/global,CANDIDATE,NAME_EXACT,"exact normalized name match, no domain evidence; inspect",false,,LEGACY_SUPPORTED,MULTI_SOURCE_CANDIDATE
EMP-07339,Fiserv,fiserv.com,Multi-region | USA,ats-scrapers,6b44a1badc9bfbf5cf176f75265cc5729e520e99,phenom,Fiserv,,https://careers.fiserv.com,CANDIDATE,NAME_EXACT,"exact normalized name match, no domain evidence; inspect",false,,LEGACY_SUPPORTED,MULTI_SOURCE_CANDIDATE
EMP-07339,Fiserv,fiserv.com,Multi-region | USA,ats-scrapers,6b44a1badc9bfbf5cf176f75265cc5729e520e99,workday,There's a reason why Fiserv,fiserv/ext,https://fiserv.wd5.myworkdayjobs.com/ext,HIGH_CONFIDENCE,SLUG_PLUS_NAME,board slug/host token equals domain company token + compatible names,false,,LEGACY_SUPPORTED,MULTI_SOURCE_CANDIDATE
EMP-07341,Intercontinental Exchange,ice.com,Multi-region | USA,ats-scrapers,6b44a1badc9bfbf5cf176f75265cc5729e520e99,icims,"Intercontinental Exchange, Inc.",ice,https://careers-ice.icims.com,HIGH_CONFIDENCE,SLUG_PLUS_NAME,board slug/host token equals domain company token + compatible names,false,,UNSUPPORTED,SINGLE_SOURCE_CANDIDATE
EMP-07342,Nasdaq,nasdaq.com,Multi-region | USA,ats-scrapers,6b44a1badc9bfbf5cf176f75265cc5729e520e99,workday,Nasdaq,nasdaq/global_external_site,https://nasdaq.wd1.myworkdayjobs.com/global_external_site,HIGH_CONFIDENCE,SLUG_PLUS_NAME,board slug/host token equals domain company token + compatible names,false,,LEGACY_SUPPORTED,MULTI_SOURCE_CANDIDATE
EMP-07342,Nasdaq,nasdaq.com,Multi-region | USA,ats-scrapers,6b44a1badc9bfbf5cf176f75265cc5729e520e99,workday,Nasdaq,nasdaq/us_external_career_site,https://nasdaq.wd1.myworkdayjobs.com/us_external_career_site,HIGH_CONFIDENCE,SLUG_PLUS_NAME,board slug/host token equals domain company token + compatible names,false,,LEGACY_SUPPORTED,MULTI_SOURCE_CANDIDATE
EMP-07343,Visa,corporate.visa.com,Multi-region | USA,ats-scrapers,6b44a1badc9bfbf5cf176f75265cc5729e520e99,smartrecruiters,Visa,visa,https://careers.smartrecruiters.com/visa,HIGH_CONFIDENCE,SLUG_PLUS_NAME,board slug/host token equals domain company token + compatible names,false,,LEGACY_SUPPORTED,MULTI_SOURCE_CANDIDATE
EMP-07343,Visa,corporate.visa.com,Multi-region | USA,ats-scrapers,6b44a1badc9bfbf5cf176f75265cc5729e520e99,workday,Visa,visa/visa,https://visa.wd5.myworkdayjobs.com/visa,HIGH_CONFIDENCE,SLUG_PLUS_NAME,board slug/host token equals domain company token + compatible names,false,,LEGACY_SUPPORTED,MULTI_SOURCE_CANDIDATE
EMP-07344,Costco,costco.com,Multi-region | USA,ats-scrapers,6b44a1badc9bfbf5cf176f75265cc5729e520e99,icims,costco,costco,https://careers-costco.icims.com,HIGH_CONFIDENCE,SLUG_PLUS_NAME,board slug/host token equals domain company token + compatible names,false,,UNSUPPORTED,MULTI_SOURCE_CANDIDATE
EMP-07344,Costco,costco.com,Multi-region | USA,ats-scrapers,6b44a1badc9bfbf5cf176f75265cc5729e520e99,taleo,Costco,https://phf.tbe.taleo.net/phf02/ats/careers/v2/searchResults?org=COSTCO&cws=41,https://phf.tbe.taleo.net/phf02/ats/careers/v2/searchResults?org=COSTCO&cws=41,CANDIDATE,NAME_EXACT,"exact normalized name match, no domain evidence; inspect",false,,UNSUPPORTED,MULTI_SOURCE_CANDIDATE
EMP-07345,Target,corporate.target.com,Multi-region | USA,ats-scrapers,6b44a1badc9bfbf5cf176f75265cc5729e520e99,workable,Target,target-group,https://apply.workable.com/target-group,CANDIDATE,NAME_EXACT,"exact normalized name match, no domain evidence; inspect",false,,UNSUPPORTED,MULTI_SOURCE_CANDIDATE
EMP-07345,Target,corporate.target.com,Multi-region | USA,ats-scrapers,6b44a1badc9bfbf5cf176f75265cc5729e520e99,workday,Target,target/targetcareers,https://target.wd5.myworkdayjobs.com/targetcareers,HIGH_CONFIDENCE,SLUG_PLUS_NAME,board slug/host token equals domain company token + compatible names,false,,LEGACY_SUPPORTED,MULTI_SOURCE_CANDIDATE
EMP-07346,Walmart,corporate.walmart.com,Multi-region | USA,ats-scrapers,6b44a1badc9bfbf5cf176f75265cc5729e520e99,bamboohr,walmart,walmart,https://walmart.bamboohr.com/careers,HIGH_CONFIDENCE,SLUG_PLUS_NAME,board slug/host token equals domain company token + compatible names,false,,UNSUPPORTED,MULTI_SOURCE_CANDIDATE
EMP-07346,Walmart,corporate.walmart.com,Multi-region | USA,ats-scrapers,6b44a1badc9bfbf5cf176f75265cc5729e520e99,smartrecruiters,Walmart,Walmart30,https://careers.smartrecruiters.com/Walmart30,CANDIDATE,NAME_EXACT,"exact normalized name match, no domain evidence; inspect",false,,LEGACY_SUPPORTED,MULTI_SOURCE_CANDIDATE
EMP-07346,Walmart,corporate.walmart.com,Multi-region | USA,ats-scrapers,6b44a1badc9bfbf5cf176f75265cc5729e520e99,workday,Non Workdayinternal,walmart/non-workdayinternal,https://walmart.wd5.myworkdayjobs.com/non-workdayinternal,CANDIDATE,SLUG,board slug/host token equals domain company token but names differ; inspect,false,,LEGACY_SUPPORTED,MULTI_SOURCE_CANDIDATE
EMP-07346,Walmart,corporate.walmart.com,Multi-region | USA,ats-scrapers,6b44a1badc9bfbf5cf176f75265cc5729e520e99,workday,Walmart,walmart/walmartexternal,https://walmart.wd5.myworkdayjobs.com/walmartexternal,HIGH_CONFIDENCE,SLUG_PLUS_NAME,board slug/host token equals domain company token + compatible names,false,,LEGACY_SUPPORTED,MULTI_SOURCE_CANDIDATE
EMP-07347,Boeing,boeing.com,Multi-region | USA | Canada,ats-scrapers,6b44a1badc9bfbf5cf176f75265cc5729e520e99,workday,Boeing (INTERN),boeing/INTERN,https://boeing.wd1.myworkdayjobs.com/INTERN,HIGH_CONFIDENCE,SLUG_PLUS_NAME,board slug/host token equals domain company token + compatible names,false,,LEGACY_SUPPORTED,MULTI_SOURCE_CANDIDATE
EMP-07347,Boeing,boeing.com,Multi-region | USA | Canada,ats-scrapers,6b44a1badc9bfbf5cf176f75265cc5729e520e99,workday,Boeing (PRIDE),boeing/PRIDE,https://boeing.wd1.myworkdayjobs.com/PRIDE,HIGH_CONFIDENCE,SLUG_PLUS_NAME,board slug/host token equals domain company token + compatible names,false,,LEGACY_SUPPORTED,MULTI_SOURCE_CANDIDATE
EMP-07347,Boeing,boeing.com,Multi-region | USA | Canada,ats-scrapers,6b44a1badc9bfbf5cf176f75265cc5729e520e99,workday,Boeing (TAP2),boeing/TAP2,https://boeing.wd1.myworkdayjobs.com/TAP2,HIGH_CONFIDENCE,SLUG_PLUS_NAME,board slug/host token equals domain company token + compatible names,false,,LEGACY_SUPPORTED,MULTI_SOURCE_CANDIDATE
EMP-07347,Boeing,boeing.com,Multi-region | USA | Canada,ats-scrapers,6b44a1badc9bfbf5cf176f75265cc5729e520e99,workday,Da,boeing/da,https://boeing.wd1.myworkdayjobs.com/da,CANDIDATE,SLUG,board slug/host token equals domain company token but names differ; inspect,false,,LEGACY_SUPPORTED,MULTI_SOURCE_CANDIDATE
EMP-07347,Boeing,boeing.com,Multi-region | USA | Canada,ats-scrapers,6b44a1badc9bfbf5cf176f75265cc5729e520e99,workday,Boeing,boeing/external_careers,https://boeing.wd1.myworkdayjobs.com/external_careers,HIGH_CONFIDENCE,SLUG_PLUS_NAME,board slug/host token equals domain company token + compatible names,false,,LEGACY_SUPPORTED,MULTI_SOURCE_CANDIDATE
EMP-07347,Boeing,boeing.com,Multi-region | USA | Canada,ats-scrapers,6b44a1badc9bfbf5cf176f75265cc5729e520e99,workday,Boeing,boeing/external_subsidiary,https://boeing.wd1.myworkdayjobs.com/external_subsidiary,HIGH_CONFIDENCE,SLUG_PLUS_NAME,board slug/host token equals domain company token + compatible names,false,,LEGACY_SUPPORTED,MULTI_SOURCE_CANDIDATE
EMP-07347,Boeing,boeing.com,Multi-region | USA | Canada,ats-scrapers,6b44a1badc9bfbf5cf176f75265cc5729e520e99,workday,Boeing,boeing/tap3,https://boeing.wd1.myworkdayjobs.com/tap3,HIGH_CONFIDENCE,SLUG_PLUS_NAME,board slug/host token equals domain company token + compatible names,false,,LEGACY_SUPPORTED,MULTI_SOURCE_CANDIDATE
EMP-07348,FedEx,fedex.com,Multi-region | USA | Portugal,ats-scrapers,6b44a1badc9bfbf5cf176f75265cc5729e520e99,workday,Fedex (FTN APAC External),fedex/FTN_APAC_External,https://fedex.wd1.myworkdayjobs.com/FTN_APAC_External,HIGH_CONFIDENCE,SLUG_PLUS_NAME,board slug/host token equals domain company token + compatible names,false,,LEGACY_SUPPORTED,MULTI_SOURCE_CANDIDATE
EMP-07348,FedEx,fedex.com,Multi-region | USA | Portugal,ats-scrapers,6b44a1badc9bfbf5cf176f75265cc5729e520e99,workday,Fedex (FTN EMEIA External),fedex/FTN_EMEIA_External,https://fedex.wd1.myworkdayjobs.com/FTN_EMEIA_External,HIGH_CONFIDENCE,SLUG_PLUS_NAME,board slug/host token equals domain company token + compatible names,false,,LEGACY_SUPPORTED,MULTI_SOURCE_CANDIDATE
EMP-07348,FedEx,fedex.com,Multi-region | USA | Portugal,ats-scrapers,6b44a1badc9bfbf5cf176f75265cc5729e520e99,workday,Fedex (FXE Canada External Career Site),fedex/FXE-Canada_External_Career_Site,https://fedex.wd1.myworkdayjobs.com/FXE-Canada_External_Career_Site,HIGH_CONFIDENCE,SLUG_PLUS_NAME,board slug/host token equals domain company token + compatible names,false,,LEGACY_SUPPORTED,MULTI_SOURCE_CANDIDATE
EMP-07348,FedEx,fedex.com,Multi-region | USA | Portugal,ats-scrapers,6b44a1badc9bfbf5cf176f75265cc5729e520e99,workday,Fedex (FXE EU External),fedex/FXE-EU_External,https://fedex.wd1.myworkdayjobs.com/FXE-EU_External,HIGH_CONFIDENCE,SLUG_PLUS_NAME,board slug/host token equals domain company token + compatible names,false,,LEGACY_SUPPORTED,MULTI_SOURCE_CANDIDATE
EMP-07348,FedEx,fedex.com,Multi-region | USA | Portugal,ats-scrapers,6b44a1badc9bfbf5cf176f75265cc5729e520e99,workday,Fedex,fedex/fxe-lac_external_career_site,https://fedex.wd1.myworkdayjobs.com/fxe-lac_external_career_site,HIGH_CONFIDENCE,SLUG_PLUS_NAME,board slug/host token equals domain company token + compatible names,false,,LEGACY_SUPPORTED,MULTI_SOURCE_CANDIDATE
EMP-07348,FedEx,fedex.com,Multi-region | USA | Portugal,ats-scrapers,6b44a1badc9bfbf5cf176f75265cc5729e520e99,workday,FedEx Express,fedex/fxe-meisa-external,https://fedex.wd1.myworkdayjobs.com/fxe-meisa-external,HIGH_CONFIDENCE,SLUG_PLUS_NAME,board slug/host token equals domain company token + compatible names,false,,LEGACY_SUPPORTED,MULTI_SOURCE_CANDIDATE
EMP-07348,FedEx,fedex.com,Multi-region | USA | Portugal,ats-scrapers,6b44a1badc9bfbf5cf176f75265cc5729e520e99,workday,Fedex,fedex/fxe_apac_external,https://fedex.wd1.myworkdayjobs.com/fxe_apac_external,HIGH_CONFIDENCE,SLUG_PLUS_NAME,board slug/host token equals domain company token + compatible names,false,,LEGACY_SUPPORTED,MULTI_SOURCE_CANDIDATE
EMP-07349,Rockwell Automation,rockwellautomation.com,Multi-region | USA | Singapore,ats-scrapers,6b44a1badc9bfbf5cf176f75265cc5729e520e99,workday,Rockwellautomation (External Rockwell Automation Early Careers),rockwellautomation/External-Rockwell-Automation-Early-Careers,https://rockwellautomation.wd1.myworkdayjobs.com/External-Rockwell-Automation-Early-Careers,HIGH_CONFIDENCE,SLUG_PLUS_NAME,board slug/host token equals domain company token + compatible names,false,,LEGACY_SUPPORTED,MULTI_SOURCE_CANDIDATE
EMP-07349,Rockwell Automation,rockwellautomation.com,Multi-region | USA | Singapore,ats-scrapers,6b44a1badc9bfbf5cf176f75265cc5729e520e99,workday,Rockwellautomation,rockwellautomation/external_rockwell_automation,https://rockwellautomation.wd1.myworkdayjobs.com/external_rockwell_automation,HIGH_CONFIDENCE,SLUG_PLUS_NAME,board slug/host token equals domain company token + compatible names,false,,LEGACY_SUPPORTED,MULTI_SOURCE_CANDIDATE
EMP-07350,Chubb,chubb.com,Multi-region | USA | Switzerland,ats-scrapers,6b44a1badc9bfbf5cf176f75265cc5729e520e99,hrmos,Chubb損害保険株式会社,chubb,https://hrmos.co/pages/chubb/jobs,HIGH_CONFIDENCE,SLUG_PLUS_NAME,board slug/host token equals domain company token + compatible names,false,,UNSUPPORTED,SINGLE_SOURCE_CANDIDATE
EMP-07351,Tesla,tesla.com,Multi-region | USA | UK,ats-scrapers,6b44a1badc9bfbf5cf176f75265cc5729e520e99,moka,Tesla China Campus,tesla/41460/campus,https://app.mokahr.com/campus-recruitment/tesla/41460,HIGH_CONFIDENCE,SLUG_PLUS_NAME,board slug/host token equals domain company token + compatible names,false,,UNSUPPORTED,MULTI_SOURCE_CANDIDATE
EMP-07351,Tesla,tesla.com,Multi-region | USA | UK,ats-scrapers,6b44a1badc9bfbf5cf176f75265cc5729e520e99,moka,Tesla China,tesla/46129,https://app.mokahr.com/social-recruitment/tesla/46129,HIGH_CONFIDENCE,SLUG_PLUS_NAME,board slug/host token equals domain company token + compatible names,false,,UNSUPPORTED,MULTI_SOURCE_CANDIDATE
EMP-07352,GE Vernova,gevernova.com,Multi-region | USA | UK,ats-scrapers,6b44a1badc9bfbf5cf176f75265cc5729e520e99,workday,Gevernova (Only Confidential Executive Recruiting),gevernova/only_confidential_executive_recruiting,https://gevernova.wd5.myworkdayjobs.com/only_confidential_executive_recruiting,HIGH_CONFIDENCE,SLUG_PLUS_NAME,board slug/host token equals domain company token + compatible names,false,,LEGACY_SUPPORTED,MULTI_SOURCE_CANDIDATE
EMP-07352,GE Vernova,gevernova.com,Multi-region | USA | UK,ats-scrapers,6b44a1badc9bfbf5cf176f75265cc5729e520e99,workday,Gevernova,gevernova/vernova_externalsite,https://gevernova.wd5.myworkdayjobs.com/vernova_externalsite,HIGH_CONFIDENCE,SLUG_PLUS_NAME,board slug/host token equals domain company token + compatible names,false,,LEGACY_SUPPORTED,MULTI_SOURCE_CANDIDATE
EMP-07353,CME Group,cmegroup.com,Multi-region | USA | UK,ats-scrapers,6b44a1badc9bfbf5cf176f75265cc5729e520e99,workday,Cmegroup,cmegroup/cme_careers,https://cmegroup.wd1.myworkdayjobs.com/cme_careers,HIGH_CONFIDENCE,SLUG_PLUS_NAME,board slug/host token equals domain company token + compatible names,false,,LEGACY_SUPPORTED,SINGLE_SOURCE_CANDIDATE
EMP-07354,PayPal,paypal.com,Multi-region | USA | UK,ats-scrapers,6b44a1badc9bfbf5cf176f75265cc5729e520e99,eightfold,PayPal,paypal,https://paypal.eightfold.ai/careers,HIGH_CONFIDENCE,SLUG_PLUS_NAME,board slug/host token equals domain company token + compatible names,false,,DECLARATIVE_SUPPORTED,MULTI_SOURCE_CANDIDATE
EMP-07354,PayPal,paypal.com,Multi-region | USA | UK,ats-scrapers,6b44a1badc9bfbf5cf176f75265cc5729e520e99,workday,PayPal,paypal/jobs,https://paypal.wd1.myworkdayjobs.com/jobs,HIGH_CONFIDENCE,URL_EXACT,internal resolved portal URL equals external board URL,false,,LEGACY_SUPPORTED,MULTI_SOURCE_CANDIDATE
EMP-07361,Bunq B.V.,,Netherlands,ats-scrapers,6b44a1badc9bfbf5cf176f75265cc5729e520e99,bamboohr,bunq,bunq,https://bunq.bamboohr.com/careers,CANDIDATE,NAME_EXACT,"exact normalized name match, no domain evidence; inspect",false,,UNSUPPORTED,MULTI_SOURCE_CANDIDATE
EMP-07361,Bunq B.V.,,Netherlands,ats-scrapers,6b44a1badc9bfbf5cf176f75265cc5729e520e99,recruitee,bunq,bunq,https://bunq.recruitee.com,CANDIDATE,NAME_EXACT,"exact normalized name match, no domain evidence; inspect",false,,UNSUPPORTED,MULTI_SOURCE_CANDIDATE
EMP-07364,"Deutsche Bank AG, Amsterdam Branch",db.com,Netherlands,ats-scrapers,6b44a1badc9bfbf5cf176f75265cc5729e520e99,workday,Db,db/dbwebsite,https://db.wd3.myworkdayjobs.com/dbwebsite,CANDIDATE,SLUG,board slug/host token equals domain company token but names differ; inspect,false,,LEGACY_SUPPORTED,MULTI_SOURCE_CANDIDATE
EMP-07364,"Deutsche Bank AG, Amsterdam Branch",db.com,Netherlands,ats-scrapers,6b44a1badc9bfbf5cf176f75265cc5729e520e99,workday,DWS,db/dwswebsite,https://db.wd3.myworkdayjobs.com/dwswebsite,CANDIDATE,SLUG,board slug/host token equals domain company token but names differ; inspect,false,,LEGACY_SUPPORTED,MULTI_SOURCE_CANDIDATE
EMP-07374,Atos Netherlands,atos.net,Netherlands,ats-scrapers,6b44a1badc9bfbf5cf176f75265cc5729e520e99,successfactors,Atos,jobs,https://jobs.atos.net,HIGH_CONFIDENCE,URL_EXACT,internal resolved portal URL equals external board URL,false,,LEGACY_SUPPORTED,SINGLE_SOURCE_CANDIDATE
EMP-07385,YellowTail Conclusion,,Netherlands,ats-scrapers,6b44a1badc9bfbf5cf176f75265cc5729e520e99,recruitee,Yellowtail Conclusion,yellowtail,https://yellowtail.recruitee.com,CANDIDATE,NAME_EXACT,"exact normalized name match, no domain evidence; inspect",false,,UNSUPPORTED,SINGLE_SOURCE_CANDIDATE
EMP-07402,Airbus Defence & Space Netherlands B.V.,airbus.com,Netherlands,ats-scrapers,6b44a1badc9bfbf5cf176f75265cc5729e520e99,bamboohr,airbus,airbus,https://airbus.bamboohr.com/careers,HIGH_CONFIDENCE,SLUG_PLUS_NAME,board slug/host token equals domain company token + compatible names,false,,UNSUPPORTED,SINGLE_SOURCE_CANDIDATE
EMP-07425,Boeing the Netherlands BV,boeing.com,Netherlands,ats-scrapers,6b44a1badc9bfbf5cf176f75265cc5729e520e99,workday,Boeing (INTERN),boeing/INTERN,https://boeing.wd1.myworkdayjobs.com/INTERN,CANDIDATE,SLUG,board slug/host token equals domain company token but names differ; inspect,false,,LEGACY_SUPPORTED,MULTI_SOURCE_CANDIDATE
EMP-07425,Boeing the Netherlands BV,boeing.com,Netherlands,ats-scrapers,6b44a1badc9bfbf5cf176f75265cc5729e520e99,workday,Boeing (PRIDE),boeing/PRIDE,https://boeing.wd1.myworkdayjobs.com/PRIDE,CANDIDATE,SLUG,board slug/host token equals domain company token but names differ; inspect,false,,LEGACY_SUPPORTED,MULTI_SOURCE_CANDIDATE
EMP-07425,Boeing the Netherlands BV,boeing.com,Netherlands,ats-scrapers,6b44a1badc9bfbf5cf176f75265cc5729e520e99,workday,Boeing (TAP2),boeing/TAP2,https://boeing.wd1.myworkdayjobs.com/TAP2,CANDIDATE,SLUG,board slug/host token equals domain company token but names differ; inspect,false,,LEGACY_SUPPORTED,MULTI_SOURCE_CANDIDATE
EMP-07425,Boeing the Netherlands BV,boeing.com,Netherlands,ats-scrapers,6b44a1badc9bfbf5cf176f75265cc5729e520e99,workday,Da,boeing/da,https://boeing.wd1.myworkdayjobs.com/da,CANDIDATE,SLUG,board slug/host token equals domain company token but names differ; inspect,false,,LEGACY_SUPPORTED,MULTI_SOURCE_CANDIDATE
EMP-07425,Boeing the Netherlands BV,boeing.com,Netherlands,ats-scrapers,6b44a1badc9bfbf5cf176f75265cc5729e520e99,workday,Boeing,boeing/external_careers,https://boeing.wd1.myworkdayjobs.com/external_careers,HIGH_CONFIDENCE,SLUG_PLUS_NAME,board slug/host token equals domain company token + compatible names,false,,LEGACY_SUPPORTED,MULTI_SOURCE_CANDIDATE
EMP-07425,Boeing the Netherlands BV,boeing.com,Netherlands,ats-scrapers,6b44a1badc9bfbf5cf176f75265cc5729e520e99,workday,Boeing,boeing/external_subsidiary,https://boeing.wd1.myworkdayjobs.com/external_subsidiary,HIGH_CONFIDENCE,SLUG_PLUS_NAME,board slug/host token equals domain company token + compatible names,false,,LEGACY_SUPPORTED,MULTI_SOURCE_CANDIDATE
EMP-07425,Boeing the Netherlands BV,boeing.com,Netherlands,ats-scrapers,6b44a1badc9bfbf5cf176f75265cc5729e520e99,workday,Boeing,boeing/tap3,https://boeing.wd1.myworkdayjobs.com/tap3,HIGH_CONFIDENCE,SLUG_PLUS_NAME,board slug/host token equals domain company token + compatible names,false,,LEGACY_SUPPORTED,MULTI_SOURCE_CANDIDATE
EMP-07437,Centric,,Netherlands,ats-scrapers,6b44a1badc9bfbf5cf176f75265cc5729e520e99,bamboohr,Centric,centric,https://centric.bamboohr.com/careers,CANDIDATE,NAME_EXACT,"exact normalized name match, no domain evidence; inspect",false,,UNSUPPORTED,MULTI_SOURCE_CANDIDATE
EMP-07437,Centric,,Netherlands,ats-scrapers,6b44a1badc9bfbf5cf176f75265cc5729e520e99,recruitee,Centric,centric,https://centric.recruitee.com,CANDIDATE,NAME_EXACT,"exact normalized name match, no domain evidence; inspect",false,,UNSUPPORTED,MULTI_SOURCE_CANDIDATE
EMP-07465,EY Nederland B.V.,ey.com,Netherlands,ats-scrapers,6b44a1badc9bfbf5cf176f75265cc5729e520e99,moka,EY (Ernst & Young),ey/47410,https://app.mokahr.com/social-recruitment/ey/47410,CANDIDATE,SLUG,board slug/host token equals domain company token but names differ; inspect,false,,UNSUPPORTED,MULTI_SOURCE_CANDIDATE
EMP-07465,EY Nederland B.V.,ey.com,Netherlands,ats-scrapers,6b44a1badc9bfbf5cf176f75265cc5729e520e99,successfactors,Careers at EY: search jobs,EYHRISPRD1,https://careers.ey.com,HIGH_CONFIDENCE,URL_EXACT,internal resolved portal URL equals external board URL,false,,LEGACY_SUPPORTED,MULTI_SOURCE_CANDIDATE
EMP-07489,ILIAS Solutions,,Netherlands,ats-scrapers,6b44a1badc9bfbf5cf176f75265cc5729e520e99,personio,Ilias Solutions,ilias-solutions,https://ilias-solutions.jobs.personio.com,CANDIDATE,NAME_EXACT,"exact normalized name match, no domain evidence; inspect",false,,UNSUPPORTED,SINGLE_SOURCE_CANDIDATE
EMP-07501,KPMG Advisory N.V.,kpmg.com,Netherlands,ats-scrapers,6b44a1badc9bfbf5cf176f75265cc5729e520e99,lever,KPMG LLP,kpmg,https://jobs.lever.co/kpmg,CANDIDATE,SLUG,board slug/host token equals domain company token but names differ; inspect,false,,LEGACY_SUPPORTED,MULTI_SOURCE_CANDIDATE
EMP-07501,KPMG Advisory N.V.,kpmg.com,Netherlands,ats-scrapers,6b44a1badc9bfbf5cf176f75265cc5729e520e99,moka,KPMG,kpmg/74216,https://app.mokahr.com/social-recruitment/kpmg/74216,HIGH_CONFIDENCE,SLUG_PLUS_NAME,board slug/host token equals domain company token + compatible names,false,,UNSUPPORTED,MULTI_SOURCE_CANDIDATE
EMP-07501,KPMG Advisory N.V.,kpmg.com,Netherlands,ats-scrapers,6b44a1badc9bfbf5cf176f75265cc5729e520e99,successfactors,Kpmg,KPMGHITPRD,https://careers.kpmg.it,HIGH_CONFIDENCE,URL_EXACT,internal resolved portal URL equals external board URL,false,,LEGACY_SUPPORTED,MULTI_SOURCE_CANDIDATE
EMP-07531,Nokia Solutions and Networks Nederland B.V.,nokia.com,Netherlands,ats-scrapers,6b44a1badc9bfbf5cf176f75265cc5729e520e99,smartrecruiters,nokia,nokia,https://careers.smartrecruiters.com/nokia,HIGH_CONFIDENCE,SLUG_PLUS_NAME,board slug/host token equals domain company token + compatible names,false,,LEGACY_SUPPORTED,SINGLE_SOURCE_CANDIDATE
EMP-07551,SKF B.V.,skf.com,Netherlands,ats-scrapers,6b44a1badc9bfbf5cf176f75265cc5729e520e99,successfactors,SKF,career,https://career.skf.com,HIGH_CONFIDENCE,URL_EXACT,internal resolved portal URL equals external board URL,false,,LEGACY_SUPPORTED,SINGLE_SOURCE_CANDIDATE
EMP-07557,Sopra Steria Nederland B.V.,soprasteria.com,Netherlands,ats-scrapers,6b44a1badc9bfbf5cf176f75265cc5729e520e99,bamboohr,soprasteria,soprasteria,https://soprasteria.bamboohr.com/careers,HIGH_CONFIDENCE,SLUG_PLUS_NAME,board slug/host token equals domain company token + compatible names,false,,UNSUPPORTED,SINGLE_SOURCE_CANDIDATE
EMP-07605,CISC,,Netherlands,ats-scrapers,6b44a1badc9bfbf5cf176f75265cc5729e520e99,personio,cisc,cisc,https://cisc.jobs.personio.com,CANDIDATE,NAME_EXACT,"exact normalized name match, no domain evidence; inspect",false,,UNSUPPORTED,SINGLE_SOURCE_CANDIDATE
EMP-07607,CNS,,Netherlands,ats-scrapers,6b44a1badc9bfbf5cf176f75265cc5729e520e99,bamboohr,cns,cns,https://cns.bamboohr.com/careers,CANDIDATE,NAME_EXACT,"exact normalized name match, no domain evidence; inspect",false,,UNSUPPORTED,SINGLE_SOURCE_CANDIDATE
EMP-07635,Jord,,Netherlands,ats-scrapers,6b44a1badc9bfbf5cf176f75265cc5729e520e99,bamboohr,jord,jord,https://jord.bamboohr.com/careers,CANDIDATE,NAME_EXACT,"exact normalized name match, no domain evidence; inspect",false,,UNSUPPORTED,SINGLE_SOURCE_CANDIDATE
EMP-07659,SVP,,Netherlands,ats-scrapers,6b44a1badc9bfbf5cf176f75265cc5729e520e99,teamtailor,SVP,svp,https://svp.teamtailor.com,CANDIDATE,NAME_EXACT,"exact normalized name match, no domain evidence; inspect",false,,UNSUPPORTED,SINGLE_SOURCE_CANDIDATE
EMP-07674,Deloitte Netherlands,deloitte.com,Netherlands,ats-scrapers,6b44a1badc9bfbf5cf176f75265cc5729e520e99,eightfold,Deloitte,deloitte,https://deloitte.eightfold.ai/careers,HIGH_CONFIDENCE,SLUG_PLUS_NAME,board slug/host token equals domain company token + compatible names,false,,DECLARATIVE_SUPPORTED,MULTI_SOURCE_CANDIDATE
EMP-07674,Deloitte Netherlands,deloitte.com,Netherlands,ats-scrapers,6b44a1badc9bfbf5cf176f75265cc5729e520e99,smartrecruiters,Deloitte Netherlands,deloittenetherlands,https://careers.smartrecruiters.com/deloittenetherlands,CANDIDATE,NAME_EXACT,"exact normalized name match, no domain evidence; inspect",false,,LEGACY_SUPPORTED,MULTI_SOURCE_CANDIDATE
EMP-07676,EY Netherlands,ey.com,Netherlands,ats-scrapers,6b44a1badc9bfbf5cf176f75265cc5729e520e99,moka,EY (Ernst & Young),ey/47410,https://app.mokahr.com/social-recruitment/ey/47410,CANDIDATE,SLUG,board slug/host token equals domain company token but names differ; inspect,false,,UNSUPPORTED,MULTI_SOURCE_CANDIDATE
EMP-07676,EY Netherlands,ey.com,Netherlands,ats-scrapers,6b44a1badc9bfbf5cf176f75265cc5729e520e99,successfactors,Careers at EY: search jobs,EYHRISPRD1,https://careers.ey.com,HIGH_CONFIDENCE,URL_EXACT,internal resolved portal URL equals external board URL,false,,LEGACY_SUPPORTED,MULTI_SOURCE_CANDIDATE
EMP-07677,Eye Security,,Netherlands,ats-scrapers,6b44a1badc9bfbf5cf176f75265cc5729e520e99,ashby,Eye Security,eye-security,https://jobs.ashbyhq.com/eye-security,CANDIDATE,NAME_EXACT,"exact normalized name match, no domain evidence; inspect",false,,LEGACY_SUPPORTED,SINGLE_SOURCE_CANDIDATE
EMP-07678,Fox-IT,,Netherlands,ats-scrapers,6b44a1badc9bfbf5cf176f75265cc5729e520e99,lever,Foxit,foxitsoftware,https://jobs.lever.co/foxitsoftware,CANDIDATE,NAME_EXACT,"exact normalized name match, no domain evidence; inspect",false,,LEGACY_SUPPORTED,SINGLE_SOURCE_CANDIDATE
EMP-07681,ING Netherlands,ing.com,Netherlands,ats-scrapers,6b44a1badc9bfbf5cf176f75265cc5729e520e99,workday,Ing,ing/icsausdir,https://ing.wd3.myworkdayjobs.com/icsausdir,CANDIDATE,SLUG,board slug/host token equals domain company token but names differ; inspect,false,,LEGACY_SUPPORTED,MULTI_SOURCE_CANDIDATE
EMP-07681,ING Netherlands,ing.com,Netherlands,ats-scrapers,6b44a1badc9bfbf5cf176f75265cc5729e520e99,workday,ING,ing/icsgblcor,https://ing.wd3.myworkdayjobs.com/icsgblcor,CANDIDATE,SLUG,board slug/host token equals domain company token but names differ; inspect,false,,LEGACY_SUPPORTED,MULTI_SOURCE_CANDIDATE
EMP-07681,ING Netherlands,ing.com,Netherlands,ats-scrapers,6b44a1badc9bfbf5cf176f75265cc5729e520e99,workday,Ing,ing/icsnldgen,https://ing.wd3.myworkdayjobs.com/icsnldgen,CANDIDATE,SLUG,board slug/host token equals domain company token but names differ; inspect,false,,LEGACY_SUPPORTED,MULTI_SOURCE_CANDIDATE
EMP-07681,ING Netherlands,ing.com,Netherlands,ats-scrapers,6b44a1badc9bfbf5cf176f75265cc5729e520e99,workday,Ing (Jvsgblcor),ing/jvsgblcor,https://ing.wd3.myworkdayjobs.com/jvsgblcor,CANDIDATE,SLUG,board slug/host token equals domain company token but names differ; inspect,false,,LEGACY_SUPPORTED,MULTI_SOURCE_CANDIDATE
EMP-07682,KPMG Netherlands,kpmg.com,Netherlands,ats-scrapers,6b44a1badc9bfbf5cf176f75265cc5729e520e99,lever,KPMG LLP,kpmg,https://jobs.lever.co/kpmg,CANDIDATE,SLUG,board slug/host token equals domain company token but names differ; inspect,false,,LEGACY_SUPPORTED,MULTI_SOURCE_CANDIDATE
EMP-07682,KPMG Netherlands,kpmg.com,Netherlands,ats-scrapers,6b44a1badc9bfbf5cf176f75265cc5729e520e99,moka,KPMG,kpmg/74216,https://app.mokahr.com/social-recruitment/kpmg/74216,HIGH_CONFIDENCE,SLUG_PLUS_NAME,board slug/host token equals domain company token + compatible names,false,,UNSUPPORTED,MULTI_SOURCE_CANDIDATE
EMP-07682,KPMG Netherlands,kpmg.com,Netherlands,ats-scrapers,6b44a1badc9bfbf5cf176f75265cc5729e520e99,successfactors,Kpmg,KPMGHITPRD,https://careers.kpmg.it,HIGH_CONFIDENCE,URL_EXACT,internal resolved portal URL equals external board URL,false,,LEGACY_SUPPORTED,MULTI_SOURCE_CANDIDATE
EMP-07685,MessageBird,,Netherlands,ats-scrapers,6b44a1badc9bfbf5cf176f75265cc5729e520e99,bamboohr,messagebird,messagebird,https://messagebird.bamboohr.com/careers,CANDIDATE,NAME_EXACT,"exact normalized name match, no domain evidence; inspect",false,,UNSUPPORTED,SINGLE_SOURCE_CANDIDATE
EMP-07686,Mollie,,Netherlands,ats-scrapers,6b44a1badc9bfbf5cf176f75265cc5729e520e99,ashby,Mollie,mollie,https://jobs.ashbyhq.com/mollie,CANDIDATE,NAME_EXACT,"exact normalized name match, no domain evidence; inspect",false,,LEGACY_SUPPORTED,SINGLE_SOURCE_CANDIDATE
EMP-07692,PwC Netherlands,pwc.com,Netherlands,ats-scrapers,6b44a1badc9bfbf5cf176f75265cc5729e520e99,darwinbox,PwC Asia,pwc.com,https://pwc.darwinbox.com/ms/candidate/careers,CANDIDATE,SLUG,board slug/host token equals domain company token but names differ; inspect,false,,UNSUPPORTED,MULTI_SOURCE_CANDIDATE
EMP-07692,PwC Netherlands,pwc.com,Netherlands,ats-scrapers,6b44a1badc9bfbf5cf176f75265cc5729e520e99,moka,PwC China,pwc/140014,https://app.mokahr.com/social-recruitment/pwc/140014,CANDIDATE,SLUG,board slug/host token equals domain company token but names differ; inspect,false,,UNSUPPORTED,MULTI_SOURCE_CANDIDATE
EMP-07692,PwC Netherlands,pwc.com,Netherlands,ats-scrapers,6b44a1badc9bfbf5cf176f75265cc5729e520e99,workday,Pwc (Crm Experienced Careers Site),pwc/crm_experienced_careers_site,https://pwc.wd3.myworkdayjobs.com/crm_experienced_careers_site,CANDIDATE,SLUG,board slug/host token equals domain company token but names differ; inspect,false,,LEGACY_SUPPORTED,MULTI_SOURCE_CANDIDATE
EMP-07692,PwC Netherlands,pwc.com,Netherlands,ats-scrapers,6b44a1badc9bfbf5cf176f75265cc5729e520e99,workday,Pwc,pwc/global_campus_careers,https://pwc.wd3.myworkdayjobs.com/global_campus_careers,CANDIDATE,SLUG,board slug/host token equals domain company token but names differ; inspect,false,,LEGACY_SUPPORTED,MULTI_SOURCE_CANDIDATE
EMP-07692,PwC Netherlands,pwc.com,Netherlands,ats-scrapers,6b44a1badc9bfbf5cf176f75265cc5729e520e99,workday,Pwc,pwc/global_experienced_careers,https://pwc.wd3.myworkdayjobs.com/global_experienced_careers,CANDIDATE,SLUG,board slug/host token equals domain company token but names differ; inspect,false,,LEGACY_SUPPORTED,MULTI_SOURCE_CANDIDATE
EMP-07692,PwC Netherlands,pwc.com,Netherlands,ats-scrapers,6b44a1badc9bfbf5cf176f75265cc5729e520e99,workday,Pwc (Nonpublic Postings),pwc/nonpublic_postings,https://pwc.wd3.myworkdayjobs.com/nonpublic_postings,CANDIDATE,SLUG,board slug/host token equals domain company token but names differ; inspect,false,,LEGACY_SUPPORTED,MULTI_SOURCE_CANDIDATE
EMP-07692,PwC Netherlands,pwc.com,Netherlands,ats-scrapers,6b44a1badc9bfbf5cf176f75265cc5729e520e99,workday,Pwc,pwc/us_experienced_careers,https://pwc.wd3.myworkdayjobs.com/us_experienced_careers,CANDIDATE,SLUG,board slug/host token equals domain company token but names differ; inspect,false,,LEGACY_SUPPORTED,MULTI_SOURCE_CANDIDATE
EMP-07708,NXP Semiconductors,nxp.com,Netherlands | USA | Singapore,ats-scrapers,6b44a1badc9bfbf5cf176f75265cc5729e520e99,workday,Nxp,nxp/careers,https://nxp.wd3.myworkdayjobs.com/careers,CANDIDATE,SLUG,board slug/host token equals domain company token but names differ; inspect,false,,LEGACY_SUPPORTED,SINGLE_SOURCE_CANDIDATE
EMP-07717,Chubb Insurance New Zealand,chubb.com,New Zealand,ats-scrapers,6b44a1badc9bfbf5cf176f75265cc5729e520e99,hrmos,Chubb損害保険株式会社,chubb,https://hrmos.co/pages/chubb/jobs,HIGH_CONFIDENCE,SLUG_PLUS_NAME,board slug/host token equals domain company token + compatible names,false,,UNSUPPORTED,SINGLE_SOURCE_CANDIDATE
EMP-07724,HSBC New Zealand,hsbc.com,New Zealand,ats-scrapers,6b44a1badc9bfbf5cf176f75265cc5729e520e99,eightfold,HSBC,hsbc,https://hsbc.eightfold.ai/careers,HIGH_CONFIDENCE,SLUG_PLUS_NAME,board slug/host token equals domain company token + compatible names,false,,DECLARATIVE_SUPPORTED,SINGLE_SOURCE_CANDIDATE
EMP-07729,Munich Re New Zealand Service,munichre.com,New Zealand,ats-scrapers,6b44a1badc9bfbf5cf176f75265cc5729e520e99,bamboohr,munichre,munichre,https://munichre.bamboohr.com/careers,HIGH_CONFIDENCE,SLUG_PLUS_NAME,board slug/host token equals domain company token + compatible names,false,,UNSUPPORTED,SINGLE_SOURCE_CANDIDATE
EMP-07734,QBE Insurance New Zealand,qbe.com,New Zealand,ats-scrapers,6b44a1badc9bfbf5cf176f75265cc5729e520e99,workday,Qbe,qbe/qbe-careers,https://qbe.wd3.myworkdayjobs.com/qbe-careers,CANDIDATE,SLUG,board slug/host token equals domain company token but names differ; inspect,false,,LEGACY_SUPPORTED,SINGLE_SOURCE_CANDIDATE
EMP-07737,Swiss Re New Zealand,swissre.com,New Zealand,ats-scrapers,6b44a1badc9bfbf5cf176f75265cc5729e520e99,successfactors,Swiss Re,careers,https://careers.swissre.com,HIGH_CONFIDENCE,URL_EXACT,internal resolved portal URL equals external board URL,false,,LEGACY_SUPPORTED,SINGLE_SOURCE_CANDIDATE
EMP-07743,Beca,,New Zealand,ats-scrapers,6b44a1badc9bfbf5cf176f75265cc5729e520e99,cornerstone,Beca,beca,https://beca.csod.com/ux/ats/careersite/1/home?c=beca,CANDIDATE,NAME_EXACT,"exact normalized name match, no domain evidence; inspect",false,,UNSUPPORTED,SINGLE_SOURCE_CANDIDATE
EMP-07750,Halter,,New Zealand,ats-scrapers,6b44a1badc9bfbf5cf176f75265cc5729e520e99,ashby,Halter,halter,https://jobs.ashbyhq.com/halter,CANDIDATE,NAME_EXACT,"exact normalized name match, no domain evidence; inspect",false,,LEGACY_SUPPORTED,MULTI_SOURCE_CANDIDATE
EMP-07750,Halter,,New Zealand,ats-scrapers,6b44a1badc9bfbf5cf176f75265cc5729e520e99,bamboohr,Halter,halter,https://halter.bamboohr.com/careers,CANDIDATE,NAME_EXACT,"exact normalized name match, no domain evidence; inspect",false,,UNSUPPORTED,MULTI_SOURCE_CANDIDATE
EMP-07752,Partly,,New Zealand,ats-scrapers,6b44a1badc9bfbf5cf176f75265cc5729e520e99,ashby,Partly,partly.com,https://jobs.ashbyhq.com/partly.com,CANDIDATE,NAME_EXACT,"exact normalized name match, no domain evidence; inspect",false,,LEGACY_SUPPORTED,SINGLE_SOURCE_CANDIDATE
EMP-07754,Pushpay,,New Zealand,ats-scrapers,6b44a1badc9bfbf5cf176f75265cc5729e520e99,greenhouse,pushpay,pushpay,https://job-boards.greenhouse.io/pushpay,CANDIDATE,NAME_EXACT,"exact normalized name match, no domain evidence; inspect",false,,LEGACY_SUPPORTED,SINGLE_SOURCE_CANDIDATE
EMP-07758,Theta,,New Zealand,ats-scrapers,6b44a1badc9bfbf5cf176f75265cc5729e520e99,breezy,theta.,theta,https://theta.breezy.hr,CANDIDATE,NAME_EXACT,"exact normalized name match, no domain evidence; inspect",false,,UNSUPPORTED,MULTI_SOURCE_CANDIDATE
EMP-07758,Theta,,New Zealand,ats-scrapers,6b44a1badc9bfbf5cf176f75265cc5729e520e99,workable,Theta,theta-systems-ltd,https://apply.workable.com/theta-systems-ltd,CANDIDATE,NAME_EXACT,"exact normalized name match, no domain evidence; inspect",false,,UNSUPPORTED,MULTI_SOURCE_CANDIDATE
EMP-07759,Vista Group,,New Zealand,ats-scrapers,6b44a1badc9bfbf5cf176f75265cc5729e520e99,bamboohr,Vista Group,vistagroup,https://vistagroup.bamboohr.com/careers,CANDIDATE,NAME_EXACT,"exact normalized name match, no domain evidence; inspect",false,,UNSUPPORTED,MULTI_SOURCE_CANDIDATE
EMP-07759,Vista Group,,New Zealand,ats-scrapers,6b44a1badc9bfbf5cf176f75265cc5729e520e99,workable,Vista Group,vista-group,https://apply.workable.com/vista-group,CANDIDATE,NAME_EXACT,"exact normalized name match, no domain evidence; inspect",false,,UNSUPPORTED,MULTI_SOURCE_CANDIDATE
EMP-07764,BNZ,,New Zealand,ats-scrapers,6b44a1badc9bfbf5cf176f75265cc5729e520e99,personio,bnz,bnz,https://bnz.jobs.personio.com,CANDIDATE,NAME_EXACT,"exact normalized name match, no domain evidence; inspect",false,,UNSUPPORTED,SINGLE_SOURCE_CANDIDATE
EMP-07766,Kiwibank,,New Zealand,ats-scrapers,6b44a1badc9bfbf5cf176f75265cc5729e520e99,cornerstone,Kiwibank,kiwibankpeople,https://kiwibankpeople.csod.com/ux/ats/careersite/1/home?c=kiwibankpeople,CANDIDATE,NAME_EXACT,"exact normalized name match, no domain evidence; inspect",false,,UNSUPPORTED,SINGLE_SOURCE_CANDIDATE
EMP-07771,Auror,,New Zealand,ats-scrapers,6b44a1badc9bfbf5cf176f75265cc5729e520e99,ashby,Auror,auror,https://jobs.ashbyhq.com/auror,CANDIDATE,NAME_EXACT,"exact normalized name match, no domain evidence; inspect",false,,LEGACY_SUPPORTED,MULTI_SOURCE_CANDIDATE
EMP-07771,Auror,,New Zealand,ats-scrapers,6b44a1badc9bfbf5cf176f75265cc5729e520e99,workable,Auror,auror,https://apply.workable.com/auror,CANDIDATE,NAME_EXACT,"exact normalized name match, no domain evidence; inspect",false,,UNSUPPORTED,MULTI_SOURCE_CANDIDATE
EMP-07775,EROAD,,New Zealand,ats-scrapers,6b44a1badc9bfbf5cf176f75265cc5729e520e99,workday,EROAD,eroadgroup/eroad,https://eroadgroup.wd3.myworkdayjobs.com/EROAD,CANDIDATE,NAME_EXACT,"exact normalized name match, no domain evidence; inspect",false,,LEGACY_SUPPORTED,SINGLE_SOURCE_CANDIDATE
EMP-07778,Fonterra,,New Zealand,ats-scrapers,6b44a1badc9bfbf5cf176f75265cc5729e520e99,avature,Fonterra,fonterrakf,https://fonterrakf.avature.net/careers/SearchJobs,CANDIDATE,NAME_EXACT,"exact normalized name match, no domain evidence; inspect",false,,LEGACY_SUPPORTED,SINGLE_SOURCE_CANDIDATE
EMP-07789,Seequent,,New Zealand,ats-scrapers,6b44a1badc9bfbf5cf176f75265cc5729e520e99,cornerstone,Seequent,seequent,https://seequent.csod.com/ux/ats/careersite/1/home?c=seequent,CANDIDATE,NAME_EXACT,"exact normalized name match, no domain evidence; inspect",false,,UNSUPPORTED,SINGLE_SOURCE_CANDIDATE
EMP-07792,Trade Me,,New Zealand,ats-scrapers,6b44a1badc9bfbf5cf176f75265cc5729e520e99,cornerstone,Trade Me,trademe,https://trademe.csod.com/ux/ats/careersite/1/home?c=trademe,CANDIDATE,NAME_EXACT,"exact normalized name match, no domain evidence; inspect",false,,UNSUPPORTED,MULTI_SOURCE_CANDIDATE
EMP-07792,Trade Me,,New Zealand,ats-scrapers,6b44a1badc9bfbf5cf176f75265cc5729e520e99,smartrecruiters,Trade me,trademe,https://careers.smartrecruiters.com/trademe,CANDIDATE,NAME_EXACT,"exact normalized name match, no domain evidence; inspect",false,,LEGACY_SUPPORTED,MULTI_SOURCE_CANDIDATE
EMP-07794,Alpine Energy,,New Zealand,ats-scrapers,6b44a1badc9bfbf5cf176f75265cc5729e520e99,paycom,Alpine Energy,374cc8f1cb05301092bf50aa8aa2a793,https://paycomonline.net/v4/ats/web.php/portal/374cc8f1cb05301092bf50aa8aa2a793/career-page,CANDIDATE,NAME_EXACT,"exact normalized name match, no domain evidence; inspect",false,,UNSUPPORTED,SINGLE_SOURCE_CANDIDATE
EMP-07804,Electra,,New Zealand,ats-scrapers,6b44a1badc9bfbf5cf176f75265cc5729e520e99,greenhouse,Electra,electrasteel,https://job-boards.greenhouse.io/electrasteel,CANDIDATE,NAME_EXACT,"exact normalized name match, no domain evidence; inspect",false,,LEGACY_SUPPORTED,MULTI_SOURCE_CANDIDATE
EMP-07804,Electra,,New Zealand,ats-scrapers,6b44a1badc9bfbf5cf176f75265cc5729e520e99,jazzhr,electra,electra,https://electra.applytojob.com,CANDIDATE,NAME_EXACT,"exact normalized name match, no domain evidence; inspect",false,,UNSUPPORTED,MULTI_SOURCE_CANDIDATE
EMP-07814,Northpower,,New Zealand,ats-scrapers,6b44a1badc9bfbf5cf176f75265cc5729e520e99,cornerstone,Northpower,https://northpower.csod.com/ux/ats/careersite/4/home?c=northpower,https://northpower.csod.com/ux/ats/careersite/4/home?c=northpower,CANDIDATE,NAME_EXACT,"exact normalized name match, no domain evidence; inspect",false,,UNSUPPORTED,SINGLE_SOURCE_CANDIDATE
EMP-07827,Vector Limited,,New Zealand | Italy,ats-scrapers,6b44a1badc9bfbf5cf176f75265cc5729e520e99,ashby,Vector,vector,https://jobs.ashbyhq.com/vector,CANDIDATE,NAME_EXACT,"exact normalized name match, no domain evidence; inspect",false,,LEGACY_SUPPORTED,MULTI_SOURCE_CANDIDATE
EMP-07827,Vector Limited,,New Zealand | Italy,ats-scrapers,6b44a1badc9bfbf5cf176f75265cc5729e520e99,greenhouse,Vector,govector,https://job-boards.greenhouse.io/govector,CANDIDATE,NAME_EXACT,"exact normalized name match, no domain evidence; inspect",false,,LEGACY_SUPPORTED,MULTI_SOURCE_CANDIDATE
EMP-07827,Vector Limited,,New Zealand | Italy,ats-scrapers,6b44a1badc9bfbf5cf176f75265cc5729e520e99,smartrecruiters,Vector Limited,VectorLimited,https://careers.smartrecruiters.com/VectorLimited,CANDIDATE,NAME_EXACT,"exact normalized name match, no domain evidence; inspect",false,,LEGACY_SUPPORTED,MULTI_SOURCE_CANDIDATE
EMP-07828,MEGA,,New Zealand | Netherlands,ats-scrapers,6b44a1badc9bfbf5cf176f75265cc5729e520e99,bamboohr,mega,mega,https://mega.bamboohr.com/careers,CANDIDATE,NAME_EXACT,"exact normalized name match, no domain evidence; inspect",false,,UNSUPPORTED,SINGLE_SOURCE_CANDIDATE
EMP-07842,Bits,,Norway,ats-scrapers,6b44a1badc9bfbf5cf176f75265cc5729e520e99,workable,Bits,getbits,https://apply.workable.com/getbits,CANDIDATE,NAME_EXACT,"exact normalized name match, no domain evidence; inspect",false,,UNSUPPORTED,SINGLE_SOURCE_CANDIDATE
EMP-07856,DNB Asset Management,dnb.no,Norway,ats-scrapers,6b44a1badc9bfbf5cf176f75265cc5729e520e99,lever,Dun & Bradstreet,dnb,https://jobs.lever.co/dnb,CANDIDATE,SLUG,board slug/host token equals domain company token but names differ; inspect,false,,LEGACY_SUPPORTED,MULTI_SOURCE_CANDIDATE
EMP-07856,DNB Asset Management,dnb.no,Norway,ats-scrapers,6b44a1badc9bfbf5cf176f75265cc5729e520e99,successfactors,Jobb,jobb,https://jobb.dnb.no,HIGH_CONFIDENCE,URL_EXACT,internal resolved portal URL equals external board URL,false,,LEGACY_SUPPORTED,MULTI_SOURCE_CANDIDATE
EMP-07857,DNB Bank,dnb.no,Norway,ats-scrapers,6b44a1badc9bfbf5cf176f75265cc5729e520e99,lever,Dun & Bradstreet,dnb,https://jobs.lever.co/dnb,CANDIDATE,SLUG,board slug/host token equals domain company token but names differ; inspect,false,,LEGACY_SUPPORTED,MULTI_SOURCE_CANDIDATE
EMP-07857,DNB Bank,dnb.no,Norway,ats-scrapers,6b44a1badc9bfbf5cf176f75265cc5729e520e99,successfactors,Jobb,jobb,https://jobb.dnb.no,HIGH_CONFIDENCE,URL_EXACT,internal resolved portal URL equals external board URL,false,,LEGACY_SUPPORTED,MULTI_SOURCE_CANDIDATE
EMP-07858,DNB Boligkreditt,dnb.no,Norway,ats-scrapers,6b44a1badc9bfbf5cf176f75265cc5729e520e99,lever,Dun & Bradstreet,dnb,https://jobs.lever.co/dnb,CANDIDATE,SLUG,board slug/host token equals domain company token but names differ; inspect,false,,LEGACY_SUPPORTED,MULTI_SOURCE_CANDIDATE
EMP-07858,DNB Boligkreditt,dnb.no,Norway,ats-scrapers,6b44a1badc9bfbf5cf176f75265cc5729e520e99,successfactors,Jobb,jobb,https://jobb.dnb.no,HIGH_CONFIDENCE,URL_EXACT,internal resolved portal URL equals external board URL,false,,LEGACY_SUPPORTED,MULTI_SOURCE_CANDIDATE
EMP-07859,DNB Eiendom,dnb.no,Norway,ats-scrapers,6b44a1badc9bfbf5cf176f75265cc5729e520e99,lever,Dun & Bradstreet,dnb,https://jobs.lever.co/dnb,CANDIDATE,SLUG,board slug/host token equals domain company token but names differ; inspect,false,,LEGACY_SUPPORTED,MULTI_SOURCE_CANDIDATE
EMP-07859,DNB Eiendom,dnb.no,Norway,ats-scrapers,6b44a1badc9bfbf5cf176f75265cc5729e520e99,successfactors,Jobb,jobb,https://jobb.dnb.no,HIGH_CONFIDENCE,URL_EXACT,internal resolved portal URL equals external board URL,false,,LEGACY_SUPPORTED,MULTI_SOURCE_CANDIDATE
EMP-07860,DNB Finans,dnb.no,Norway,ats-scrapers,6b44a1badc9bfbf5cf176f75265cc5729e520e99,lever,Dun & Bradstreet,dnb,https://jobs.lever.co/dnb,CANDIDATE,SLUG,board slug/host token equals domain company token but names differ; inspect,false,,LEGACY_SUPPORTED,MULTI_SOURCE_CANDIDATE
EMP-07860,DNB Finans,dnb.no,Norway,ats-scrapers,6b44a1badc9bfbf5cf176f75265cc5729e520e99,successfactors,Jobb,jobb,https://jobb.dnb.no,HIGH_CONFIDENCE,URL_EXACT,internal resolved portal URL equals external board URL,false,,LEGACY_SUPPORTED,MULTI_SOURCE_CANDIDATE
EMP-07861,DNB Livsforsikring,dnb.no,Norway,ats-scrapers,6b44a1badc9bfbf5cf176f75265cc5729e520e99,lever,Dun & Bradstreet,dnb,https://jobs.lever.co/dnb,CANDIDATE,SLUG,board slug/host token equals domain company token but names differ; inspect,false,,LEGACY_SUPPORTED,MULTI_SOURCE_CANDIDATE
EMP-07861,DNB Livsforsikring,dnb.no,Norway,ats-scrapers,6b44a1badc9bfbf5cf176f75265cc5729e520e99,successfactors,Jobb,jobb,https://jobb.dnb.no,HIGH_CONFIDENCE,URL_EXACT,internal resolved portal URL equals external board URL,false,,LEGACY_SUPPORTED,MULTI_SOURCE_CANDIDATE
EMP-07892,Mastercard Payment Services Norway,mastercard.com,Norway,ats-scrapers,6b44a1badc9bfbf5cf176f75265cc5729e520e99,smartrecruiters,MasterCard,mastercard,https://careers.smartrecruiters.com/mastercard,HIGH_CONFIDENCE,SLUG_PLUS_NAME,board slug/host token equals domain company token + compatible names,false,,LEGACY_SUPPORTED,MULTI_SOURCE_CANDIDATE
EMP-07892,Mastercard Payment Services Norway,mastercard.com,Norway,ats-scrapers,6b44a1badc9bfbf5cf176f75265cc5729e520e99,workday,Mastercard (Campus),mastercard/Campus,https://mastercard.wd1.myworkdayjobs.com/Campus,CANDIDATE,SLUG,board slug/host token equals domain company token but names differ; inspect,false,,LEGACY_SUPPORTED,MULTI_SOURCE_CANDIDATE
EMP-07892,Mastercard Payment Services Norway,mastercard.com,Norway,ats-scrapers,6b44a1badc9bfbf5cf176f75265cc5729e520e99,workday,Mastercard,mastercard/corporatecareers,https://mastercard.wd1.myworkdayjobs.com/corporatecareers,HIGH_CONFIDENCE,SLUG_PLUS_NAME,board slug/host token equals domain company token + compatible names,false,,LEGACY_SUPPORTED,MULTI_SOURCE_CANDIDATE
EMP-07902,Santander Consumer Bank Norway,santander.com,Norway,ats-scrapers,6b44a1badc9bfbf5cf176f75265cc5729e520e99,workday,Santander,santander/santandercareers,https://santander.wd3.myworkdayjobs.com/santandercareers,HIGH_CONFIDENCE,SLUG_PLUS_NAME,board slug/host token equals domain company token + compatible names,false,,LEGACY_SUPPORTED,SINGLE_SOURCE_CANDIDATE
EMP-07922,Cognite,,Norway,ats-scrapers,6b44a1badc9bfbf5cf176f75265cc5729e520e99,workable,Cognite,cognite,https://apply.workable.com/cognite,CANDIDATE,NAME_EXACT,"exact normalized name match, no domain evidence; inspect",false,,UNSUPPORTED,SINGLE_SOURCE_CANDIDATE
EMP-07924,Deloitte Norway,deloitte.com,Norway,ats-scrapers,6b44a1badc9bfbf5cf176f75265cc5729e520e99,eightfold,Deloitte,deloitte,https://deloitte.eightfold.ai/careers,HIGH_CONFIDENCE,SLUG_PLUS_NAME,board slug/host token equals domain company token + compatible names,false,,DECLARATIVE_SUPPORTED,SINGLE_SOURCE_CANDIDATE
EMP-07925,EY Norway,ey.com,Norway,ats-scrapers,6b44a1badc9bfbf5cf176f75265cc5729e520e99,moka,EY (Ernst & Young),ey/47410,https://app.mokahr.com/social-recruitment/ey/47410,CANDIDATE,SLUG,board slug/host token equals domain company token but names differ; inspect,false,,UNSUPPORTED,MULTI_SOURCE_CANDIDATE
EMP-07925,EY Norway,ey.com,Norway,ats-scrapers,6b44a1badc9bfbf5cf176f75265cc5729e520e99,successfactors,Careers at EY: search jobs,EYHRISPRD1,https://careers.ey.com,HIGH_CONFIDENCE,URL_EXACT,internal resolved portal URL equals external board URL,false,,LEGACY_SUPPORTED,MULTI_SOURCE_CANDIDATE
EMP-07928,KPMG Norway,kpmg.com,Norway,ats-scrapers,6b44a1badc9bfbf5cf176f75265cc5729e520e99,lever,KPMG LLP,kpmg,https://jobs.lever.co/kpmg,CANDIDATE,SLUG,board slug/host token equals domain company token but names differ; inspect,false,,LEGACY_SUPPORTED,MULTI_SOURCE_CANDIDATE
EMP-07928,KPMG Norway,kpmg.com,Norway,ats-scrapers,6b44a1badc9bfbf5cf176f75265cc5729e520e99,moka,KPMG,kpmg/74216,https://app.mokahr.com/social-recruitment/kpmg/74216,HIGH_CONFIDENCE,SLUG_PLUS_NAME,board slug/host token equals domain company token + compatible names,false,,UNSUPPORTED,MULTI_SOURCE_CANDIDATE
EMP-07928,KPMG Norway,kpmg.com,Norway,ats-scrapers,6b44a1badc9bfbf5cf176f75265cc5729e520e99,successfactors,Kpmg,KPMGHITPRD,https://careers.kpmg.it,HIGH_CONFIDENCE,URL_EXACT,internal resolved portal URL equals external board URL,false,,LEGACY_SUPPORTED,MULTI_SOURCE_CANDIDATE
EMP-07932,PwC Norway,pwc.com,Norway,ats-scrapers,6b44a1badc9bfbf5cf176f75265cc5729e520e99,darwinbox,PwC Asia,pwc.com,https://pwc.darwinbox.com/ms/candidate/careers,CANDIDATE,SLUG,board slug/host token equals domain company token but names differ; inspect,false,,UNSUPPORTED,MULTI_SOURCE_CANDIDATE
EMP-07932,PwC Norway,pwc.com,Norway,ats-scrapers,6b44a1badc9bfbf5cf176f75265cc5729e520e99,moka,PwC China,pwc/140014,https://app.mokahr.com/social-recruitment/pwc/140014,CANDIDATE,SLUG,board slug/host token equals domain company token but names differ; inspect,false,,UNSUPPORTED,MULTI_SOURCE_CANDIDATE
EMP-07932,PwC Norway,pwc.com,Norway,ats-scrapers,6b44a1badc9bfbf5cf176f75265cc5729e520e99,workday,Pwc (Crm Experienced Careers Site),pwc/crm_experienced_careers_site,https://pwc.wd3.myworkdayjobs.com/crm_experienced_careers_site,CANDIDATE,SLUG,board slug/host token equals domain company token but names differ; inspect,false,,LEGACY_SUPPORTED,MULTI_SOURCE_CANDIDATE
EMP-07932,PwC Norway,pwc.com,Norway,ats-scrapers,6b44a1badc9bfbf5cf176f75265cc5729e520e99,workday,Pwc,pwc/global_campus_careers,https://pwc.wd3.myworkdayjobs.com/global_campus_careers,CANDIDATE,SLUG,board slug/host token equals domain company token but names differ; inspect,false,,LEGACY_SUPPORTED,MULTI_SOURCE_CANDIDATE
EMP-07932,PwC Norway,pwc.com,Norway,ats-scrapers,6b44a1badc9bfbf5cf176f75265cc5729e520e99,workday,Pwc,pwc/global_experienced_careers,https://pwc.wd3.myworkdayjobs.com/global_experienced_careers,CANDIDATE,SLUG,board slug/host token equals domain company token but names differ; inspect,false,,LEGACY_SUPPORTED,MULTI_SOURCE_CANDIDATE
EMP-07932,PwC Norway,pwc.com,Norway,ats-scrapers,6b44a1badc9bfbf5cf176f75265cc5729e520e99,workday,Pwc (Nonpublic Postings),pwc/nonpublic_postings,https://pwc.wd3.myworkdayjobs.com/nonpublic_postings,CANDIDATE,SLUG,board slug/host token equals domain company token but names differ; inspect,false,,LEGACY_SUPPORTED,MULTI_SOURCE_CANDIDATE
EMP-07932,PwC Norway,pwc.com,Norway,ats-scrapers,6b44a1badc9bfbf5cf176f75265cc5729e520e99,workday,Pwc,pwc/us_experienced_careers,https://pwc.wd3.myworkdayjobs.com/us_experienced_careers,CANDIDATE,SLUG,board slug/host token equals domain company token but names differ; inspect,false,,LEGACY_SUPPORTED,MULTI_SOURCE_CANDIDATE
EMP-07933,Schibsted,,Norway,ats-scrapers,6b44a1badc9bfbf5cf176f75265cc5729e520e99,teamtailor,Schibsted,aftonbladet,https://aftonbladet.teamtailor.com,CANDIDATE,NAME_EXACT,"exact normalized name match, no domain evidence; inspect",false,,UNSUPPORTED,MULTI_SOURCE_CANDIDATE
EMP-07933,Schibsted,,Norway,ats-scrapers,6b44a1badc9bfbf5cf176f75265cc5729e520e99,teamtailor,Schibsted,schibsted,https://schibsted.teamtailor.com,CANDIDATE,NAME_EXACT,"exact normalized name match, no domain evidence; inspect",false,,UNSUPPORTED,MULTI_SOURCE_CANDIDATE
EMP-07934,Signicat,,Norway,ats-scrapers,6b44a1badc9bfbf5cf176f75265cc5729e520e99,teamtailor,Signicat,signicat,https://signicat.teamtailor.com,CANDIDATE,NAME_EXACT,"exact normalized name match, no domain evidence; inspect",false,,UNSUPPORTED,SINGLE_SOURCE_CANDIDATE
EMP-07937,Visma,,Norway,ats-scrapers,6b44a1badc9bfbf5cf176f75265cc5729e520e99,teamtailor,Visma,visma,https://visma.teamtailor.com,CANDIDATE,NAME_EXACT,"exact normalized name match, no domain evidence; inspect",false,,UNSUPPORTED,MULTI_SOURCE_CANDIDATE
EMP-07937,Visma,,Norway,ats-scrapers,6b44a1badc9bfbf5cf176f75265cc5729e520e99,teamtailor,Visma,vismacc,https://vismacc.teamtailor.com,CANDIDATE,NAME_EXACT,"exact normalized name match, no domain evidence; inspect",false,,UNSUPPORTED,MULTI_SOURCE_CANDIDATE
EMP-07940,Storebrand,,Norway,ats-scrapers,6b44a1badc9bfbf5cf176f75265cc5729e520e99,workday,Storebrand,storebrand/Storebrand_Careers,https://storebrand.wd3.myworkdayjobs.com/Storebrand_Careers,CANDIDATE,NAME_EXACT,"exact normalized name match, no domain evidence; inspect",false,,LEGACY_SUPPORTED,SINGLE_SOURCE_CANDIDATE
EMP-07941,Statkraft,,Norway,ats-scrapers,6b44a1badc9bfbf5cf176f75265cc5729e520e99,smartrecruiters,Statkraft,statkraft1,https://careers.smartrecruiters.com/statkraft1,CANDIDATE,NAME_EXACT,"exact normalized name match, no domain evidence; inspect",false,,LEGACY_SUPPORTED,SINGLE_SOURCE_CANDIDATE
EMP-07947,Nammo AS,,Norway,ats-scrapers,6b44a1badc9bfbf5cf176f75265cc5729e520e99,cornerstone,Nammo,nammo,https://nammo.csod.com/ux/ats/careersite/1/home?c=nammo,CANDIDATE,NAME_EXACT,"exact normalized name match, no domain evidence; inspect",false,,UNSUPPORTED,SINGLE_SOURCE_CANDIDATE
EMP-07956,Aker BP,bp.com,Norway,ats-scrapers,6b44a1badc9bfbf5cf176f75265cc5729e520e99,successfactors,AkerBP,careers,https://careers.akerbp.com,CANDIDATE,NAME_EXACT,"exact normalized name match, no domain evidence; inspect",false,,LEGACY_SUPPORTED,SINGLE_SOURCE_CANDIDATE
EMP-07958,Aneo,,Norway,ats-scrapers,6b44a1badc9bfbf5cf176f75265cc5729e520e99,recruitee,Aneo,aneo,https://aneo.recruitee.com,CANDIDATE,NAME_EXACT,"exact normalized name match, no domain evidence; inspect",false,,UNSUPPORTED,SINGLE_SOURCE_CANDIDATE
EMP-07983,Scatec,,Norway,ats-scrapers,6b44a1badc9bfbf5cf176f75265cc5729e520e99,icims,Scatec,scatec,https://careers-scatec.icims.com,CANDIDATE,NAME_EXACT,"exact normalized name match, no domain evidence; inspect",false,,UNSUPPORTED,SINGLE_SOURCE_CANDIDATE
EMP-07988,Å Energi,,Norway,ats-scrapers,6b44a1badc9bfbf5cf176f75265cc5729e520e99,teamtailor,Å Energi,aenergi-glitre-nett,https://aenergi-glitre-nett.teamtailor.com,CANDIDATE,NAME_EXACT,"exact normalized name match, no domain evidence; inspect",false,,UNSUPPORTED,SINGLE_SOURCE_CANDIDATE
EMP-08011,Deutsche Bank Polska,db.com,Poland,ats-scrapers,6b44a1badc9bfbf5cf176f75265cc5729e520e99,workday,Db,db/dbwebsite,https://db.wd3.myworkdayjobs.com/dbwebsite,CANDIDATE,SLUG,board slug/host token equals domain company token but names differ; inspect,false,,LEGACY_SUPPORTED,MULTI_SOURCE_CANDIDATE
EMP-08011,Deutsche Bank Polska,db.com,Poland,ats-scrapers,6b44a1badc9bfbf5cf176f75265cc5729e520e99,workday,DWS,db/dwswebsite,https://db.wd3.myworkdayjobs.com/dwswebsite,CANDIDATE,SLUG,board slug/host token equals domain company token but names differ; inspect,false,,LEGACY_SUPPORTED,MULTI_SOURCE_CANDIDATE
EMP-08012,DNB Bank Polska,dnb.no,Poland,ats-scrapers,6b44a1badc9bfbf5cf176f75265cc5729e520e99,lever,Dun & Bradstreet,dnb,https://jobs.lever.co/dnb,CANDIDATE,SLUG,board slug/host token equals domain company token but names differ; inspect,false,,LEGACY_SUPPORTED,MULTI_SOURCE_CANDIDATE
EMP-08012,DNB Bank Polska,dnb.no,Poland,ats-scrapers,6b44a1badc9bfbf5cf176f75265cc5729e520e99,successfactors,Jobb,jobb,https://jobb.dnb.no,HIGH_CONFIDENCE,URL_EXACT,internal resolved portal URL equals external board URL,false,,LEGACY_SUPPORTED,MULTI_SOURCE_CANDIDATE
EMP-08015,HSBC Continental Europe Poland,continental.com,Poland,ats-scrapers,6b44a1badc9bfbf5cf176f75265cc5729e520e99,smartrecruiters,Continental,continental,https://careers.smartrecruiters.com/continental,HIGH_CONFIDENCE,SLUG_PLUS_NAME,board slug/host token equals domain company token + compatible names,false,,LEGACY_SUPPORTED,SINGLE_SOURCE_CANDIDATE
EMP-08020,ING Bank Śląski,ing.com,Poland,ats-scrapers,6b44a1badc9bfbf5cf176f75265cc5729e520e99,workday,Ing,ing/icsausdir,https://ing.wd3.myworkdayjobs.com/icsausdir,CANDIDATE,SLUG,board slug/host token equals domain company token but names differ; inspect,false,,LEGACY_SUPPORTED,MULTI_SOURCE_CANDIDATE
EMP-08020,ING Bank Śląski,ing.com,Poland,ats-scrapers,6b44a1badc9bfbf5cf176f75265cc5729e520e99,workday,ING,ing/icsgblcor,https://ing.wd3.myworkdayjobs.com/icsgblcor,CANDIDATE,SLUG,board slug/host token equals domain company token but names differ; inspect,false,,LEGACY_SUPPORTED,MULTI_SOURCE_CANDIDATE
EMP-08020,ING Bank Śląski,ing.com,Poland,ats-scrapers,6b44a1badc9bfbf5cf176f75265cc5729e520e99,workday,Ing,ing/icsnldgen,https://ing.wd3.myworkdayjobs.com/icsnldgen,CANDIDATE,SLUG,board slug/host token equals domain company token but names differ; inspect,false,,LEGACY_SUPPORTED,MULTI_SOURCE_CANDIDATE
EMP-08020,ING Bank Śląski,ing.com,Poland,ats-scrapers,6b44a1badc9bfbf5cf176f75265cc5729e520e99,workday,Ing (Jvsgblcor),ing/jvsgblcor,https://ing.wd3.myworkdayjobs.com/jvsgblcor,CANDIDATE,SLUG,board slug/host token equals domain company token but names differ; inspect,false,,LEGACY_SUPPORTED,MULTI_SOURCE_CANDIDATE
EMP-08021,Intesa Sanpaolo Poland,group.intesasanpaolo.com,Poland,ats-scrapers,6b44a1badc9bfbf5cf176f75265cc5729e520e99,successfactors,Intesa Sanpaolo,jobs,https://jobs.intesasanpaolo.com,HIGH_CONFIDENCE,URL_EXACT,internal resolved portal URL equals external board URL,false,,LEGACY_SUPPORTED,SINGLE_SOURCE_CANDIDATE
EMP-08037,Santander Bank Polska,santander.com,Poland,ats-scrapers,6b44a1badc9bfbf5cf176f75265cc5729e520e99,workday,Santander,santander/santandercareers,https://santander.wd3.myworkdayjobs.com/santandercareers,HIGH_CONFIDENCE,SLUG_PLUS_NAME,board slug/host token equals domain company token + compatible names,false,,LEGACY_SUPPORTED,SINGLE_SOURCE_CANDIDATE
EMP-08038,Santander Consumer Bank Poland,santander.com,Poland,ats-scrapers,6b44a1badc9bfbf5cf176f75265cc5729e520e99,workday,Santander,santander/santandercareers,https://santander.wd3.myworkdayjobs.com/santandercareers,HIGH_CONFIDENCE,SLUG_PLUS_NAME,board slug/host token equals domain company token + compatible names,false,,LEGACY_SUPPORTED,SINGLE_SOURCE_CANDIDATE
EMP-08045,Volkswagen Bank Poland,volkswagen-group.com,Poland,ats-scrapers,6b44a1badc9bfbf5cf176f75265cc5729e520e99,successfactors,Your job at the Volkswagen Group,VWAGLPPROD10,https://jobs.volkswagen-group.com,HIGH_CONFIDENCE,URL_EXACT,internal resolved portal URL equals external board URL,false,,LEGACY_SUPPORTED,SINGLE_SOURCE_CANDIDATE
EMP-08053,Archer,,Poland,ats-scrapers,6b44a1badc9bfbf5cf176f75265cc5729e520e99,greenhouse,Archer,archer56,https://job-boards.greenhouse.io/archer56,CANDIDATE,NAME_EXACT,"exact normalized name match, no domain evidence; inspect",false,,LEGACY_SUPPORTED,MULTI_SOURCE_CANDIDATE
EMP-08053,Archer,,Poland,ats-scrapers,6b44a1badc9bfbf5cf176f75265cc5729e520e99,rippling,Archer,archer,https://ats.rippling.com/archer/jobs,CANDIDATE,NAME_EXACT,"exact normalized name match, no domain evidence; inspect",false,,UNSUPPORTED,MULTI_SOURCE_CANDIDATE
EMP-08133,ABB Poland,global.abb,Poland,ats-scrapers,6b44a1badc9bfbf5cf176f75265cc5729e520e99,breezy,global,global,https://global.breezy.hr,CANDIDATE,SLUG,board slug/host token equals domain company token but names differ; inspect,false,,UNSUPPORTED,MULTI_SOURCE_CANDIDATE
EMP-08133,ABB Poland,global.abb,Poland,ats-scrapers,6b44a1badc9bfbf5cf176f75265cc5729e520e99,workday,Global Partners,global/globalpartnerscareers,https://global.wd1.myworkdayjobs.com/globalpartnerscareers,CANDIDATE,SLUG,board slug/host token equals domain company token but names differ; inspect,false,,LEGACY_SUPPORTED,MULTI_SOURCE_CANDIDATE
EMP-08136,E.ON Polska,eon.com,Poland,ats-scrapers,6b44a1badc9bfbf5cf176f75265cc5729e520e99,bamboohr,eon,eon,https://eon.bamboohr.com/careers,CANDIDATE,SLUG,board slug/host token equals domain company token but names differ; inspect,false,,UNSUPPORTED,SINGLE_SOURCE_CANDIDATE
EMP-08140,Equinor Poland,equinor.com,Poland,ats-scrapers,6b44a1badc9bfbf5cf176f75265cc5729e520e99,workday,Equinor,equinor/eqnr,https://equinor.wd3.myworkdayjobs.com/eqnr,HIGH_CONFIDENCE,SLUG_PLUS_NAME,board slug/host token equals domain company token + compatible names,false,,LEGACY_SUPPORTED,SINGLE_SOURCE_CANDIDATE
EMP-08156,Schneider Electric Poland,se.com,Poland,ats-scrapers,6b44a1badc9bfbf5cf176f75265cc5729e520e99,icims,se,se,https://careers-se.icims.com,CANDIDATE,SLUG,board slug/host token equals domain company token but names differ; inspect,false,,UNSUPPORTED,SINGLE_SOURCE_CANDIDATE
EMP-08157,Siemens Gamesa Poland,siemens.com,Poland,ats-scrapers,6b44a1badc9bfbf5cf176f75265cc5729e520e99,teamtailor,Siemens,siemens,https://siemens.teamtailor.com,HIGH_CONFIDENCE,SLUG_PLUS_NAME,board slug/host token equals domain company token + compatible names,false,,UNSUPPORTED,SINGLE_SOURCE_CANDIDATE
EMP-08161,Vestas Poland,vestas.com,Poland,ats-scrapers,6b44a1badc9bfbf5cf176f75265cc5729e520e99,successfactors,Vestas,careers,https://careers.vestas.com,HIGH_CONFIDENCE,URL_EXACT,internal resolved portal URL equals external board URL,false,,LEGACY_SUPPORTED,SINGLE_SOURCE_CANDIDATE
EMP-08176,Generali Polska,generali.com,Poland,ats-scrapers,6b44a1badc9bfbf5cf176f75265cc5729e520e99,teamtailor,Generali,generali,https://generali.teamtailor.com,HIGH_CONFIDENCE,SLUG_PLUS_NAME,board slug/host token equals domain company token + compatible names,false,,UNSUPPORTED,SINGLE_SOURCE_CANDIDATE
EMP-08177,Generali Życie,generali.com,Poland,ats-scrapers,6b44a1badc9bfbf5cf176f75265cc5729e520e99,teamtailor,Generali,generali,https://generali.teamtailor.com,HIGH_CONFIDENCE,SLUG_PLUS_NAME,board slug/host token equals domain company token + compatible names,false,,UNSUPPORTED,SINGLE_SOURCE_CANDIDATE
EMP-08192,Santander Allianz TU,santander.com,Poland,ats-scrapers,6b44a1badc9bfbf5cf176f75265cc5729e520e99,workday,Santander,santander/santandercareers,https://santander.wd3.myworkdayjobs.com/santandercareers,HIGH_CONFIDENCE,SLUG_PLUS_NAME,board slug/host token equals domain company token + compatible names,false,,LEGACY_SUPPORTED,SINGLE_SOURCE_CANDIDATE
EMP-08193,Santander Allianz Życie,santander.com,Poland,ats-scrapers,6b44a1badc9bfbf5cf176f75265cc5729e520e99,workday,Santander,santander/santandercareers,https://santander.wd3.myworkdayjobs.com/santandercareers,HIGH_CONFIDENCE,SLUG_PLUS_NAME,board slug/host token equals domain company token + compatible names,false,,LEGACY_SUPPORTED,SINGLE_SOURCE_CANDIDATE
EMP-08212,Airbus Atlantic,airbus.com,Portugal,ats-scrapers,6b44a1badc9bfbf5cf176f75265cc5729e520e99,bamboohr,airbus,airbus,https://airbus.bamboohr.com/careers,HIGH_CONFIDENCE,SLUG_PLUS_NAME,board slug/host token equals domain company token + compatible names,false,,UNSUPPORTED,SINGLE_SOURCE_CANDIDATE
EMP-08228,BEYOND VISION,,Portugal,ats-scrapers,6b44a1badc9bfbf5cf176f75265cc5729e520e99,paycom,BEYOND VISION,8549feeda6d91aa72ef68ad05de3c1f0,https://paycomonline.net/v4/ats/web.php/portal/8549feeda6d91aa72ef68ad05de3c1f0/career-page,CANDIDATE,NAME_EXACT,"exact normalized name match, no domain evidence; inspect",false,,UNSUPPORTED,SINGLE_SOURCE_CANDIDATE
EMP-08235,CODI,,Portugal,ats-scrapers,6b44a1badc9bfbf5cf176f75265cc5729e520e99,workable,Codi,codi,https://apply.workable.com/codi,CANDIDATE,NAME_EXACT,"exact normalized name match, no domain evidence; inspect",false,,UNSUPPORTED,SINGLE_SOURCE_CANDIDATE
EMP-08244,EMBRAER,,Portugal,ats-scrapers,6b44a1badc9bfbf5cf176f75265cc5729e520e99,breezy,Embraer,embraer,https://embraer.breezy.hr,CANDIDATE,NAME_EXACT,"exact normalized name match, no domain evidence; inspect",false,,UNSUPPORTED,MULTI_SOURCE_CANDIDATE
EMP-08244,EMBRAER,,Portugal,ats-scrapers,6b44a1badc9bfbf5cf176f75265cc5729e520e99,smartrecruiters,Embraer,embraer,https://careers.smartrecruiters.com/embraer,CANDIDATE,NAME_EXACT,"exact normalized name match, no domain evidence; inspect",false,,LEGACY_SUPPORTED,MULTI_SOURCE_CANDIDATE
EMP-08264,ISQ,,Portugal,ats-scrapers,6b44a1badc9bfbf5cf176f75265cc5729e520e99,cornerstone,ISQ,https://isq.csod.com/ux/ats/careersite/4/home?c=isq,https://isq.csod.com/ux/ats/careersite/4/home?c=isq,CANDIDATE,NAME_EXACT,"exact normalized name match, no domain evidence; inspect",false,,UNSUPPORTED,MULTI_SOURCE_CANDIDATE
EMP-08264,ISQ,,Portugal,ats-scrapers,6b44a1badc9bfbf5cf176f75265cc5729e520e99,cornerstone,ISQ,isq,https://isq.csod.com/ux/ats/careersite/1/home?c=isq,CANDIDATE,NAME_EXACT,"exact normalized name match, no domain evidence; inspect",false,,UNSUPPORTED,MULTI_SOURCE_CANDIDATE
EMP-08274,MDS,,Portugal,ats-scrapers,6b44a1badc9bfbf5cf176f75265cc5729e520e99,personio,Mds,mds-holding,https://mds-holding.jobs.personio.com,CANDIDATE,NAME_EXACT,"exact normalized name match, no domain evidence; inspect",false,,UNSUPPORTED,SINGLE_SOURCE_CANDIDATE
EMP-08278,MESA,,Portugal,ats-scrapers,6b44a1badc9bfbf5cf176f75265cc5729e520e99,bamboohr,mesa,mesa,https://mesa.bamboohr.com/careers,CANDIDATE,NAME_EXACT,"exact normalized name match, no domain evidence; inspect",false,,UNSUPPORTED,SINGLE_SOURCE_CANDIDATE
EMP-08288,OMICRON,,Portugal,ats-scrapers,6b44a1badc9bfbf5cf176f75265cc5729e520e99,greenhouse,omicron,omicron,https://job-boards.greenhouse.io/omicron,CANDIDATE,NAME_EXACT,"exact normalized name match, no domain evidence; inspect",false,,LEGACY_SUPPORTED,SINGLE_SOURCE_CANDIDATE
EMP-08292,OPTIMAL,,Portugal,ats-scrapers,6b44a1badc9bfbf5cf176f75265cc5729e520e99,jazzhr,Optimal,winwithoptimal,https://winwithoptimal.applytojob.com,CANDIDATE,NAME_EXACT,"exact normalized name match, no domain evidence; inspect",false,,UNSUPPORTED,SINGLE_SOURCE_CANDIDATE
EMP-08343,Banco Santander Totta,santander.com,Portugal,ats-scrapers,6b44a1badc9bfbf5cf176f75265cc5729e520e99,workday,Santander,santander/santandercareers,https://santander.wd3.myworkdayjobs.com/santandercareers,HIGH_CONFIDENCE,SLUG_PLUS_NAME,board slug/host token equals domain company token + compatible names,false,,LEGACY_SUPPORTED,SINGLE_SOURCE_CANDIDATE
EMP-08349,Deloitte Portugal,deloitte.com,Portugal,ats-scrapers,6b44a1badc9bfbf5cf176f75265cc5729e520e99,eightfold,Deloitte,deloitte,https://deloitte.eightfold.ai/careers,HIGH_CONFIDENCE,SLUG_PLUS_NAME,board slug/host token equals domain company token + compatible names,false,,DECLARATIVE_SUPPORTED,SINGLE_SOURCE_CANDIDATE
EMP-08351,EDP,,Portugal,ats-scrapers,6b44a1badc9bfbf5cf176f75265cc5729e520e99,successfactors,EDP,jobs,https://jobs.edp.com,CANDIDATE,NAME_EXACT,"exact normalized name match, no domain evidence; inspect",false,,LEGACY_SUPPORTED,SINGLE_SOURCE_CANDIDATE
EMP-08353,EY Portugal,ey.com,Portugal,ats-scrapers,6b44a1badc9bfbf5cf176f75265cc5729e520e99,moka,EY (Ernst & Young),ey/47410,https://app.mokahr.com/social-recruitment/ey/47410,CANDIDATE,SLUG,board slug/host token equals domain company token but names differ; inspect,false,,UNSUPPORTED,MULTI_SOURCE_CANDIDATE
EMP-08353,EY Portugal,ey.com,Portugal,ats-scrapers,6b44a1badc9bfbf5cf176f75265cc5729e520e99,successfactors,Careers at EY: search jobs,EYHRISPRD1,https://careers.ey.com,HIGH_CONFIDENCE,URL_EXACT,internal resolved portal URL equals external board URL,false,,LEGACY_SUPPORTED,MULTI_SOURCE_CANDIDATE
EMP-08354,Feedzai,,Portugal,ats-scrapers,6b44a1badc9bfbf5cf176f75265cc5729e520e99,greenhouse,Feedzai,feedzai,https://job-boards.greenhouse.io/feedzai,CANDIDATE,NAME_EXACT,"exact normalized name match, no domain evidence; inspect",false,,LEGACY_SUPPORTED,SINGLE_SOURCE_CANDIDATE
EMP-08360,Jerónimo Martins,,Portugal,ats-scrapers,6b44a1badc9bfbf5cf176f75265cc5729e520e99,successfactors,Jerónimo Martins,jeronimomartins,https://careers.jeronimomartins.com,CANDIDATE,NAME_EXACT,"exact normalized name match, no domain evidence; inspect",false,,LEGACY_SUPPORTED,SINGLE_SOURCE_CANDIDATE
EMP-08361,KPMG Portugal,kpmg.com,Portugal,ats-scrapers,6b44a1badc9bfbf5cf176f75265cc5729e520e99,lever,KPMG LLP,kpmg,https://jobs.lever.co/kpmg,CANDIDATE,SLUG,board slug/host token equals domain company token but names differ; inspect,false,,LEGACY_SUPPORTED,MULTI_SOURCE_CANDIDATE
EMP-08361,KPMG Portugal,kpmg.com,Portugal,ats-scrapers,6b44a1badc9bfbf5cf176f75265cc5729e520e99,moka,KPMG,kpmg/74216,https://app.mokahr.com/social-recruitment/kpmg/74216,HIGH_CONFIDENCE,SLUG_PLUS_NAME,board slug/host token equals domain company token + compatible names,false,,UNSUPPORTED,MULTI_SOURCE_CANDIDATE
EMP-08361,KPMG Portugal,kpmg.com,Portugal,ats-scrapers,6b44a1badc9bfbf5cf176f75265cc5729e520e99,successfactors,Kpmg,KPMGHITPRD,https://careers.kpmg.it,HIGH_CONFIDENCE,URL_EXACT,internal resolved portal URL equals external board URL,false,,LEGACY_SUPPORTED,MULTI_SOURCE_CANDIDATE
EMP-08363,NTT DATA Portugal,nttdata.com,Portugal,ats-scrapers,6b44a1badc9bfbf5cf176f75265cc5729e520e99,eightfold,NTT DATA,nttdata,https://nttdata.eightfold.ai/careers,HIGH_CONFIDENCE,SLUG_PLUS_NAME,board slug/host token equals domain company token + compatible names,false,,DECLARATIVE_SUPPORTED,MULTI_SOURCE_CANDIDATE
EMP-08363,NTT DATA Portugal,nttdata.com,Portugal,ats-scrapers,6b44a1badc9bfbf5cf176f75265cc5729e520e99,smartrecruiters,NTT Data,nttdata,https://careers.smartrecruiters.com/nttdata,HIGH_CONFIDENCE,SLUG_PLUS_NAME,board slug/host token equals domain company token + compatible names,false,,LEGACY_SUPPORTED,MULTI_SOURCE_CANDIDATE
EMP-08364,OutSystems,,Portugal,ats-scrapers,6b44a1badc9bfbf5cf176f75265cc5729e520e99,workday,OutSystems,outsystems/outsystems,https://outsystems.wd503.myworkdayjobs.com/outsystems,CANDIDATE,NAME_EXACT,"exact normalized name match, no domain evidence; inspect",false,,LEGACY_SUPPORTED,SINGLE_SOURCE_CANDIDATE
EMP-08365,PwC Portugal,pwc.com,Portugal,ats-scrapers,6b44a1badc9bfbf5cf176f75265cc5729e520e99,cornerstone,PwC Portugal,https://pwcportugal.csod.com/ux/ats/careersite/4/home?c=pwcportugal,https://pwcportugal.csod.com/ux/ats/careersite/4/home?c=pwcportugal,CANDIDATE,NAME_EXACT,"exact normalized name match, no domain evidence; inspect",false,,UNSUPPORTED,MULTI_SOURCE_CANDIDATE
EMP-08365,PwC Portugal,pwc.com,Portugal,ats-scrapers,6b44a1badc9bfbf5cf176f75265cc5729e520e99,cornerstone,PwC Portugal,pwcportugal,https://pwcportugal.csod.com/ux/ats/careersite/1/home?c=pwcportugal,CANDIDATE,NAME_EXACT,"exact normalized name match, no domain evidence; inspect",false,,UNSUPPORTED,MULTI_SOURCE_CANDIDATE
EMP-08365,PwC Portugal,pwc.com,Portugal,ats-scrapers,6b44a1badc9bfbf5cf176f75265cc5729e520e99,darwinbox,PwC Asia,pwc.com,https://pwc.darwinbox.com/ms/candidate/careers,CANDIDATE,SLUG,board slug/host token equals domain company token but names differ; inspect,false,,UNSUPPORTED,MULTI_SOURCE_CANDIDATE
EMP-08365,PwC Portugal,pwc.com,Portugal,ats-scrapers,6b44a1badc9bfbf5cf176f75265cc5729e520e99,moka,PwC China,pwc/140014,https://app.mokahr.com/social-recruitment/pwc/140014,CANDIDATE,SLUG,board slug/host token equals domain company token but names differ; inspect,false,,UNSUPPORTED,MULTI_SOURCE_CANDIDATE
EMP-08365,PwC Portugal,pwc.com,Portugal,ats-scrapers,6b44a1badc9bfbf5cf176f75265cc5729e520e99,smartrecruiters,PwC Portugal,pwcportugal,https://careers.smartrecruiters.com/pwcportugal,CANDIDATE,NAME_EXACT,"exact normalized name match, no domain evidence; inspect",false,,LEGACY_SUPPORTED,MULTI_SOURCE_CANDIDATE
EMP-08365,PwC Portugal,pwc.com,Portugal,ats-scrapers,6b44a1badc9bfbf5cf176f75265cc5729e520e99,workday,Pwc (Crm Experienced Careers Site),pwc/crm_experienced_careers_site,https://pwc.wd3.myworkdayjobs.com/crm_experienced_careers_site,CANDIDATE,SLUG,board slug/host token equals domain company token but names differ; inspect,false,,LEGACY_SUPPORTED,MULTI_SOURCE_CANDIDATE
EMP-08365,PwC Portugal,pwc.com,Portugal,ats-scrapers,6b44a1badc9bfbf5cf176f75265cc5729e520e99,workday,Pwc,pwc/global_campus_careers,https://pwc.wd3.myworkdayjobs.com/global_campus_careers,CANDIDATE,SLUG,board slug/host token equals domain company token but names differ; inspect,false,,LEGACY_SUPPORTED,MULTI_SOURCE_CANDIDATE
EMP-08365,PwC Portugal,pwc.com,Portugal,ats-scrapers,6b44a1badc9bfbf5cf176f75265cc5729e520e99,workday,Pwc,pwc/global_experienced_careers,https://pwc.wd3.myworkdayjobs.com/global_experienced_careers,CANDIDATE,SLUG,board slug/host token equals domain company token but names differ; inspect,false,,LEGACY_SUPPORTED,MULTI_SOURCE_CANDIDATE
EMP-08365,PwC Portugal,pwc.com,Portugal,ats-scrapers,6b44a1badc9bfbf5cf176f75265cc5729e520e99,workday,Pwc (Nonpublic Postings),pwc/nonpublic_postings,https://pwc.wd3.myworkdayjobs.com/nonpublic_postings,CANDIDATE,SLUG,board slug/host token equals domain company token but names differ; inspect,false,,LEGACY_SUPPORTED,MULTI_SOURCE_CANDIDATE
EMP-08365,PwC Portugal,pwc.com,Portugal,ats-scrapers,6b44a1badc9bfbf5cf176f75265cc5729e520e99,workday,Pwc,pwc/us_experienced_careers,https://pwc.wd3.myworkdayjobs.com/us_experienced_careers,CANDIDATE,SLUG,board slug/host token equals domain company token but names differ; inspect,false,,LEGACY_SUPPORTED,MULTI_SOURCE_CANDIDATE
EMP-08366,REN,,Portugal,ats-scrapers,6b44a1badc9bfbf5cf176f75265cc5729e520e99,greenhouse,Ren,renpsg,https://job-boards.greenhouse.io/renpsg,CANDIDATE,NAME_EXACT,"exact normalized name match, no domain evidence; inspect",false,,LEGACY_SUPPORTED,MULTI_SOURCE_CANDIDATE
EMP-08366,REN,,Portugal,ats-scrapers,6b44a1badc9bfbf5cf176f75265cc5729e520e99,jazzhr,ren,ren,https://ren.applytojob.com,CANDIDATE,NAME_EXACT,"exact normalized name match, no domain evidence; inspect",false,,UNSUPPORTED,MULTI_SOURCE_CANDIDATE
EMP-08368,Sword Health,,Portugal,ats-scrapers,6b44a1badc9bfbf5cf176f75265cc5729e520e99,lever,Sword Health,swordhealth,https://jobs.lever.co/swordhealth,CANDIDATE,NAME_EXACT,"exact normalized name match, no domain evidence; inspect",false,,LEGACY_SUPPORTED,SINGLE_SOURCE_CANDIDATE
EMP-08369,Talkdesk,,Portugal,ats-scrapers,6b44a1badc9bfbf5cf176f75265cc5729e520e99,ashby,Talkdesk,talkdesk,https://jobs.ashbyhq.com/talkdesk,CANDIDATE,NAME_EXACT,"exact normalized name match, no domain evidence; inspect",false,,LEGACY_SUPPORTED,MULTI_SOURCE_CANDIDATE
EMP-08369,Talkdesk,,Portugal,ats-scrapers,6b44a1badc9bfbf5cf176f75265cc5729e520e99,greenhouse,Talkdesk,talkdesk2,https://job-boards.greenhouse.io/talkdesk2,CANDIDATE,NAME_EXACT,"exact normalized name match, no domain evidence; inspect",false,,LEGACY_SUPPORTED,MULTI_SOURCE_CANDIDATE
EMP-08371,Critical Software,,Portugal,ats-scrapers,6b44a1badc9bfbf5cf176f75265cc5729e520e99,breezy,Critical Software,critical-software,https://critical-software.breezy.hr,CANDIDATE,NAME_EXACT,"exact normalized name match, no domain evidence; inspect",false,,UNSUPPORTED,SINGLE_SOURCE_CANDIDATE
EMP-08375,CCG,,Portugal,ats-scrapers,6b44a1badc9bfbf5cf176f75265cc5729e520e99,bamboohr,ccg,ccg,https://ccg.bamboohr.com/careers,CANDIDATE,NAME_EXACT,"exact normalized name match, no domain evidence; inspect",false,,UNSUPPORTED,SINGLE_SOURCE_CANDIDATE
EMP-08376,CEIIA,,Portugal,ats-scrapers,6b44a1badc9bfbf5cf176f75265cc5729e520e99,smartrecruiters,CEiiA,CEiiA,https://careers.smartrecruiters.com/CEiiA,CANDIDATE,NAME_EXACT,"exact normalized name match, no domain evidence; inspect",false,,LEGACY_SUPPORTED,SINGLE_SOURCE_CANDIDATE
EMP-08415,ING Bank Romania,ing.com,Romania,ats-scrapers,6b44a1badc9bfbf5cf176f75265cc5729e520e99,workday,Ing,ing/icsausdir,https://ing.wd3.myworkdayjobs.com/icsausdir,CANDIDATE,SLUG,board slug/host token equals domain company token but names differ; inspect,false,,LEGACY_SUPPORTED,MULTI_SOURCE_CANDIDATE
EMP-08415,ING Bank Romania,ing.com,Romania,ats-scrapers,6b44a1badc9bfbf5cf176f75265cc5729e520e99,workday,ING,ing/icsgblcor,https://ing.wd3.myworkdayjobs.com/icsgblcor,CANDIDATE,SLUG,board slug/host token equals domain company token but names differ; inspect,false,,LEGACY_SUPPORTED,MULTI_SOURCE_CANDIDATE
EMP-08415,ING Bank Romania,ing.com,Romania,ats-scrapers,6b44a1badc9bfbf5cf176f75265cc5729e520e99,workday,Ing,ing/icsnldgen,https://ing.wd3.myworkdayjobs.com/icsnldgen,CANDIDATE,SLUG,board slug/host token equals domain company token but names differ; inspect,false,,LEGACY_SUPPORTED,MULTI_SOURCE_CANDIDATE
EMP-08415,ING Bank Romania,ing.com,Romania,ats-scrapers,6b44a1badc9bfbf5cf176f75265cc5729e520e99,workday,Ing (Jvsgblcor),ing/jvsgblcor,https://ing.wd3.myworkdayjobs.com/jvsgblcor,CANDIDATE,SLUG,board slug/host token equals domain company token but names differ; inspect,false,,LEGACY_SUPPORTED,MULTI_SOURCE_CANDIDATE
EMP-08416,Intesa Sanpaolo Bank Romania,group.intesasanpaolo.com,Romania,ats-scrapers,6b44a1badc9bfbf5cf176f75265cc5729e520e99,successfactors,Intesa Sanpaolo,jobs,https://jobs.intesasanpaolo.com,HIGH_CONFIDENCE,URL_EXACT,internal resolved portal URL equals external board URL,false,,LEGACY_SUPPORTED,SINGLE_SOURCE_CANDIDATE
EMP-08434,E.ON Assist Complet,eon.com,Romania,ats-scrapers,6b44a1badc9bfbf5cf176f75265cc5729e520e99,bamboohr,eon,eon,https://eon.bamboohr.com/careers,CANDIDATE,SLUG,board slug/host token equals domain company token but names differ; inspect,false,,UNSUPPORTED,SINGLE_SOURCE_CANDIDATE
EMP-08435,E.ON Energie România,eon.com,Romania,ats-scrapers,6b44a1badc9bfbf5cf176f75265cc5729e520e99,bamboohr,eon,eon,https://eon.bamboohr.com/careers,CANDIDATE,SLUG,board slug/host token equals domain company token but names differ; inspect,false,,UNSUPPORTED,SINGLE_SOURCE_CANDIDATE
EMP-08436,E.ON România,eon.com,Romania,ats-scrapers,6b44a1badc9bfbf5cf176f75265cc5729e520e99,bamboohr,eon,eon,https://eon.bamboohr.com/careers,CANDIDATE,SLUG,board slug/host token equals domain company token but names differ; inspect,false,,UNSUPPORTED,SINGLE_SOURCE_CANDIDATE
EMP-08462,Generali România,generali.com,Romania,ats-scrapers,6b44a1badc9bfbf5cf176f75265cc5729e520e99,teamtailor,Generali,generali,https://generali.teamtailor.com,HIGH_CONFIDENCE,SLUG_PLUS_NAME,board slug/host token equals domain company token + compatible names,false,,UNSUPPORTED,SINGLE_SOURCE_CANDIDATE
EMP-08477,Amazon Development Center Romania,amazon.com,Romania,ats-scrapers,6b44a1badc9bfbf5cf176f75265cc5729e520e99,breezy,Amazon,amazon,https://amazon.breezy.hr,HIGH_CONFIDENCE,SLUG_PLUS_NAME,board slug/host token equals domain company token + compatible names,false,,UNSUPPORTED,MULTI_SOURCE_CANDIDATE
EMP-08477,Amazon Development Center Romania,amazon.com,Romania,ats-scrapers,6b44a1badc9bfbf5cf176f75265cc5729e520e99,personio,amazon,amazon,https://amazon.jobs.personio.com,HIGH_CONFIDENCE,SLUG_PLUS_NAME,board slug/host token equals domain company token + compatible names,false,,UNSUPPORTED,MULTI_SOURCE_CANDIDATE
EMP-08477,Amazon Development Center Romania,amazon.com,Romania,ats-scrapers,6b44a1badc9bfbf5cf176f75265cc5729e520e99,smartrecruiters,Amazon,amazon,https://careers.smartrecruiters.com/amazon,HIGH_CONFIDENCE,SLUG_PLUS_NAME,board slug/host token equals domain company token + compatible names,false,,LEGACY_SUPPORTED,MULTI_SOURCE_CANDIDATE
EMP-08477,Amazon Development Center Romania,amazon.com,Romania,ats-scrapers,6b44a1badc9bfbf5cf176f75265cc5729e520e99,workable,Amazon,amazon,https://apply.workable.com/amazon,HIGH_CONFIDENCE,SLUG_PLUS_NAME,board slug/host token equals domain company token + compatible names,false,,UNSUPPORTED,MULTI_SOURCE_CANDIDATE
EMP-08487,Deutsche Bank Technology Romania,db.com,Romania,ats-scrapers,6b44a1badc9bfbf5cf176f75265cc5729e520e99,workday,Db,db/dbwebsite,https://db.wd3.myworkdayjobs.com/dbwebsite,CANDIDATE,SLUG,board slug/host token equals domain company token but names differ; inspect,false,,LEGACY_SUPPORTED,MULTI_SOURCE_CANDIDATE
EMP-08487,Deutsche Bank Technology Romania,db.com,Romania,ats-scrapers,6b44a1badc9bfbf5cf176f75265cc5729e520e99,workday,DWS,db/dwswebsite,https://db.wd3.myworkdayjobs.com/dwswebsite,CANDIDATE,SLUG,board slug/host token equals domain company token but names differ; inspect,false,,LEGACY_SUPPORTED,MULTI_SOURCE_CANDIDATE
EMP-08490,Eviden Romania,atos.net,Romania,ats-scrapers,6b44a1badc9bfbf5cf176f75265cc5729e520e99,successfactors,Atos,jobs,https://jobs.atos.net,HIGH_CONFIDENCE,URL_EXACT,internal resolved portal URL equals external board URL,false,,LEGACY_SUPPORTED,SINGLE_SOURCE_CANDIDATE
EMP-08493,Google Romania,abc.xyz,Romania,ats-scrapers,6b44a1badc9bfbf5cf176f75265cc5729e520e99,breezy,abc,abc,https://abc.breezy.hr,CANDIDATE,SLUG,board slug/host token equals domain company token but names differ; inspect,false,,UNSUPPORTED,MULTI_SOURCE_CANDIDATE
EMP-08493,Google Romania,abc.xyz,Romania,ats-scrapers,6b44a1badc9bfbf5cf176f75265cc5729e520e99,greenhouse,ThoughtWorks_new,abc,https://job-boards.greenhouse.io/abc,CANDIDATE,SLUG,board slug/host token equals domain company token but names differ; inspect,false,,LEGACY_SUPPORTED,MULTI_SOURCE_CANDIDATE
EMP-08493,Google Romania,abc.xyz,Romania,ats-scrapers,6b44a1badc9bfbf5cf176f75265cc5729e520e99,hrmos,株式会社アートブレーンカンパニー（ABC）,abc,https://hrmos.co/pages/abc/jobs,CANDIDATE,SLUG,board slug/host token equals domain company token but names differ; inspect,false,,UNSUPPORTED,MULTI_SOURCE_CANDIDATE
EMP-08493,Google Romania,abc.xyz,Romania,ats-scrapers,6b44a1badc9bfbf5cf176f75265cc5729e520e99,rippling,abc,abc,https://ats.rippling.com/abc/jobs,CANDIDATE,SLUG,board slug/host token equals domain company token but names differ; inspect,false,,UNSUPPORTED,MULTI_SOURCE_CANDIDATE
EMP-08493,Google Romania,abc.xyz,Romania,ats-scrapers,6b44a1badc9bfbf5cf176f75265cc5729e520e99,smartrecruiters,Bacalaoo AG,abc,https://careers.smartrecruiters.com/abc,CANDIDATE,SLUG,board slug/host token equals domain company token but names differ; inspect,false,,LEGACY_SUPPORTED,MULTI_SOURCE_CANDIDATE
EMP-08495,Heimdal Security,,Romania,ats-scrapers,6b44a1badc9bfbf5cf176f75265cc5729e520e99,bamboohr,heimdalsecurity,heimdalsecurity,https://heimdalsecurity.bamboohr.com/careers,CANDIDATE,NAME_EXACT,"exact normalized name match, no domain evidence; inspect",false,,UNSUPPORTED,SINGLE_SOURCE_CANDIDATE
EMP-08497,ING Hubs Romania,ing.com,Romania,ats-scrapers,6b44a1badc9bfbf5cf176f75265cc5729e520e99,workday,Ing,ing/icsausdir,https://ing.wd3.myworkdayjobs.com/icsausdir,CANDIDATE,SLUG,board slug/host token equals domain company token but names differ; inspect,false,,LEGACY_SUPPORTED,MULTI_SOURCE_CANDIDATE
EMP-08497,ING Hubs Romania,ing.com,Romania,ats-scrapers,6b44a1badc9bfbf5cf176f75265cc5729e520e99,workday,ING,ing/icsgblcor,https://ing.wd3.myworkdayjobs.com/icsgblcor,CANDIDATE,SLUG,board slug/host token equals domain company token but names differ; inspect,false,,LEGACY_SUPPORTED,MULTI_SOURCE_CANDIDATE
EMP-08497,ING Hubs Romania,ing.com,Romania,ats-scrapers,6b44a1badc9bfbf5cf176f75265cc5729e520e99,workday,Ing,ing/icsnldgen,https://ing.wd3.myworkdayjobs.com/icsnldgen,CANDIDATE,SLUG,board slug/host token equals domain company token but names differ; inspect,false,,LEGACY_SUPPORTED,MULTI_SOURCE_CANDIDATE
EMP-08497,ING Hubs Romania,ing.com,Romania,ats-scrapers,6b44a1badc9bfbf5cf176f75265cc5729e520e99,workday,Ing (Jvsgblcor),ing/jvsgblcor,https://ing.wd3.myworkdayjobs.com/jvsgblcor,CANDIDATE,SLUG,board slug/host token equals domain company token but names differ; inspect,false,,LEGACY_SUPPORTED,MULTI_SOURCE_CANDIDATE
EMP-08498,Microsoft Romania,microsoft.com,Romania,ats-scrapers,6b44a1badc9bfbf5cf176f75265cc5729e520e99,eightfold,Microsoft,microsoft,https://microsoft.eightfold.ai/careers,HIGH_CONFIDENCE,SLUG_PLUS_NAME,board slug/host token equals domain company token + compatible names,false,,DECLARATIVE_SUPPORTED,MULTI_SOURCE_CANDIDATE
EMP-08498,Microsoft Romania,microsoft.com,Romania,ats-scrapers,6b44a1badc9bfbf5cf176f75265cc5729e520e99,smartrecruiters,Microsoft,microsoft,https://careers.smartrecruiters.com/microsoft,HIGH_CONFIDENCE,SLUG_PLUS_NAME,board slug/host token equals domain company token + compatible names,false,,LEGACY_SUPPORTED,MULTI_SOURCE_CANDIDATE
EMP-08498,Microsoft Romania,microsoft.com,Romania,ats-scrapers,6b44a1badc9bfbf5cf176f75265cc5729e520e99,workable,Microsoft,microsoft,https://apply.workable.com/microsoft,HIGH_CONFIDENCE,SLUG_PLUS_NAME,board slug/host token equals domain company token + compatible names,false,,UNSUPPORTED,MULTI_SOURCE_CANDIDATE
EMP-08501,Oracle Romania,oracle.com,Romania,ats-scrapers,6b44a1badc9bfbf5cf176f75265cc5729e520e99,smartrecruiters,Oracle,oracle,https://careers.smartrecruiters.com/oracle,HIGH_CONFIDENCE,SLUG_PLUS_NAME,board slug/host token equals domain company token + compatible names,false,,LEGACY_SUPPORTED,SINGLE_SOURCE_CANDIDATE
EMP-08506,SAP Romania,sap.com,Romania,ats-scrapers,6b44a1badc9bfbf5cf176f75265cc5729e520e99,bamboohr,sap,sap,https://sap.bamboohr.com/careers,CANDIDATE,SLUG,board slug/host token equals domain company token but names differ; inspect,false,,UNSUPPORTED,MULTI_SOURCE_CANDIDATE
EMP-08506,SAP Romania,sap.com,Romania,ats-scrapers,6b44a1badc9bfbf5cf176f75265cc5729e520e99,smartrecruiters,SAP,sap,https://careers.smartrecruiters.com/sap,CANDIDATE,SLUG,board slug/host token equals domain company token but names differ; inspect,false,,LEGACY_SUPPORTED,MULTI_SOURCE_CANDIDATE
EMP-08506,SAP Romania,sap.com,Romania,ats-scrapers,6b44a1badc9bfbf5cf176f75265cc5729e520e99,successfactors,SAP,jobs,https://jobs.sap.com,HIGH_CONFIDENCE,URL_EXACT,internal resolved portal URL equals external board URL,false,,LEGACY_SUPPORTED,MULTI_SOURCE_CANDIDATE
EMP-08510,TotalSoft,,Romania,ats-scrapers,6b44a1badc9bfbf5cf176f75265cc5729e520e99,jazzhr,TotalSoft,totalsoft,https://totalsoft.applytojob.com,CANDIDATE,NAME_EXACT,"exact normalized name match, no domain evidence; inspect",false,,UNSUPPORTED,SINGLE_SOURCE_CANDIDATE
EMP-08511,UiPath,,Romania,ats-scrapers,6b44a1badc9bfbf5cf176f75265cc5729e520e99,ashby,UiPath,uipath,https://jobs.ashbyhq.com/uipath,CANDIDATE,NAME_EXACT,"exact normalized name match, no domain evidence; inspect",false,,LEGACY_SUPPORTED,SINGLE_SOURCE_CANDIDATE
EMP-08513,Vodafone Romania,vodafone.com,Romania,ats-scrapers,6b44a1badc9bfbf5cf176f75265cc5729e520e99,eightfold,Vodafone,vodafone,https://vodafone.eightfold.ai/careers,HIGH_CONFIDENCE,SLUG_PLUS_NAME,board slug/host token equals domain company token + compatible names,false,,DECLARATIVE_SUPPORTED,MULTI_SOURCE_CANDIDATE
EMP-08513,Vodafone Romania,vodafone.com,Romania,ats-scrapers,6b44a1badc9bfbf5cf176f75265cc5729e520e99,smartrecruiters,Vodafone,vodafone,https://careers.smartrecruiters.com/vodafone,HIGH_CONFIDENCE,SLUG_PLUS_NAME,board slug/host token equals domain company token + compatible names,false,,LEGACY_SUPPORTED,MULTI_SOURCE_CANDIDATE
EMP-08513,Vodafone Romania,vodafone.com,Romania,ats-scrapers,6b44a1badc9bfbf5cf176f75265cc5729e520e99,successfactors,Vodafone,vodafone,https://opportunities.vodafone.com,HIGH_CONFIDENCE,SLUG_PLUS_NAME,board slug/host token equals domain company token + compatible names,false,,LEGACY_SUPPORTED,MULTI_SOURCE_CANDIDATE
EMP-08518,BCR,,Romania,ats-scrapers,6b44a1badc9bfbf5cf176f75265cc5729e520e99,join_com,BCR,bcr-recouvrementcom,https://join.com/companies/bcr-recouvrementcom,CANDIDATE,NAME_EXACT,"exact normalized name match, no domain evidence; inspect",false,,UNSUPPORTED,SINGLE_SOURCE_CANDIDATE
EMP-08535,OCBC,ocbc.com,Singapore,ats-scrapers,6b44a1badc9bfbf5cf176f75265cc5729e520e99,oracle,OCBC,empq,https://empq.fa.ap2.oraclecloud.com/hcmUI/CandidateExperience/en/sites/CX_1001,CANDIDATE,NAME_EXACT,"exact normalized name match, no domain evidence; inspect",false,,LEGACY_SUPPORTED,MULTI_SOURCE_CANDIDATE
EMP-08535,OCBC,ocbc.com,Singapore,ats-scrapers,6b44a1badc9bfbf5cf176f75265cc5729e520e99,workday,Ocbc,ocbc/external,https://ocbc.wd102.myworkdayjobs.com/external,HIGH_CONFIDENCE,SLUG_PLUS_NAME,board slug/host token equals domain company token + compatible names,false,,LEGACY_SUPPORTED,MULTI_SOURCE_CANDIDATE
EMP-08536,United Overseas Bank,uobgroup.com,Singapore,ats-scrapers,6b44a1badc9bfbf5cf176f75265cc5729e520e99,workday,United Overseas Bank,uobgroup/UOBExternal,https://uobgroup.wd3.myworkdayjobs.com/UOBExternal,HIGH_CONFIDENCE,SLUG_PLUS_NAME,board slug/host token equals domain company token + compatible names,false,,LEGACY_SUPPORTED,SINGLE_SOURCE_CANDIDATE
EMP-08537,DBS Bank,dbs.com,Singapore,ats-scrapers,6b44a1badc9bfbf5cf176f75265cc5729e520e99,personio,dbs,dbs,https://dbs.jobs.personio.com,CANDIDATE,SLUG,board slug/host token equals domain company token but names differ; inspect,false,,UNSUPPORTED,MULTI_SOURCE_CANDIDATE
EMP-08537,DBS Bank,dbs.com,Singapore,ats-scrapers,6b44a1badc9bfbf5cf176f75265cc5729e520e99,workday,Dbs,dbs/DBS_Careers,https://dbs.wd3.myworkdayjobs.com/DBS_Careers,CANDIDATE,SLUG,board slug/host token equals domain company token but names differ; inspect,false,,LEGACY_SUPPORTED,MULTI_SOURCE_CANDIDATE
EMP-08545,Cisco Systems Singapore,cisco.com,Singapore,ats-scrapers,6b44a1badc9bfbf5cf176f75265cc5729e520e99,workday,Cisco,cisco/cisco_careers,https://cisco.wd5.myworkdayjobs.com/cisco_careers,HIGH_CONFIDENCE,SLUG_PLUS_NAME,board slug/host token equals domain company token + compatible names,false,,LEGACY_SUPPORTED,SINGLE_SOURCE_CANDIDATE
EMP-08557,NTT Singapore,nttdata.com,Singapore,ats-scrapers,6b44a1badc9bfbf5cf176f75265cc5729e520e99,eightfold,NTT DATA,nttdata,https://nttdata.eightfold.ai/careers,CANDIDATE,SLUG,board slug/host token equals domain company token but names differ; inspect,false,,DECLARATIVE_SUPPORTED,MULTI_SOURCE_CANDIDATE
EMP-08557,NTT Singapore,nttdata.com,Singapore,ats-scrapers,6b44a1badc9bfbf5cf176f75265cc5729e520e99,smartrecruiters,NTT Data,nttdata,https://careers.smartrecruiters.com/nttdata,CANDIDATE,SLUG,board slug/host token equals domain company token but names differ; inspect,false,,LEGACY_SUPPORTED,MULTI_SOURCE_CANDIDATE
EMP-08563,Proofpoint Singapore,proofpoint.com,Singapore,ats-scrapers,6b44a1badc9bfbf5cf176f75265cc5729e520e99,workday,Proofpoint,proofpoint/proofpointcareers,https://proofpoint.wd5.myworkdayjobs.com/proofpointcareers,HIGH_CONFIDENCE,URL_EXACT,internal resolved portal URL equals external board URL,false,,LEGACY_SUPPORTED,SINGLE_SOURCE_CANDIDATE
EMP-08572,Trend Micro Singapore,trendmicro.com,Singapore,ats-scrapers,6b44a1badc9bfbf5cf176f75265cc5729e520e99,workday,Trendmicro,trendmicro/external,https://trendmicro.wd3.myworkdayjobs.com/external,HIGH_CONFIDENCE,SLUG_PLUS_NAME,board slug/host token equals domain company token + compatible names,false,,LEGACY_SUPPORTED,SINGLE_SOURCE_CANDIDATE
EMP-08576,CFCI,,Singapore,ats-scrapers,6b44a1badc9bfbf5cf176f75265cc5729e520e99,bamboohr,cfci,cfci,https://cfci.bamboohr.com/careers,CANDIDATE,NAME_EXACT,"exact normalized name match, no domain evidence; inspect",false,,UNSUPPORTED,SINGLE_SOURCE_CANDIDATE
EMP-08578,Cisco Singapore,cisco.com,Singapore,ats-scrapers,6b44a1badc9bfbf5cf176f75265cc5729e520e99,workday,Cisco,cisco/cisco_careers,https://cisco.wd5.myworkdayjobs.com/cisco_careers,HIGH_CONFIDENCE,SLUG_PLUS_NAME,board slug/host token equals domain company token + compatible names,false,,LEGACY_SUPPORTED,SINGLE_SOURCE_CANDIDATE
EMP-08579,Cloudflare Singapore,cloudflare.com,Singapore,ats-scrapers,6b44a1badc9bfbf5cf176f75265cc5729e520e99,greenhouse,Cloudflare,cloudflare,https://job-boards.greenhouse.io/cloudflare,HIGH_CONFIDENCE,SLUG_PLUS_NAME,board slug/host token equals domain company token + compatible names,false,,LEGACY_SUPPORTED,MULTI_SOURCE_CANDIDATE
EMP-08579,Cloudflare Singapore,cloudflare.com,Singapore,ats-scrapers,6b44a1badc9bfbf5cf176f75265cc5729e520e99,smartrecruiters,Cloudflare,cloudflare,https://careers.smartrecruiters.com/cloudflare,HIGH_CONFIDENCE,SLUG_PLUS_NAME,board slug/host token equals domain company token + compatible names,false,,LEGACY_SUPPORTED,MULTI_SOURCE_CANDIDATE
EMP-08580,CrowdStrike Singapore,crowdstrike.com,Singapore,ats-scrapers,6b44a1badc9bfbf5cf176f75265cc5729e520e99,workday,CrowdStrike,crowdstrike/crowdstrikecareers,https://crowdstrike.wd5.myworkdayjobs.com/crowdstrikecareers,HIGH_CONFIDENCE,URL_EXACT,internal resolved portal URL equals external board URL,false,,LEGACY_SUPPORTED,SINGLE_SOURCE_CANDIDATE
EMP-08590,Palo Alto Networks Singapore,paloaltonetworks.com,Singapore,ats-scrapers,6b44a1badc9bfbf5cf176f75265cc5729e520e99,workday,Paloaltonetworks,paloaltonetworks/panwexternalcareers,https://paloaltonetworks.wd5.myworkdayjobs.com/panwexternalcareers,HIGH_CONFIDENCE,SLUG_PLUS_NAME,board slug/host token equals domain company token + compatible names,false,,LEGACY_SUPPORTED,SINGLE_SOURCE_CANDIDATE
EMP-08593,RTC,,Singapore,ats-scrapers,6b44a1badc9bfbf5cf176f75265cc5729e520e99,bamboohr,rtc,rtc,https://rtc.bamboohr.com/careers,CANDIDATE,NAME_EXACT,"exact normalized name match, no domain evidence; inspect",false,,UNSUPPORTED,SINGLE_SOURCE_CANDIDATE
EMP-08595,Semperis,,Singapore,ats-scrapers,6b44a1badc9bfbf5cf176f75265cc5729e520e99,ashby,Semperis,semperis,https://jobs.ashbyhq.com/semperis,CANDIDATE,NAME_EXACT,"exact normalized name match, no domain evidence; inspect",false,,LEGACY_SUPPORTED,MULTI_SOURCE_CANDIDATE
EMP-08595,Semperis,,Singapore,ats-scrapers,6b44a1badc9bfbf5cf176f75265cc5729e520e99,bamboohr,Semperis,semperis,https://semperis.bamboohr.com/careers,CANDIDATE,NAME_EXACT,"exact normalized name match, no domain evidence; inspect",false,,UNSUPPORTED,MULTI_SOURCE_CANDIDATE
EMP-08600,Assurity Trusted Solutions,,Singapore,ats-scrapers,6b44a1badc9bfbf5cf176f75265cc5729e520e99,workable,Assurity Trusted Solutions,assurity-trusted-solutions,https://apply.workable.com/assurity-trusted-solutions,CANDIDATE,NAME_EXACT,"exact normalized name match, no domain evidence; inspect",false,,UNSUPPORTED,SINGLE_SOURCE_CANDIDATE
EMP-08606,Delinea,,Singapore,ats-scrapers,6b44a1badc9bfbf5cf176f75265cc5729e520e99,ashby,Delinea,delinea,https://jobs.ashbyhq.com/delinea,CANDIDATE,NAME_EXACT,"exact normalized name match, no domain evidence; inspect",false,,LEGACY_SUPPORTED,SINGLE_SOURCE_CANDIDATE
EMP-08607,Ensign InfoSecurity,,Singapore,ats-scrapers,6b44a1badc9bfbf5cf176f75265cc5729e520e99,workday,Ensign InfoSecurity,ensigninfosecurity/ensign_careers,https://ensigninfosecurity.wd3.myworkdayjobs.com/ensign_careers,CANDIDATE,NAME_EXACT,"exact normalized name match, no domain evidence; inspect",false,,LEGACY_SUPPORTED,SINGLE_SOURCE_CANDIDATE
EMP-08610,Google Cloud Security,abc.xyz,Singapore,ats-scrapers,6b44a1badc9bfbf5cf176f75265cc5729e520e99,breezy,abc,abc,https://abc.breezy.hr,CANDIDATE,SLUG,board slug/host token equals domain company token but names differ; inspect,false,,UNSUPPORTED,MULTI_SOURCE_CANDIDATE
EMP-08610,Google Cloud Security,abc.xyz,Singapore,ats-scrapers,6b44a1badc9bfbf5cf176f75265cc5729e520e99,greenhouse,ThoughtWorks_new,abc,https://job-boards.greenhouse.io/abc,CANDIDATE,SLUG,board slug/host token equals domain company token but names differ; inspect,false,,LEGACY_SUPPORTED,MULTI_SOURCE_CANDIDATE
EMP-08610,Google Cloud Security,abc.xyz,Singapore,ats-scrapers,6b44a1badc9bfbf5cf176f75265cc5729e520e99,hrmos,株式会社アートブレーンカンパニー（ABC）,abc,https://hrmos.co/pages/abc/jobs,CANDIDATE,SLUG,board slug/host token equals domain company token but names differ; inspect,false,,UNSUPPORTED,MULTI_SOURCE_CANDIDATE
EMP-08610,Google Cloud Security,abc.xyz,Singapore,ats-scrapers,6b44a1badc9bfbf5cf176f75265cc5729e520e99,rippling,abc,abc,https://ats.rippling.com/abc/jobs,CANDIDATE,SLUG,board slug/host token equals domain company token but names differ; inspect,false,,UNSUPPORTED,MULTI_SOURCE_CANDIDATE
EMP-08610,Google Cloud Security,abc.xyz,Singapore,ats-scrapers,6b44a1badc9bfbf5cf176f75265cc5729e520e99,smartrecruiters,Bacalaoo AG,abc,https://careers.smartrecruiters.com/abc,CANDIDATE,SLUG,board slug/host token equals domain company token but names differ; inspect,false,,LEGACY_SUPPORTED,MULTI_SOURCE_CANDIDATE
EMP-08614,Singtel,singtel.com,Singapore,ats-scrapers,6b44a1badc9bfbf5cf176f75265cc5729e520e99,successfactors,Groupcareers,groupcareers,https://groupcareers.singtel.com,HIGH_CONFIDENCE,URL_EXACT,internal resolved portal URL equals external board URL,false,,LEGACY_SUPPORTED,SINGLE_SOURCE_CANDIDATE
EMP-08615,ST Engineering,stengg.com,Singapore,ats-scrapers,6b44a1badc9bfbf5cf176f75265cc5729e520e99,join_com,ST Engineering Applied Solutions GmbH,stengg,https://join.com/companies/stengg,HIGH_CONFIDENCE,SLUG_PLUS_NAME,board slug/host token equals domain company token + compatible names,false,,UNSUPPORTED,MULTI_SOURCE_CANDIDATE
EMP-08615,ST Engineering,stengg.com,Singapore,ats-scrapers,6b44a1badc9bfbf5cf176f75265cc5729e520e99,successfactors,ST Engineering,careers,https://careers.stengg.com,HIGH_CONFIDENCE,URL_EXACT,internal resolved portal URL equals external board URL,false,,LEGACY_SUPPORTED,MULTI_SOURCE_CANDIDATE
EMP-08628,Advantech,,Singapore,ats-scrapers,6b44a1badc9bfbf5cf176f75265cc5729e520e99,recruiterbox,Advantech,advantech,https://advantech.hire.trakstar.com/jobs,CANDIDATE,NAME_EXACT,"exact normalized name match, no domain evidence; inspect",false,,UNSUPPORTED,MULTI_SOURCE_CANDIDATE
EMP-08628,Advantech,,Singapore,ats-scrapers,6b44a1badc9bfbf5cf176f75265cc5729e520e99,workday,Advantech,advantech/external,https://advantech.wd3.myworkdayjobs.com/external,CANDIDATE,NAME_EXACT,"exact normalized name match, no domain evidence; inspect",false,,LEGACY_SUPPORTED,MULTI_SOURCE_CANDIDATE
EMP-08634,AGC,,Singapore,ats-scrapers,6b44a1badc9bfbf5cf176f75265cc5729e520e99,bamboohr,agc,agc,https://agc.bamboohr.com/careers,CANDIDATE,NAME_EXACT,"exact normalized name match, no domain evidence; inspect",false,,UNSUPPORTED,MULTI_SOURCE_CANDIDATE
EMP-08634,AGC,,Singapore,ats-scrapers,6b44a1badc9bfbf5cf176f75265cc5729e520e99,join_com,AGC,cerfrance,https://join.com/companies/cerfrance,CANDIDATE,NAME_EXACT,"exact normalized name match, no domain evidence; inspect",false,,UNSUPPORTED,MULTI_SOURCE_CANDIDATE
EMP-08638,Airspace,,Singapore,ats-scrapers,6b44a1badc9bfbf5cf176f75265cc5729e520e99,greenhouse,Airspace,airspace,https://job-boards.greenhouse.io/airspace,CANDIDATE,NAME_EXACT,"exact normalized name match, no domain evidence; inspect",false,,LEGACY_SUPPORTED,SINGLE_SOURCE_CANDIDATE
EMP-08656,ASMPT,,Singapore,ats-scrapers,6b44a1badc9bfbf5cf176f75265cc5729e520e99,recruitee,ASMPT,asmpthk,https://asmpthk.recruitee.com,CANDIDATE,NAME_EXACT,"exact normalized name match, no domain evidence; inspect",false,,UNSUPPORTED,SINGLE_SOURCE_CANDIDATE
EMP-08675,CapitaLand Investment,,Singapore,ats-scrapers,6b44a1badc9bfbf5cf176f75265cc5729e520e99,workday,CapitaLand Investment,capitaland/capitalandinvestmentcareers,https://capitaland.wd3.myworkdayjobs.com/capitalandinvestmentcareers,CANDIDATE,NAME_EXACT,"exact normalized name match, no domain evidence; inspect",false,,LEGACY_SUPPORTED,SINGLE_SOURCE_CANDIDATE
EMP-08685,CMC,,Singapore,ats-scrapers,6b44a1badc9bfbf5cf176f75265cc5729e520e99,personio,cmc,cmc,https://cmc.jobs.personio.com,CANDIDATE,NAME_EXACT,"exact normalized name match, no domain evidence; inspect",false,,UNSUPPORTED,MULTI_SOURCE_CANDIDATE
EMP-08685,CMC,,Singapore,ats-scrapers,6b44a1badc9bfbf5cf176f75265cc5729e520e99,workable,CMC,cmcportal,https://apply.workable.com/cmcportal,CANDIDATE,NAME_EXACT,"exact normalized name match, no domain evidence; inspect",false,,UNSUPPORTED,MULTI_SOURCE_CANDIDATE
EMP-08697,Deloitte & Touche,deloitte.com,Singapore,ats-scrapers,6b44a1badc9bfbf5cf176f75265cc5729e520e99,eightfold,Deloitte,deloitte,https://deloitte.eightfold.ai/careers,HIGH_CONFIDENCE,SLUG_PLUS_NAME,board slug/host token equals domain company token + compatible names,false,,DECLARATIVE_SUPPORTED,SINGLE_SOURCE_CANDIDATE
EMP-08706,DSV Air & Sea,dsv.com,Singapore,ats-scrapers,6b44a1badc9bfbf5cf176f75265cc5729e520e99,successfactors,Work for DSV and forward your career | DSV,jobs,https://jobs.dsv.com,HIGH_CONFIDENCE,URL_EXACT,internal resolved portal URL equals external board URL,false,,LEGACY_SUPPORTED,SINGLE_SOURCE_CANDIDATE
EMP-08708,East West Bank,,Singapore,ats-scrapers,6b44a1badc9bfbf5cf176f75265cc5729e520e99,icims,East West Bank,eastwestbank,https://careers-eastwestbank.icims.com,CANDIDATE,NAME_EXACT,"exact normalized name match, no domain evidence; inspect",false,,UNSUPPORTED,SINGLE_SOURCE_CANDIDATE
EMP-08713,Endress+Hauser,,Singapore,ats-scrapers,6b44a1badc9bfbf5cf176f75265cc5729e520e99,successfactors,Endress+Hauser,careers,https://careers.endress.com,CANDIDATE,NAME_EXACT,"exact normalized name match, no domain evidence; inspect",false,,LEGACY_SUPPORTED,SINGLE_SOURCE_CANDIDATE
EMP-08714,Entegris,,Singapore,ats-scrapers,6b44a1badc9bfbf5cf176f75265cc5729e520e99,workday,Entegris,entegris/entegriscareers,https://entegris.wd1.myworkdayjobs.com/entegriscareers,CANDIDATE,NAME_EXACT,"exact normalized name match, no domain evidence; inspect",false,,LEGACY_SUPPORTED,SINGLE_SOURCE_CANDIDATE
EMP-08715,EOS,,Singapore,ats-scrapers,6b44a1badc9bfbf5cf176f75265cc5729e520e99,workday,Eos,eosenergystorage/eos,https://eosenergystorage.wd1.myworkdayjobs.com/eos,CANDIDATE,NAME_EXACT,"exact normalized name match, no domain evidence; inspect",false,,LEGACY_SUPPORTED,SINGLE_SOURCE_CANDIDATE
EMP-08718,EUV Tech,,Singapore,ats-scrapers,6b44a1badc9bfbf5cf176f75265cc5729e520e99,rippling,EUV Tech,euvtech,https://ats.rippling.com/euvtech/jobs,CANDIDATE,NAME_EXACT,"exact normalized name match, no domain evidence; inspect",false,,UNSUPPORTED,SINGLE_SOURCE_CANDIDATE
EMP-08730,Gauss Labs,,Singapore,ats-scrapers,6b44a1badc9bfbf5cf176f75265cc5729e520e99,bamboohr,Gausslabs,gausslabs,https://gausslabs.bamboohr.com/careers,CANDIDATE,NAME_EXACT,"exact normalized name match, no domain evidence; inspect",false,,UNSUPPORTED,MULTI_SOURCE_CANDIDATE
EMP-08730,Gauss Labs,,Singapore,ats-scrapers,6b44a1badc9bfbf5cf176f75265cc5729e520e99,lever,Gauss Labs,gausslabs,https://jobs.lever.co/gausslabs,CANDIDATE,NAME_EXACT,"exact normalized name match, no domain evidence; inspect",false,,LEGACY_SUPPORTED,MULTI_SOURCE_CANDIDATE
EMP-08731,Genpact,,Singapore,ats-scrapers,6b44a1badc9bfbf5cf176f75265cc5729e520e99,avature,Genpact,genpact,https://genpact.avature.net/careers/SearchJobs,CANDIDATE,NAME_EXACT,"exact normalized name match, no domain evidence; inspect",false,,LEGACY_SUPPORTED,MULTI_SOURCE_CANDIDATE
EMP-08731,Genpact,,Singapore,ats-scrapers,6b44a1badc9bfbf5cf176f75265cc5729e520e99,workday,Genpact,genpact/External_Careers,https://genpact.wd108.myworkdayjobs.com/External_Careers,CANDIDATE,NAME_EXACT,"exact normalized name match, no domain evidence; inspect",false,,LEGACY_SUPPORTED,MULTI_SOURCE_CANDIDATE
EMP-08743,Henkel,,Singapore,ats-scrapers,6b44a1badc9bfbf5cf176f75265cc5729e520e99,cornerstone,Henkel,henkel,https://henkel.csod.com/ux/ats/careersite/1/home?c=henkel,CANDIDATE,NAME_EXACT,"exact normalized name match, no domain evidence; inspect",false,,UNSUPPORTED,SINGLE_SOURCE_CANDIDATE
EMP-08779,Marvell,,Singapore,ats-scrapers,6b44a1badc9bfbf5cf176f75265cc5729e520e99,workday,Marvell,marvell/marvellcareers,https://marvell.wd1.myworkdayjobs.com/marvellcareers,CANDIDATE,NAME_EXACT,"exact normalized name match, no domain evidence; inspect",false,,LEGACY_SUPPORTED,SINGLE_SOURCE_CANDIDATE
EMP-08780,MaxLinear,,Singapore,ats-scrapers,6b44a1badc9bfbf5cf176f75265cc5729e520e99,icims,MaxLinear,https://careersintl-maxlinear.icims.com,https://careersintl-maxlinear.icims.com,CANDIDATE,NAME_EXACT,"exact normalized name match, no domain evidence; inspect",false,,UNSUPPORTED,SINGLE_SOURCE_CANDIDATE
EMP-08783,MediaTek,,Singapore,ats-scrapers,6b44a1badc9bfbf5cf176f75265cc5729e520e99,beisen,MediaTek,mediatek,https://mediatek.zhiye.com,CANDIDATE,NAME_EXACT,"exact normalized name match, no domain evidence; inspect",false,,UNSUPPORTED,SINGLE_SOURCE_CANDIDATE
EMP-08825,PWC Risk Services,pwc.com,Singapore,ats-scrapers,6b44a1badc9bfbf5cf176f75265cc5729e520e99,darwinbox,PwC Asia,pwc.com,https://pwc.darwinbox.com/ms/candidate/careers,CANDIDATE,SLUG,board slug/host token equals domain company token but names differ; inspect,false,,UNSUPPORTED,MULTI_SOURCE_CANDIDATE
EMP-08825,PWC Risk Services,pwc.com,Singapore,ats-scrapers,6b44a1badc9bfbf5cf176f75265cc5729e520e99,moka,PwC China,pwc/140014,https://app.mokahr.com/social-recruitment/pwc/140014,CANDIDATE,SLUG,board slug/host token equals domain company token but names differ; inspect,false,,UNSUPPORTED,MULTI_SOURCE_CANDIDATE
EMP-08825,PWC Risk Services,pwc.com,Singapore,ats-scrapers,6b44a1badc9bfbf5cf176f75265cc5729e520e99,workday,Pwc (Crm Experienced Careers Site),pwc/crm_experienced_careers_site,https://pwc.wd3.myworkdayjobs.com/crm_experienced_careers_site,CANDIDATE,SLUG,board slug/host token equals domain company token but names differ; inspect,false,,LEGACY_SUPPORTED,MULTI_SOURCE_CANDIDATE
EMP-08825,PWC Risk Services,pwc.com,Singapore,ats-scrapers,6b44a1badc9bfbf5cf176f75265cc5729e520e99,workday,Pwc,pwc/global_campus_careers,https://pwc.wd3.myworkdayjobs.com/global_campus_careers,CANDIDATE,SLUG,board slug/host token equals domain company token but names differ; inspect,false,,LEGACY_SUPPORTED,MULTI_SOURCE_CANDIDATE
EMP-08825,PWC Risk Services,pwc.com,Singapore,ats-scrapers,6b44a1badc9bfbf5cf176f75265cc5729e520e99,workday,Pwc,pwc/global_experienced_careers,https://pwc.wd3.myworkdayjobs.com/global_experienced_careers,CANDIDATE,SLUG,board slug/host token equals domain company token but names differ; inspect,false,,LEGACY_SUPPORTED,MULTI_SOURCE_CANDIDATE
EMP-08825,PWC Risk Services,pwc.com,Singapore,ats-scrapers,6b44a1badc9bfbf5cf176f75265cc5729e520e99,workday,Pwc (Nonpublic Postings),pwc/nonpublic_postings,https://pwc.wd3.myworkdayjobs.com/nonpublic_postings,CANDIDATE,SLUG,board slug/host token equals domain company token but names differ; inspect,false,,LEGACY_SUPPORTED,MULTI_SOURCE_CANDIDATE
EMP-08825,PWC Risk Services,pwc.com,Singapore,ats-scrapers,6b44a1badc9bfbf5cf176f75265cc5729e520e99,workday,Pwc,pwc/us_experienced_careers,https://pwc.wd3.myworkdayjobs.com/us_experienced_careers,CANDIDATE,SLUG,board slug/host token equals domain company token but names differ; inspect,false,,LEGACY_SUPPORTED,MULTI_SOURCE_CANDIDATE
EMP-08837,Samsung Electronics,,Singapore,ats-scrapers,6b44a1badc9bfbf5cf176f75265cc5729e520e99,workday,Samsung Electronics,sec/samsung_jobs,https://sec.wd3.myworkdayjobs.com/samsung_jobs,CANDIDATE,NAME_EXACT,"exact normalized name match, no domain evidence; inspect",false,,LEGACY_SUPPORTED,SINGLE_SOURCE_CANDIDATE
EMP-08879,TDK,,Singapore,ats-scrapers,6b44a1badc9bfbf5cf176f75265cc5729e520e99,hrmos,TDK株式会社,tdk,https://hrmos.co/pages/tdk/jobs,CANDIDATE,NAME_EXACT,"exact normalized name match, no domain evidence; inspect",false,,UNSUPPORTED,SINGLE_SOURCE_CANDIDATE
EMP-08897,Uniserve,,Singapore,ats-scrapers,6b44a1badc9bfbf5cf176f75265cc5729e520e99,jazzhr,uniserve,uniserve,https://uniserve.applytojob.com,CANDIDATE,NAME_EXACT,"exact normalized name match, no domain evidence; inspect",false,,UNSUPPORTED,SINGLE_SOURCE_CANDIDATE
EMP-08924,ANZ,anz.com,Singapore | Australia,ats-scrapers,6b44a1badc9bfbf5cf176f75265cc5729e520e99,successfactors,ANZ Banking Careers,anzbanking,https://careers.anz.com,HIGH_CONFIDENCE,URL_EXACT,internal resolved portal URL equals external board URL,false,,LEGACY_SUPPORTED,SINGLE_SOURCE_CANDIDATE
EMP-08926,Bitdefender,bitdefender.com,Singapore | Europe | Romania,ats-scrapers,6b44a1badc9bfbf5cf176f75265cc5729e520e99,cornerstone,Bitdefender,bitdefender,https://bitdefender.csod.com/ux/ats/careersite/1/home?c=bitdefender,HIGH_CONFIDENCE,SLUG_PLUS_NAME,board slug/host token equals domain company token + compatible names,false,,UNSUPPORTED,MULTI_SOURCE_CANDIDATE
EMP-08926,Bitdefender,bitdefender.com,Singapore | Europe | Romania,ats-scrapers,6b44a1badc9bfbf5cf176f75265cc5729e520e99,smartrecruiters,Bitdefender,bitdefender,https://careers.smartrecruiters.com/bitdefender,HIGH_CONFIDENCE,SLUG_PLUS_NAME,board slug/host token equals domain company token + compatible names,false,,LEGACY_SUPPORTED,MULTI_SOURCE_CANDIDATE
EMP-08927,Arkema,,Singapore | France,ats-scrapers,6b44a1badc9bfbf5cf176f75265cc5729e520e99,successfactors,Arkema,jobs,https://jobs.arkema.com,CANDIDATE,NAME_EXACT,"exact normalized name match, no domain evidence; inspect",false,,LEGACY_SUPPORTED,SINGLE_SOURCE_CANDIDATE
EMP-08928,Infineon Technologies,infineon.com,Singapore | Germany,ats-scrapers,6b44a1badc9bfbf5cf176f75265cc5729e520e99,eightfold,Infineon Technologies,infineon,https://infineon.eightfold.ai/careers,HIGH_CONFIDENCE,DOMAIN_EXACT,eightfold registry domain equals internal corporate domain,false,,DECLARATIVE_SUPPORTED,SINGLE_SOURCE_CANDIDATE
EMP-08929,OPSWAT,,Singapore | USA,ats-scrapers,6b44a1badc9bfbf5cf176f75265cc5729e520e99,bamboohr,opswat,opswat,https://opswat.bamboohr.com/careers,CANDIDATE,NAME_EXACT,"exact normalized name match, no domain evidence; inspect",false,,UNSUPPORTED,SINGLE_SOURCE_CANDIDATE
EMP-08936,ING Bank Slovakia,ing.com,Slovakia,ats-scrapers,6b44a1badc9bfbf5cf176f75265cc5729e520e99,workday,Ing,ing/icsausdir,https://ing.wd3.myworkdayjobs.com/icsausdir,CANDIDATE,SLUG,board slug/host token equals domain company token but names differ; inspect,false,,LEGACY_SUPPORTED,MULTI_SOURCE_CANDIDATE
EMP-08936,ING Bank Slovakia,ing.com,Slovakia,ats-scrapers,6b44a1badc9bfbf5cf176f75265cc5729e520e99,workday,ING,ing/icsgblcor,https://ing.wd3.myworkdayjobs.com/icsgblcor,CANDIDATE,SLUG,board slug/host token equals domain company token but names differ; inspect,false,,LEGACY_SUPPORTED,MULTI_SOURCE_CANDIDATE
EMP-08936,ING Bank Slovakia,ing.com,Slovakia,ats-scrapers,6b44a1badc9bfbf5cf176f75265cc5729e520e99,workday,Ing,ing/icsnldgen,https://ing.wd3.myworkdayjobs.com/icsnldgen,CANDIDATE,SLUG,board slug/host token equals domain company token but names differ; inspect,false,,LEGACY_SUPPORTED,MULTI_SOURCE_CANDIDATE
EMP-08936,ING Bank Slovakia,ing.com,Slovakia,ats-scrapers,6b44a1badc9bfbf5cf176f75265cc5729e520e99,workday,Ing (Jvsgblcor),ing/jvsgblcor,https://ing.wd3.myworkdayjobs.com/jvsgblcor,CANDIDATE,SLUG,board slug/host token equals domain company token but names differ; inspect,false,,LEGACY_SUPPORTED,MULTI_SOURCE_CANDIDATE
EMP-08966,Siemens Healthcare s.r.o.,siemens.com,Slovakia,ats-scrapers,6b44a1badc9bfbf5cf176f75265cc5729e520e99,teamtailor,Siemens,siemens,https://siemens.teamtailor.com,HIGH_CONFIDENCE,SLUG_PLUS_NAME,board slug/host token equals domain company token + compatible names,false,,UNSUPPORTED,SINGLE_SOURCE_CANDIDATE
EMP-08997,Generali Poisťovňa Slovakia,generali.com,Slovakia,ats-scrapers,6b44a1badc9bfbf5cf176f75265cc5729e520e99,teamtailor,Generali,generali,https://generali.teamtailor.com,HIGH_CONFIDENCE,SLUG_PLUS_NAME,board slug/host token equals domain company token + compatible names,false,,UNSUPPORTED,SINGLE_SOURCE_CANDIDATE
EMP-09000,MetLife Slovakia,metlife.com,Slovakia,ats-scrapers,6b44a1badc9bfbf5cf176f75265cc5729e520e99,lever,MetLife,metlife,https://jobs.lever.co/metlife,HIGH_CONFIDENCE,SLUG_PLUS_NAME,board slug/host token equals domain company token + compatible names,false,,LEGACY_SUPPORTED,SINGLE_SOURCE_CANDIDATE
EMP-09018,Krka,,Slovenia,ats-scrapers,6b44a1badc9bfbf5cf176f75265cc5729e520e99,cornerstone,KRKA,https://krka.csod.com/ux/ats/careersite/13/home?c=krka,https://krka.csod.com/ux/ats/careersite/13/home?c=krka,CANDIDATE,NAME_EXACT,"exact normalized name match, no domain evidence; inspect",false,,UNSUPPORTED,MULTI_SOURCE_CANDIDATE
EMP-09018,Krka,,Slovenia,ats-scrapers,6b44a1badc9bfbf5cf176f75265cc5729e520e99,cornerstone,KRKA,https://krka.csod.com/ux/ats/careersite/16/home?c=krka,https://krka.csod.com/ux/ats/careersite/16/home?c=krka,CANDIDATE,NAME_EXACT,"exact normalized name match, no domain evidence; inspect",false,,UNSUPPORTED,MULTI_SOURCE_CANDIDATE
EMP-09018,Krka,,Slovenia,ats-scrapers,6b44a1badc9bfbf5cf176f75265cc5729e520e99,cornerstone,KRKA,https://krka.csod.com/ux/ats/careersite/17/home?c=krka,https://krka.csod.com/ux/ats/careersite/17/home?c=krka,CANDIDATE,NAME_EXACT,"exact normalized name match, no domain evidence; inspect",false,,UNSUPPORTED,MULTI_SOURCE_CANDIDATE
EMP-09018,Krka,,Slovenia,ats-scrapers,6b44a1badc9bfbf5cf176f75265cc5729e520e99,cornerstone,KRKA,https://krka.csod.com/ux/ats/careersite/18/home?c=krka,https://krka.csod.com/ux/ats/careersite/18/home?c=krka,CANDIDATE,NAME_EXACT,"exact normalized name match, no domain evidence; inspect",false,,UNSUPPORTED,MULTI_SOURCE_CANDIDATE
EMP-09018,Krka,,Slovenia,ats-scrapers,6b44a1badc9bfbf5cf176f75265cc5729e520e99,cornerstone,KRKA,https://krka.csod.com/ux/ats/careersite/19/home?c=krka,https://krka.csod.com/ux/ats/careersite/19/home?c=krka,CANDIDATE,NAME_EXACT,"exact normalized name match, no domain evidence; inspect",false,,UNSUPPORTED,MULTI_SOURCE_CANDIDATE
EMP-09018,Krka,,Slovenia,ats-scrapers,6b44a1badc9bfbf5cf176f75265cc5729e520e99,cornerstone,KRKA,https://krka.csod.com/ux/ats/careersite/21/home?c=krka,https://krka.csod.com/ux/ats/careersite/21/home?c=krka,CANDIDATE,NAME_EXACT,"exact normalized name match, no domain evidence; inspect",false,,UNSUPPORTED,MULTI_SOURCE_CANDIDATE
EMP-09018,Krka,,Slovenia,ats-scrapers,6b44a1badc9bfbf5cf176f75265cc5729e520e99,cornerstone,KRKA,krka,https://krka.csod.com/ux/ats/careersite/1/home?c=krka,CANDIDATE,NAME_EXACT,"exact normalized name match, no domain evidence; inspect",false,,UNSUPPORTED,MULTI_SOURCE_CANDIDATE
EMP-09023,NLB,,Slovenia,ats-scrapers,6b44a1badc9bfbf5cf176f75265cc5729e520e99,cornerstone,NLB,nlb,https://nlb.csod.com/ux/ats/careersite/1/home?c=nlb,CANDIDATE,NAME_EXACT,"exact normalized name match, no domain evidence; inspect",false,,UNSUPPORTED,SINGLE_SOURCE_CANDIDATE
EMP-09025,Outfit7,,Slovenia,ats-scrapers,6b44a1badc9bfbf5cf176f75265cc5729e520e99,greenhouse,Outfit7,outfit7,https://job-boards.greenhouse.io/outfit7,CANDIDATE,NAME_EXACT,"exact normalized name match, no domain evidence; inspect",false,,LEGACY_SUPPORTED,SINGLE_SOURCE_CANDIDATE
EMP-09062,Fotona,,Slovenia,ats-scrapers,6b44a1badc9bfbf5cf176f75265cc5729e520e99,jazzhr,Fotona,fotona,https://fotona.applytojob.com,CANDIDATE,NAME_EXACT,"exact normalized name match, no domain evidence; inspect",false,,UNSUPPORTED,SINGLE_SOURCE_CANDIDATE
EMP-09070,Aptiv Spain,aptiv.com,Spain,ats-scrapers,6b44a1badc9bfbf5cf176f75265cc5729e520e99,join_com,Aptiv Services Deutschland GmbH,aptiv,https://join.com/companies/aptiv,CANDIDATE,SLUG,board slug/host token equals domain company token but names differ; inspect,false,,UNSUPPORTED,MULTI_SOURCE_CANDIDATE
EMP-09070,Aptiv Spain,aptiv.com,Spain,ats-scrapers,6b44a1badc9bfbf5cf176f75265cc5729e520e99,workday,Aptiv,aptiv/aptiv_careers,https://aptiv.wd5.myworkdayjobs.com/aptiv_careers,HIGH_CONFIDENCE,SLUG_PLUS_NAME,board slug/host token equals domain company token + compatible names,false,,LEGACY_SUPPORTED,MULTI_SOURCE_CANDIDATE
EMP-09074,Continental Automotive Spain,continental.com,Spain,ats-scrapers,6b44a1badc9bfbf5cf176f75265cc5729e520e99,smartrecruiters,Continental,continental,https://careers.smartrecruiters.com/continental,HIGH_CONFIDENCE,SLUG_PLUS_NAME,board slug/host token equals domain company token + compatible names,false,,LEGACY_SUPPORTED,SINGLE_SOURCE_CANDIDATE
EMP-09092,Valeo España,valeo.com,Spain,ats-scrapers,6b44a1badc9bfbf5cf176f75265cc5729e520e99,workday,Valeo,valeo/valeo_jobs,https://valeo.wd3.myworkdayjobs.com/valeo_jobs,HIGH_CONFIDENCE,SLUG_PLUS_NAME,board slug/host token equals domain company token + compatible names,false,,LEGACY_SUPPORTED,SINGLE_SOURCE_CANDIDATE
EMP-09093,Volkswagen Group España Distribución,volkswagen-group.com,Spain,ats-scrapers,6b44a1badc9bfbf5cf176f75265cc5729e520e99,successfactors,Your job at the Volkswagen Group,VWAGLPPROD10,https://jobs.volkswagen-group.com,HIGH_CONFIDENCE,URL_EXACT,internal resolved portal URL equals external board URL,false,,LEGACY_SUPPORTED,SINGLE_SOURCE_CANDIDATE
EMP-09094,Wallbox,,Spain,ats-scrapers,6b44a1badc9bfbf5cf176f75265cc5729e520e99,bamboohr,Wallbox,wallbox,https://wallbox.bamboohr.com/careers,CANDIDATE,NAME_EXACT,"exact normalized name match, no domain evidence; inspect",false,,UNSUPPORTED,MULTI_SOURCE_CANDIDATE
EMP-09094,Wallbox,,Spain,ats-scrapers,6b44a1badc9bfbf5cf176f75265cc5729e520e99,workable,Wallbox,wallbox,https://apply.workable.com/wallbox,CANDIDATE,NAME_EXACT,"exact normalized name match, no domain evidence; inspect",false,,UNSUPPORTED,MULTI_SOURCE_CANDIDATE
EMP-09095,ZF España,zf.com,Spain,ats-scrapers,6b44a1badc9bfbf5cf176f75265cc5729e520e99,successfactors,ZF,jobs,https://jobs.zf.com,HIGH_CONFIDENCE,URL_EXACT,internal resolved portal URL equals external board URL,false,,LEGACY_SUPPORTED,SINGLE_SOURCE_CANDIDATE
EMP-09100,Bankinter,,Spain,ats-scrapers,6b44a1badc9bfbf5cf176f75265cc5729e520e99,cornerstone,Bankinter,bankinter,https://bankinter.csod.com/ux/ats/careersite/1/home?c=bankinter,CANDIDATE,NAME_EXACT,"exact normalized name match, no domain evidence; inspect",false,,UNSUPPORTED,SINGLE_SOURCE_CANDIDATE
EMP-09105,Deutsche Bank Spain,db.com,Spain,ats-scrapers,6b44a1badc9bfbf5cf176f75265cc5729e520e99,workday,Db,db/dbwebsite,https://db.wd3.myworkdayjobs.com/dbwebsite,CANDIDATE,SLUG,board slug/host token equals domain company token but names differ; inspect,false,,LEGACY_SUPPORTED,MULTI_SOURCE_CANDIDATE
EMP-09105,Deutsche Bank Spain,db.com,Spain,ats-scrapers,6b44a1badc9bfbf5cf176f75265cc5729e520e99,workday,DWS,db/dwswebsite,https://db.wd3.myworkdayjobs.com/dwswebsite,CANDIDATE,SLUG,board slug/host token equals domain company token but names differ; inspect,false,,LEGACY_SUPPORTED,MULTI_SOURCE_CANDIDATE
EMP-09108,ING Spain,ing.com,Spain,ats-scrapers,6b44a1badc9bfbf5cf176f75265cc5729e520e99,workday,Ing,ing/icsausdir,https://ing.wd3.myworkdayjobs.com/icsausdir,CANDIDATE,SLUG,board slug/host token equals domain company token but names differ; inspect,false,,LEGACY_SUPPORTED,MULTI_SOURCE_CANDIDATE
EMP-09108,ING Spain,ing.com,Spain,ats-scrapers,6b44a1badc9bfbf5cf176f75265cc5729e520e99,workday,ING,ing/icsgblcor,https://ing.wd3.myworkdayjobs.com/icsgblcor,CANDIDATE,SLUG,board slug/host token equals domain company token but names differ; inspect,false,,LEGACY_SUPPORTED,MULTI_SOURCE_CANDIDATE
EMP-09108,ING Spain,ing.com,Spain,ats-scrapers,6b44a1badc9bfbf5cf176f75265cc5729e520e99,workday,Ing,ing/icsnldgen,https://ing.wd3.myworkdayjobs.com/icsnldgen,CANDIDATE,SLUG,board slug/host token equals domain company token but names differ; inspect,false,,LEGACY_SUPPORTED,MULTI_SOURCE_CANDIDATE
EMP-09108,ING Spain,ing.com,Spain,ats-scrapers,6b44a1badc9bfbf5cf176f75265cc5729e520e99,workday,Ing (Jvsgblcor),ing/jvsgblcor,https://ing.wd3.myworkdayjobs.com/jvsgblcor,CANDIDATE,SLUG,board slug/host token equals domain company token but names differ; inspect,false,,LEGACY_SUPPORTED,MULTI_SOURCE_CANDIDATE
EMP-09122,Atalanta,,Spain,ats-scrapers,6b44a1badc9bfbf5cf176f75265cc5729e520e99,ashby,Atalanta,atalanta,https://jobs.ashbyhq.com/atalanta,CANDIDATE,NAME_EXACT,"exact normalized name match, no domain evidence; inspect",false,,LEGACY_SUPPORTED,SINGLE_SOURCE_CANDIDATE
EMP-09139,DAVINCI,,Spain,ats-scrapers,6b44a1badc9bfbf5cf176f75265cc5729e520e99,greenhouse,Da Vinci,davinciderivatives,https://job-boards.greenhouse.io/davinciderivatives,CANDIDATE,NAME_EXACT,"exact normalized name match, no domain evidence; inspect",false,,LEGACY_SUPPORTED,SINGLE_SOURCE_CANDIDATE
EMP-09158,Keeper Security,,Spain,ats-scrapers,6b44a1badc9bfbf5cf176f75265cc5729e520e99,greenhouse,Keeper Security,keepersecurity,https://job-boards.greenhouse.io/keepersecurity,CANDIDATE,NAME_EXACT,"exact normalized name match, no domain evidence; inspect",false,,LEGACY_SUPPORTED,SINGLE_SOURCE_CANDIDATE
EMP-09171,Trend Micro Spain,trendmicro.com,Spain,ats-scrapers,6b44a1badc9bfbf5cf176f75265cc5729e520e99,workday,Trendmicro,trendmicro/external,https://trendmicro.wd3.myworkdayjobs.com/external,HIGH_CONFIDENCE,SLUG_PLUS_NAME,board slug/host token equals domain company token + compatible names,false,,LEGACY_SUPPORTED,SINGLE_SOURCE_CANDIDATE
EMP-09176,WISE SECURITY GLOBAL,wise.com,Spain,ats-scrapers,6b44a1badc9bfbf5cf176f75265cc5729e520e99,smartrecruiters,Wise,Wise,https://careers.smartrecruiters.com/Wise,HIGH_CONFIDENCE,SLUG_PLUS_NAME,board slug/host token equals domain company token + compatible names,false,,LEGACY_SUPPORTED,SINGLE_SOURCE_CANDIDATE
EMP-09193,Exceltic,,Spain,ats-scrapers,6b44a1badc9bfbf5cf176f75265cc5729e520e99,join_com,Exceltic,exceltic,https://join.com/companies/exceltic,CANDIDATE,NAME_EXACT,"exact normalized name match, no domain evidence; inspect",false,,UNSUPPORTED,SINGLE_SOURCE_CANDIDATE
EMP-09196,GTD,,Spain,ats-scrapers,6b44a1badc9bfbf5cf176f75265cc5729e520e99,bamboohr,gtd,gtd,https://gtd.bamboohr.com/careers,CANDIDATE,NAME_EXACT,"exact normalized name match, no domain evidence; inspect",false,,UNSUPPORTED,SINGLE_SOURCE_CANDIDATE
EMP-09204,ITP Aero,,Spain,ats-scrapers,6b44a1badc9bfbf5cf176f75265cc5729e520e99,successfactors,Itpaero,ITP,https://careers.itpaero.com,CANDIDATE,NAME_EXACT,"exact normalized name match, no domain evidence; inspect",false,,LEGACY_SUPPORTED,SINGLE_SOURCE_CANDIDATE
EMP-09205,Multiverse Computing,,Spain,ats-scrapers,6b44a1badc9bfbf5cf176f75265cc5729e520e99,join_com,Multiverse Computing,multiversecomputingcom,https://join.com/companies/multiversecomputingcom,CANDIDATE,NAME_EXACT,"exact normalized name match, no domain evidence; inspect",false,,UNSUPPORTED,MULTI_SOURCE_CANDIDATE
EMP-09205,Multiverse Computing,,Spain,ats-scrapers,6b44a1badc9bfbf5cf176f75265cc5729e520e99,teamtailor,MULTIVERSE COMPUTING,multiversecomputing,https://multiversecomputing.teamtailor.com,CANDIDATE,NAME_EXACT,"exact normalized name match, no domain evidence; inspect",false,,UNSUPPORTED,MULTI_SOURCE_CANDIDATE
EMP-09211,Promega,,Spain,ats-scrapers,6b44a1badc9bfbf5cf176f75265cc5729e520e99,icims,promega,promega,https://careers-promega.icims.com,CANDIDATE,NAME_EXACT,"exact normalized name match, no domain evidence; inspect",false,,UNSUPPORTED,SINGLE_SOURCE_CANDIDATE
EMP-09217,Sopra Steria / Cimpa,soprasteria.com,Spain,ats-scrapers,6b44a1badc9bfbf5cf176f75265cc5729e520e99,bamboohr,soprasteria,soprasteria,https://soprasteria.bamboohr.com/careers,HIGH_CONFIDENCE,SLUG_PLUS_NAME,board slug/host token equals domain company token + compatible names,false,,UNSUPPORTED,SINGLE_SOURCE_CANDIDATE
EMP-09229,Moeve,,Spain,ats-scrapers,6b44a1badc9bfbf5cf176f75265cc5729e520e99,successfactors,Moeve,C0000955645P,https://career2.successfactors.eu/career?company=C0000955645P,CANDIDATE,NAME_EXACT,"exact normalized name match, no domain evidence; inspect",false,,LEGACY_SUPPORTED,SINGLE_SOURCE_CANDIDATE
EMP-09234,Repsol,repsol.com,Spain,ats-scrapers,6b44a1badc9bfbf5cf176f75265cc5729e520e99,workday,Repsol (Repsol),repsol/Repsol,https://repsol.wd3.myworkdayjobs.com/Repsol,HIGH_CONFIDENCE,SLUG_PLUS_NAME,board slug/host token equals domain company token + compatible names,false,,LEGACY_SUPPORTED,MULTI_SOURCE_CANDIDATE
EMP-09234,Repsol,repsol.com,Spain,ats-scrapers,6b44a1badc9bfbf5cf176f75265cc5729e520e99,workday,Repsol (Ref Ext),repsol/ref_ext,https://repsol.wd3.myworkdayjobs.com/ref_ext,HIGH_CONFIDENCE,SLUG_PLUS_NAME,board slug/host token equals domain company token + compatible names,false,,LEGACY_SUPPORTED,MULTI_SOURCE_CANDIDATE
EMP-09236,TotalEnergies España,totalenergies.com,Spain,ats-scrapers,6b44a1badc9bfbf5cf176f75265cc5729e520e99,bamboohr,totalenergies,totalenergies,https://totalenergies.bamboohr.com/careers,HIGH_CONFIDENCE,SLUG_PLUS_NAME,board slug/host token equals domain company token + compatible names,false,,UNSUPPORTED,MULTI_SOURCE_CANDIDATE
EMP-09236,TotalEnergies España,totalenergies.com,Spain,ats-scrapers,6b44a1badc9bfbf5cf176f75265cc5729e520e99,moka,TotalEnergies,totalenergies/100441,https://app.mokahr.com/social-recruitment/totalenergies/100441,HIGH_CONFIDENCE,SLUG_PLUS_NAME,board slug/host token equals domain company token + compatible names,false,,UNSUPPORTED,MULTI_SOURCE_CANDIDATE
EMP-09265,Chubb European Group Spain,chubb.com,Spain,ats-scrapers,6b44a1badc9bfbf5cf176f75265cc5729e520e99,hrmos,Chubb損害保険株式会社,chubb,https://hrmos.co/pages/chubb/jobs,HIGH_CONFIDENCE,SLUG_PLUS_NAME,board slug/host token equals domain company token + compatible names,false,,UNSUPPORTED,SINGLE_SOURCE_CANDIDATE
EMP-09272,Generali España,generali.com,Spain,ats-scrapers,6b44a1badc9bfbf5cf176f75265cc5729e520e99,teamtailor,Generali,generali,https://generali.teamtailor.com,HIGH_CONFIDENCE,SLUG_PLUS_NAME,board slug/host token equals domain company token + compatible names,false,,UNSUPPORTED,SINGLE_SOURCE_CANDIDATE
EMP-09280,Mapfre España,mapfre.com,Spain,ats-scrapers,6b44a1badc9bfbf5cf176f75265cc5729e520e99,successfactors,Jobs MAPFRE,jobs,https://jobs.mapfre.com,HIGH_CONFIDENCE,URL_EXACT,internal resolved portal URL equals external board URL,false,,LEGACY_SUPPORTED,SINGLE_SOURCE_CANDIDATE
EMP-09281,Mapfre Vida,mapfre.com,Spain,ats-scrapers,6b44a1badc9bfbf5cf176f75265cc5729e520e99,successfactors,Jobs MAPFRE,jobs,https://jobs.mapfre.com,HIGH_CONFIDENCE,URL_EXACT,internal resolved portal URL equals external board URL,false,,LEGACY_SUPPORTED,SINGLE_SOURCE_CANDIDATE
EMP-09284,MetLife Spain,metlife.com,Spain,ats-scrapers,6b44a1badc9bfbf5cf176f75265cc5729e520e99,lever,MetLife,metlife,https://jobs.lever.co/metlife,HIGH_CONFIDENCE,SLUG_PLUS_NAME,board slug/host token equals domain company token + compatible names,false,,LEGACY_SUPPORTED,SINGLE_SOURCE_CANDIDATE
EMP-09289,Munich Re Spain,munichre.com,Spain,ats-scrapers,6b44a1badc9bfbf5cf176f75265cc5729e520e99,bamboohr,munichre,munichre,https://munichre.bamboohr.com/careers,HIGH_CONFIDENCE,SLUG_PLUS_NAME,board slug/host token equals domain company token + compatible names,false,,UNSUPPORTED,SINGLE_SOURCE_CANDIDATE
EMP-09294,Preventiva Seguros,,Spain,ats-scrapers,6b44a1badc9bfbf5cf176f75265cc5729e520e99,join_com,Preventiva Seguros,preventivacom,https://join.com/companies/preventivacom,CANDIDATE,NAME_EXACT,"exact normalized name match, no domain evidence; inspect",false,,UNSUPPORTED,SINGLE_SOURCE_CANDIDATE
EMP-09296,QBE Europe Spain,qbe.com,Spain,ats-scrapers,6b44a1badc9bfbf5cf176f75265cc5729e520e99,workday,Qbe,qbe/qbe-careers,https://qbe.wd3.myworkdayjobs.com/qbe-careers,CANDIDATE,SLUG,board slug/host token equals domain company token but names differ; inspect,false,,LEGACY_SUPPORTED,SINGLE_SOURCE_CANDIDATE
EMP-09300,Santander Generales Seguros y Reaseguros,santander.com,Spain,ats-scrapers,6b44a1badc9bfbf5cf176f75265cc5729e520e99,workday,Santander,santander/santandercareers,https://santander.wd3.myworkdayjobs.com/santandercareers,HIGH_CONFIDENCE,SLUG_PLUS_NAME,board slug/host token equals domain company token + compatible names,false,,LEGACY_SUPPORTED,SINGLE_SOURCE_CANDIDATE
EMP-09301,Santander Vida Seguros y Reaseguros,santander.com,Spain,ats-scrapers,6b44a1badc9bfbf5cf176f75265cc5729e520e99,workday,Santander,santander/santandercareers,https://santander.wd3.myworkdayjobs.com/santandercareers,HIGH_CONFIDENCE,SLUG_PLUS_NAME,board slug/host token equals domain company token + compatible names,false,,LEGACY_SUPPORTED,SINGLE_SOURCE_CANDIDATE
EMP-09303,Swiss Re Europe Spain,swissre.com,Spain,ats-scrapers,6b44a1badc9bfbf5cf176f75265cc5729e520e99,successfactors,Swiss Re,careers,https://careers.swissre.com,HIGH_CONFIDENCE,URL_EXACT,internal resolved portal URL equals external board URL,false,,LEGACY_SUPPORTED,SINGLE_SOURCE_CANDIDATE
EMP-09308,GMV,,Spain | Portugal,ats-scrapers,6b44a1badc9bfbf5cf176f75265cc5729e520e99,cornerstone,GMV,gmv,https://gmv.csod.com/ux/ats/careersite/1/home?c=gmv,CANDIDATE,NAME_EXACT,"exact normalized name match, no domain evidence; inspect",false,,UNSUPPORTED,MULTI_SOURCE_CANDIDATE
EMP-09308,GMV,,Spain | Portugal,ats-scrapers,6b44a1badc9bfbf5cf176f75265cc5729e520e99,cornerstone,GMV,https://gmv.csod.com/ux/ats/careersite/4/home?c=gmv,https://gmv.csod.com/ux/ats/careersite/4/home?c=gmv,CANDIDATE,NAME_EXACT,"exact normalized name match, no domain evidence; inspect",false,,UNSUPPORTED,MULTI_SOURCE_CANDIDATE
EMP-09308,GMV,,Spain | Portugal,ats-scrapers,6b44a1badc9bfbf5cf176f75265cc5729e520e99,cornerstone,GMV,https://gmv.csod.com/ux/ats/careersite/6/home?c=gmv,https://gmv.csod.com/ux/ats/careersite/6/home?c=gmv,CANDIDATE,NAME_EXACT,"exact normalized name match, no domain evidence; inspect",false,,UNSUPPORTED,MULTI_SOURCE_CANDIDATE
EMP-09315,DNB Sweden,dnb.no,Sweden,ats-scrapers,6b44a1badc9bfbf5cf176f75265cc5729e520e99,lever,Dun & Bradstreet,dnb,https://jobs.lever.co/dnb,CANDIDATE,SLUG,board slug/host token equals domain company token but names differ; inspect,false,,LEGACY_SUPPORTED,MULTI_SOURCE_CANDIDATE
EMP-09315,DNB Sweden,dnb.no,Sweden,ats-scrapers,6b44a1badc9bfbf5cf176f75265cc5729e520e99,successfactors,Jobb,jobb,https://jobb.dnb.no,HIGH_CONFIDENCE,URL_EXACT,internal resolved portal URL equals external board URL,false,,LEGACY_SUPPORTED,MULTI_SOURCE_CANDIDATE
EMP-09347,Sandvik,,Sweden,ats-scrapers,6b44a1badc9bfbf5cf176f75265cc5729e520e99,workday,Sandvik,sandvik/coromant-jobs,https://sandvik.wd3.myworkdayjobs.com/coromant-jobs,CANDIDATE,NAME_EXACT,"exact normalized name match, no domain evidence; inspect",false,,LEGACY_SUPPORTED,MULTI_SOURCE_CANDIDATE
EMP-09347,Sandvik,,Sweden,ats-scrapers,6b44a1badc9bfbf5cf176f75265cc5729e520e99,workday,Sandvik,sandvik/seco-jobs,https://sandvik.wd3.myworkdayjobs.com/seco-jobs,CANDIDATE,NAME_EXACT,"exact normalized name match, no domain evidence; inspect",false,,LEGACY_SUPPORTED,MULTI_SOURCE_CANDIDATE
EMP-09350,SKF,skf.com,Sweden,ats-scrapers,6b44a1badc9bfbf5cf176f75265cc5729e520e99,successfactors,SKF,career,https://career.skf.com,HIGH_CONFIDENCE,URL_EXACT,internal resolved portal URL equals external board URL,false,,LEGACY_SUPPORTED,SINGLE_SOURCE_CANDIDATE
EMP-09353,BAE Systems Hägglunds AB,baesystems.com,Sweden,ats-scrapers,6b44a1badc9bfbf5cf176f75265cc5729e520e99,bamboohr,baesystems,baesystems,https://baesystems.bamboohr.com/careers,HIGH_CONFIDENCE,SLUG_PLUS_NAME,board slug/host token equals domain company token + compatible names,false,,UNSUPPORTED,SINGLE_SOURCE_CANDIDATE
EMP-09385,E.ON Energidistribution,eon.com,Sweden,ats-scrapers,6b44a1badc9bfbf5cf176f75265cc5729e520e99,bamboohr,eon,eon,https://eon.bamboohr.com/careers,CANDIDATE,SLUG,board slug/host token equals domain company token but names differ; inspect,false,,UNSUPPORTED,SINGLE_SOURCE_CANDIDATE
EMP-09386,E.ON Sverige,eon.com,Sweden,ats-scrapers,6b44a1badc9bfbf5cf176f75265cc5729e520e99,bamboohr,eon,eon,https://eon.bamboohr.com/careers,CANDIDATE,SLUG,board slug/host token equals domain company token but names differ; inspect,false,,UNSUPPORTED,SINGLE_SOURCE_CANDIDATE
EMP-09418,Vattenfall Eldistribution,group.vattenfall.com,Sweden,ats-scrapers,6b44a1badc9bfbf5cf176f75265cc5729e520e99,smartrecruiters,Vattenfall,Vattenfall,https://careers.smartrecruiters.com/Vattenfall,HIGH_CONFIDENCE,SLUG_PLUS_NAME,board slug/host token equals domain company token + compatible names,false,,LEGACY_SUPPORTED,SINGLE_SOURCE_CANDIDATE
EMP-09434,Chubb Sweden,chubb.com,Sweden,ats-scrapers,6b44a1badc9bfbf5cf176f75265cc5729e520e99,hrmos,Chubb損害保険株式会社,chubb,https://hrmos.co/pages/chubb/jobs,HIGH_CONFIDENCE,SLUG_PLUS_NAME,board slug/host token equals domain company token + compatible names,false,,UNSUPPORTED,SINGLE_SOURCE_CANDIDATE
EMP-09461,QBE Sweden,qbe.com,Sweden,ats-scrapers,6b44a1badc9bfbf5cf176f75265cc5729e520e99,workday,Qbe,qbe/qbe-careers,https://qbe.wd3.myworkdayjobs.com/qbe-careers,CANDIDATE,SLUG,board slug/host token equals domain company token but names differ; inspect,false,,LEGACY_SUPPORTED,SINGLE_SOURCE_CANDIDATE
EMP-09476,Santander Consumer Bank Sweden,santander.com,Sweden,ats-scrapers,6b44a1badc9bfbf5cf176f75265cc5729e520e99,workday,Santander,santander/santandercareers,https://santander.wd3.myworkdayjobs.com/santandercareers,HIGH_CONFIDENCE,SLUG_PLUS_NAME,board slug/host token equals domain company token + compatible names,false,,LEGACY_SUPPORTED,SINGLE_SOURCE_CANDIDATE
EMP-09486,Aequor Consulting GmbH,,Switzerland,ats-scrapers,6b44a1badc9bfbf5cf176f75265cc5729e520e99,join_com,Aequor Consulting GmbH,aequor,https://join.com/companies/aequor,CANDIDATE,NAME_EXACT,"exact normalized name match, no domain evidence; inspect",false,,UNSUPPORTED,SINGLE_SOURCE_CANDIDATE
EMP-09551,Microsoft Schweiz GmbH,microsoft.com,Switzerland,ats-scrapers,6b44a1badc9bfbf5cf176f75265cc5729e520e99,eightfold,Microsoft,microsoft,https://microsoft.eightfold.ai/careers,HIGH_CONFIDENCE,SLUG_PLUS_NAME,board slug/host token equals domain company token + compatible names,false,,DECLARATIVE_SUPPORTED,MULTI_SOURCE_CANDIDATE
EMP-09551,Microsoft Schweiz GmbH,microsoft.com,Switzerland,ats-scrapers,6b44a1badc9bfbf5cf176f75265cc5729e520e99,smartrecruiters,Microsoft,microsoft,https://careers.smartrecruiters.com/microsoft,HIGH_CONFIDENCE,SLUG_PLUS_NAME,board slug/host token equals domain company token + compatible names,false,,LEGACY_SUPPORTED,MULTI_SOURCE_CANDIDATE
EMP-09551,Microsoft Schweiz GmbH,microsoft.com,Switzerland,ats-scrapers,6b44a1badc9bfbf5cf176f75265cc5729e520e99,workable,Microsoft,microsoft,https://apply.workable.com/microsoft,HIGH_CONFIDENCE,SLUG_PLUS_NAME,board slug/host token equals domain company token + compatible names,false,,UNSUPPORTED,MULTI_SOURCE_CANDIDATE
EMP-09590,CARIFY AG,,Switzerland,ats-scrapers,6b44a1badc9bfbf5cf176f75265cc5729e520e99,bamboohr,carify,carify,https://carify.bamboohr.com/careers,CANDIDATE,NAME_EXACT,"exact normalized name match, no domain evidence; inspect",false,,UNSUPPORTED,MULTI_SOURCE_CANDIDATE
EMP-09590,CARIFY AG,,Switzerland,ats-scrapers,6b44a1badc9bfbf5cf176f75265cc5729e520e99,join_com,CARIFY,carify,https://join.com/companies/carify,CANDIDATE,NAME_EXACT,"exact normalized name match, no domain evidence; inspect",false,,UNSUPPORTED,MULTI_SOURCE_CANDIDATE
EMP-09611,Chubb Insurance (Switzerland) Limited,chubb.com,Switzerland,ats-scrapers,6b44a1badc9bfbf5cf176f75265cc5729e520e99,hrmos,Chubb損害保険株式会社,chubb,https://hrmos.co/pages/chubb/jobs,HIGH_CONFIDENCE,SLUG_PLUS_NAME,board slug/host token equals domain company token + compatible names,false,,UNSUPPORTED,SINGLE_SOURCE_CANDIDATE
EMP-09621,GENERALI Allgemeine Versicherungen AG,generali.com,Switzerland,ats-scrapers,6b44a1badc9bfbf5cf176f75265cc5729e520e99,teamtailor,Generali,generali,https://generali.teamtailor.com,HIGH_CONFIDENCE,SLUG_PLUS_NAME,board slug/host token equals domain company token + compatible names,false,,UNSUPPORTED,SINGLE_SOURCE_CANDIDATE
EMP-09622,GENERALI Personenversicherungen AG,generali.com,Switzerland,ats-scrapers,6b44a1badc9bfbf5cf176f75265cc5729e520e99,teamtailor,Generali,generali,https://generali.teamtailor.com,HIGH_CONFIDENCE,SLUG_PLUS_NAME,board slug/host token equals domain company token + compatible names,false,,UNSUPPORTED,SINGLE_SOURCE_CANDIDATE
EMP-09653,Swiss Life AG,,Switzerland,ats-scrapers,6b44a1badc9bfbf5cf176f75265cc5729e520e99,workday,Swiss Life,swisslife/swiss_life_division_france_career_site,https://swisslife.wd3.myworkdayjobs.com/swiss_life_division_france_career_site,CANDIDATE,NAME_EXACT,"exact normalized name match, no domain evidence; inspect",false,,LEGACY_SUPPORTED,MULTI_SOURCE_CANDIDATE
EMP-09653,Swiss Life AG,,Switzerland,ats-scrapers,6b44a1badc9bfbf5cf176f75265cc5729e520e99,workday,Swisslife,swisslife/swiss_life_international_division_career_site,https://swisslife.wd3.myworkdayjobs.com/swiss_life_international_division_career_site,CANDIDATE,NAME_EXACT,"exact normalized name match, no domain evidence; inspect",false,,LEGACY_SUPPORTED,MULTI_SOURCE_CANDIDATE
EMP-09769,BOARD International SA,,Switzerland,ats-scrapers,6b44a1badc9bfbf5cf176f75265cc5729e520e99,jazzhr,Board International,boardinternationalsa,https://boardinternationalsa.applytojob.com,CANDIDATE,NAME_EXACT,"exact normalized name match, no domain evidence; inspect",false,,UNSUPPORTED,SINGLE_SOURCE_CANDIDATE
EMP-09781,evenito AG,,Switzerland,ats-scrapers,6b44a1badc9bfbf5cf176f75265cc5729e520e99,join_com,evenito AG,evenito,https://join.com/companies/evenito,CANDIDATE,NAME_EXACT,"exact normalized name match, no domain evidence; inspect",false,,UNSUPPORTED,SINGLE_SOURCE_CANDIDATE
EMP-09787,Mindset AG,,Switzerland,ats-scrapers,6b44a1badc9bfbf5cf176f75265cc5729e520e99,rippling,Mindset,career-opportunities-at-mindset,https://ats.rippling.com/career-opportunities-at-mindset/jobs,CANDIDATE,NAME_EXACT,"exact normalized name match, no domain evidence; inspect",false,,UNSUPPORTED,SINGLE_SOURCE_CANDIDATE
EMP-09788,MSD Consulting GmbH,merck.com,Switzerland,ats-scrapers,6b44a1badc9bfbf5cf176f75265cc5729e520e99,phenom,Merck,,https://jobs.merck.com,HIGH_CONFIDENCE,URL_EXACT,internal resolved portal URL equals external board URL,false,,LEGACY_SUPPORTED,SINGLE_SOURCE_CANDIDATE
EMP-09799,ti&m AG,,Switzerland,ats-scrapers,6b44a1badc9bfbf5cf176f75265cc5729e520e99,join_com,ti&m AG,ti8m,https://join.com/companies/ti8m,CANDIDATE,NAME_EXACT,"exact normalized name match, no domain evidence; inspect",false,,UNSUPPORTED,SINGLE_SOURCE_CANDIDATE
EMP-09803,Nimbus AG,,Switzerland | Italy,ats-scrapers,6b44a1badc9bfbf5cf176f75265cc5729e520e99,lever,Nimbus,nimbus,https://jobs.lever.co/nimbus,CANDIDATE,NAME_EXACT,"exact normalized name match, no domain evidence; inspect",false,,LEGACY_SUPPORTED,SINGLE_SOURCE_CANDIDATE
EMP-09814,Alaska Airlines,,Target geographies,ats-scrapers,6b44a1badc9bfbf5cf176f75265cc5729e520e99,icims,Alaska Airlines,alaskaair,https://careers-alaskaair.icims.com,CANDIDATE,NAME_EXACT,"exact normalized name match, no domain evidence; inspect",false,,UNSUPPORTED,SINGLE_SOURCE_CANDIDATE
EMP-09815,American Airlines,,Target geographies,ats-scrapers,6b44a1badc9bfbf5cf176f75265cc5729e520e99,successfactors,American Airlines,americairP,https://career4.successfactors.com/career?company=americairP,CANDIDATE,NAME_EXACT,"exact normalized name match, no domain evidence; inspect",false,,LEGACY_SUPPORTED,SINGLE_SOURCE_CANDIDATE
EMP-09819,Finnair,,Target geographies,ats-scrapers,6b44a1badc9bfbf5cf176f75265cc5729e520e99,workday,Finnair,finnair/finnair,https://finnair.wd103.myworkdayjobs.com/finnair,CANDIDATE,NAME_EXACT,"exact normalized name match, no domain evidence; inspect",false,,LEGACY_SUPPORTED,SINGLE_SOURCE_CANDIDATE
EMP-09823,JetBlue,,Target geographies,ats-scrapers,6b44a1badc9bfbf5cf176f75265cc5729e520e99,successfactors,Jetblue,jetblueair,https://careers.jetblue.com,CANDIDATE,NAME_EXACT,"exact normalized name match, no domain evidence; inspect",false,,LEGACY_SUPPORTED,SINGLE_SOURCE_CANDIDATE
EMP-09829,Ryanair,,Target geographies,ats-scrapers,6b44a1badc9bfbf5cf176f75265cc5729e520e99,workable,Ryanair,ryanair,https://apply.workable.com/ryanair,CANDIDATE,NAME_EXACT,"exact normalized name match, no domain evidence; inspect",false,,UNSUPPORTED,SINGLE_SOURCE_CANDIDATE
EMP-09830,SAS,,Target geographies,ats-scrapers,6b44a1badc9bfbf5cf176f75265cc5729e520e99,greenhouse,sas,sas,https://job-boards.greenhouse.io/sas,CANDIDATE,NAME_EXACT,"exact normalized name match, no domain evidence; inspect",false,,LEGACY_SUPPORTED,MULTI_SOURCE_CANDIDATE
EMP-09830,SAS,,Target geographies,ats-scrapers,6b44a1badc9bfbf5cf176f75265cc5729e520e99,icims,SAS,https://global-sas.icims.com,https://global-sas.icims.com,CANDIDATE,NAME_EXACT,"exact normalized name match, no domain evidence; inspect",false,,UNSUPPORTED,MULTI_SOURCE_CANDIDATE
EMP-09830,SAS,,Target geographies,ats-scrapers,6b44a1badc9bfbf5cf176f75265cc5729e520e99,icims,SAS,https://globalcareers-sas.icims.com,https://globalcareers-sas.icims.com,CANDIDATE,NAME_EXACT,"exact normalized name match, no domain evidence; inspect",false,,UNSUPPORTED,MULTI_SOURCE_CANDIDATE
EMP-09830,SAS,,Target geographies,ats-scrapers,6b44a1badc9bfbf5cf176f75265cc5729e520e99,icims,SAS,https://ideas-sas.icims.com,https://ideas-sas.icims.com,CANDIDATE,NAME_EXACT,"exact normalized name match, no domain evidence; inspect",false,,UNSUPPORTED,MULTI_SOURCE_CANDIDATE
EMP-09830,SAS,,Target geographies,ats-scrapers,6b44a1badc9bfbf5cf176f75265cc5729e520e99,icims,SAS,https://ideasglobal-sas.icims.com,https://ideasglobal-sas.icims.com,CANDIDATE,NAME_EXACT,"exact normalized name match, no domain evidence; inspect",false,,UNSUPPORTED,MULTI_SOURCE_CANDIDATE
EMP-09830,SAS,,Target geographies,ats-scrapers,6b44a1badc9bfbf5cf176f75265cc5729e520e99,icims,SAS,sas,https://careers-sas.icims.com,CANDIDATE,NAME_EXACT,"exact normalized name match, no domain evidence; inspect",false,,UNSUPPORTED,MULTI_SOURCE_CANDIDATE
EMP-09830,SAS,,Target geographies,ats-scrapers,6b44a1badc9bfbf5cf176f75265cc5729e520e99,rippling,sas,sas,https://ats.rippling.com/sas/jobs,CANDIDATE,NAME_EXACT,"exact normalized name match, no domain evidence; inspect",false,,UNSUPPORTED,MULTI_SOURCE_CANDIDATE
EMP-09840,Air New Zealand,,Target geographies | New Zealand,ats-scrapers,6b44a1badc9bfbf5cf176f75265cc5729e520e99,smartrecruiters,Air New Zealand,airnewzealand,https://careers.smartrecruiters.com/airnewzealand,CANDIDATE,NAME_EXACT,"exact normalized name match, no domain evidence; inspect",false,,LEGACY_SUPPORTED,SINGLE_SOURCE_CANDIDATE
EMP-09842,Delta Air Lines,,Target geographies | USA,ats-scrapers,6b44a1badc9bfbf5cf176f75265cc5729e520e99,avature,Delta Air Lines,dth,https://dth.avature.net,CANDIDATE,NAME_EXACT,"exact normalized name match, no domain evidence; inspect",false,,LEGACY_SUPPORTED,SINGLE_SOURCE_CANDIDATE
EMP-09843,Southwest Airlines,,Target geographies | USA,ats-scrapers,6b44a1badc9bfbf5cf176f75265cc5729e520e99,phenom,Southwest Airlines,,https://careers.southwestair.com,CANDIDATE,NAME_EXACT,"exact normalized name match, no domain evidence; inspect",false,,LEGACY_SUPPORTED,SINGLE_SOURCE_CANDIDATE
EMP-09844,United Airlines,,Target geographies | USA,ats-scrapers,6b44a1badc9bfbf5cf176f75265cc5729e520e99,phenom,United Airlines,,https://careers.united.com,CANDIDATE,NAME_EXACT,"exact normalized name match, no domain evidence; inspect",false,,LEGACY_SUPPORTED,SINGLE_SOURCE_CANDIDATE
EMP-09856,Airbus Operations Ltd,airbus.com,UK,ats-scrapers,6b44a1badc9bfbf5cf176f75265cc5729e520e99,bamboohr,airbus,airbus,https://airbus.bamboohr.com/careers,HIGH_CONFIDENCE,SLUG_PLUS_NAME,board slug/host token equals domain company token + compatible names,false,,UNSUPPORTED,SINGLE_SOURCE_CANDIDATE
EMP-09861,Allied,,UK,ats-scrapers,6b44a1badc9bfbf5cf176f75265cc5729e520e99,bamboohr,allied,allied,https://allied.bamboohr.com/careers,CANDIDATE,NAME_EXACT,"exact normalized name match, no domain evidence; inspect",false,,UNSUPPORTED,MULTI_SOURCE_CANDIDATE
EMP-09861,Allied,,UK,ats-scrapers,6b44a1badc9bfbf5cf176f75265cc5729e520e99,lever,Allied,alliedreit,https://jobs.lever.co/alliedreit,CANDIDATE,NAME_EXACT,"exact normalized name match, no domain evidence; inspect",false,,LEGACY_SUPPORTED,MULTI_SOURCE_CANDIDATE
EMP-09861,Allied,,UK,ats-scrapers,6b44a1badc9bfbf5cf176f75265cc5729e520e99,workable,Allied,alliedteam,https://apply.workable.com/alliedteam,CANDIDATE,NAME_EXACT,"exact normalized name match, no domain evidence; inspect",false,,UNSUPPORTED,MULTI_SOURCE_CANDIDATE
EMP-09875,Allica Bank,,UK,ats-scrapers,6b44a1badc9bfbf5cf176f75265cc5729e520e99,ashby,Allica Bank,allica-bank,https://jobs.ashbyhq.com/allica-bank,CANDIDATE,NAME_EXACT,"exact normalized name match, no domain evidence; inspect",false,,LEGACY_SUPPORTED,MULTI_SOURCE_CANDIDATE
EMP-09875,Allica Bank,,UK,ats-scrapers,6b44a1badc9bfbf5cf176f75265cc5729e520e99,bamboohr,Allica Bank,allicabank,https://allicabank.bamboohr.com/careers,CANDIDATE,NAME_EXACT,"exact normalized name match, no domain evidence; inspect",false,,UNSUPPORTED,MULTI_SOURCE_CANDIDATE
EMP-09894,Barclays Bank Plc,home.barclays,UK,ats-scrapers,6b44a1badc9bfbf5cf176f75265cc5729e520e99,join_com,Buena,home,https://join.com/companies/home,CANDIDATE,SLUG,board slug/host token equals domain company token but names differ; inspect,false,,UNSUPPORTED,MULTI_SOURCE_CANDIDATE
EMP-09894,Barclays Bank Plc,home.barclays,UK,ats-scrapers,6b44a1badc9bfbf5cf176f75265cc5729e520e99,recruiterbox,home,home,https://home.recruiterbox.com,CANDIDATE,SLUG,board slug/host token equals domain company token but names differ; inspect,false,,UNSUPPORTED,MULTI_SOURCE_CANDIDATE
EMP-09894,Barclays Bank Plc,home.barclays,UK,ats-scrapers,6b44a1badc9bfbf5cf176f75265cc5729e520e99,smartrecruiters,home,home,https://careers.smartrecruiters.com/home,CANDIDATE,SLUG,board slug/host token equals domain company token but names differ; inspect,false,,LEGACY_SUPPORTED,MULTI_SOURCE_CANDIDATE
EMP-09895,Barclays Corporate,home.barclays,UK,ats-scrapers,6b44a1badc9bfbf5cf176f75265cc5729e520e99,join_com,Buena,home,https://join.com/companies/home,CANDIDATE,SLUG,board slug/host token equals domain company token but names differ; inspect,false,,UNSUPPORTED,MULTI_SOURCE_CANDIDATE
EMP-09895,Barclays Corporate,home.barclays,UK,ats-scrapers,6b44a1badc9bfbf5cf176f75265cc5729e520e99,recruiterbox,home,home,https://home.recruiterbox.com,CANDIDATE,SLUG,board slug/host token equals domain company token but names differ; inspect,false,,UNSUPPORTED,MULTI_SOURCE_CANDIDATE
EMP-09895,Barclays Corporate,home.barclays,UK,ats-scrapers,6b44a1badc9bfbf5cf176f75265cc5729e520e99,smartrecruiters,home,home,https://careers.smartrecruiters.com/home,CANDIDATE,SLUG,board slug/host token equals domain company token but names differ; inspect,false,,LEGACY_SUPPORTED,MULTI_SOURCE_CANDIDATE
EMP-09896,Barclays Investment Bank,home.barclays,UK,ats-scrapers,6b44a1badc9bfbf5cf176f75265cc5729e520e99,join_com,Buena,home,https://join.com/companies/home,CANDIDATE,SLUG,board slug/host token equals domain company token but names differ; inspect,false,,UNSUPPORTED,MULTI_SOURCE_CANDIDATE
EMP-09896,Barclays Investment Bank,home.barclays,UK,ats-scrapers,6b44a1badc9bfbf5cf176f75265cc5729e520e99,recruiterbox,home,home,https://home.recruiterbox.com,CANDIDATE,SLUG,board slug/host token equals domain company token but names differ; inspect,false,,UNSUPPORTED,MULTI_SOURCE_CANDIDATE
EMP-09896,Barclays Investment Bank,home.barclays,UK,ats-scrapers,6b44a1badc9bfbf5cf176f75265cc5729e520e99,smartrecruiters,home,home,https://careers.smartrecruiters.com/home,CANDIDATE,SLUG,board slug/host token equals domain company token but names differ; inspect,false,,LEGACY_SUPPORTED,MULTI_SOURCE_CANDIDATE
EMP-09897,Barclays Merchant Services,home.barclays,UK,ats-scrapers,6b44a1badc9bfbf5cf176f75265cc5729e520e99,join_com,Buena,home,https://join.com/companies/home,CANDIDATE,SLUG,board slug/host token equals domain company token but names differ; inspect,false,,UNSUPPORTED,MULTI_SOURCE_CANDIDATE
EMP-09897,Barclays Merchant Services,home.barclays,UK,ats-scrapers,6b44a1badc9bfbf5cf176f75265cc5729e520e99,recruiterbox,home,home,https://home.recruiterbox.com,CANDIDATE,SLUG,board slug/host token equals domain company token but names differ; inspect,false,,UNSUPPORTED,MULTI_SOURCE_CANDIDATE
EMP-09897,Barclays Merchant Services,home.barclays,UK,ats-scrapers,6b44a1badc9bfbf5cf176f75265cc5729e520e99,smartrecruiters,home,home,https://careers.smartrecruiters.com/home,CANDIDATE,SLUG,board slug/host token equals domain company token but names differ; inspect,false,,LEGACY_SUPPORTED,MULTI_SOURCE_CANDIDATE
EMP-09898,Barclays Private Bank Ltd,home.barclays,UK,ats-scrapers,6b44a1badc9bfbf5cf176f75265cc5729e520e99,join_com,Buena,home,https://join.com/companies/home,CANDIDATE,SLUG,board slug/host token equals domain company token but names differ; inspect,false,,UNSUPPORTED,MULTI_SOURCE_CANDIDATE
EMP-09898,Barclays Private Bank Ltd,home.barclays,UK,ats-scrapers,6b44a1badc9bfbf5cf176f75265cc5729e520e99,recruiterbox,home,home,https://home.recruiterbox.com,CANDIDATE,SLUG,board slug/host token equals domain company token but names differ; inspect,false,,UNSUPPORTED,MULTI_SOURCE_CANDIDATE
EMP-09898,Barclays Private Bank Ltd,home.barclays,UK,ats-scrapers,6b44a1badc9bfbf5cf176f75265cc5729e520e99,smartrecruiters,home,home,https://careers.smartrecruiters.com/home,CANDIDATE,SLUG,board slug/host token equals domain company token but names differ; inspect,false,,LEGACY_SUPPORTED,MULTI_SOURCE_CANDIDATE
EMP-09899,Barclays Trade and Working Capital UK & Ireland,home.barclays,UK,ats-scrapers,6b44a1badc9bfbf5cf176f75265cc5729e520e99,join_com,Buena,home,https://join.com/companies/home,CANDIDATE,SLUG,board slug/host token equals domain company token but names differ; inspect,false,,UNSUPPORTED,MULTI_SOURCE_CANDIDATE
EMP-09899,Barclays Trade and Working Capital UK & Ireland,home.barclays,UK,ats-scrapers,6b44a1badc9bfbf5cf176f75265cc5729e520e99,recruiterbox,home,home,https://home.recruiterbox.com,CANDIDATE,SLUG,board slug/host token equals domain company token but names differ; inspect,false,,UNSUPPORTED,MULTI_SOURCE_CANDIDATE
EMP-09899,Barclays Trade and Working Capital UK & Ireland,home.barclays,UK,ats-scrapers,6b44a1badc9bfbf5cf176f75265cc5729e520e99,smartrecruiters,home,home,https://careers.smartrecruiters.com/home,CANDIDATE,SLUG,board slug/host token equals domain company token but names differ; inspect,false,,LEGACY_SUPPORTED,MULTI_SOURCE_CANDIDATE
EMP-09900,Barclays Wealth and Investment Management,home.barclays,UK,ats-scrapers,6b44a1badc9bfbf5cf176f75265cc5729e520e99,join_com,Buena,home,https://join.com/companies/home,CANDIDATE,SLUG,board slug/host token equals domain company token but names differ; inspect,false,,UNSUPPORTED,MULTI_SOURCE_CANDIDATE
EMP-09900,Barclays Wealth and Investment Management,home.barclays,UK,ats-scrapers,6b44a1badc9bfbf5cf176f75265cc5729e520e99,recruiterbox,home,home,https://home.recruiterbox.com,CANDIDATE,SLUG,board slug/host token equals domain company token but names differ; inspect,false,,UNSUPPORTED,MULTI_SOURCE_CANDIDATE
EMP-09900,Barclays Wealth and Investment Management,home.barclays,UK,ats-scrapers,6b44a1badc9bfbf5cf176f75265cc5729e520e99,smartrecruiters,home,home,https://careers.smartrecruiters.com/home,CANDIDATE,SLUG,board slug/host token equals domain company token but names differ; inspect,false,,LEGACY_SUPPORTED,MULTI_SOURCE_CANDIDATE
EMP-09908,BNY,,UK,ats-scrapers,6b44a1badc9bfbf5cf176f75265cc5729e520e99,oracle,BNY,eofe/cx_1001,https://eofe.fa.us2.oraclecloud.com/hcmUI/CandidateExperience/en/sites/CX_1001,CANDIDATE,NAME_EXACT,"exact normalized name match, no domain evidence; inspect",false,,LEGACY_SUPPORTED,SINGLE_SOURCE_CANDIDATE
EMP-09909,Bottomline Technologies,,UK,ats-scrapers,6b44a1badc9bfbf5cf176f75265cc5729e520e99,smartrecruiters,Bottomline Technologies,bottomlinetechnologies,https://careers.smartrecruiters.com/bottomlinetechnologies,CANDIDATE,NAME_EXACT,"exact normalized name match, no domain evidence; inspect",false,,LEGACY_SUPPORTED,SINGLE_SOURCE_CANDIDATE
EMP-09913,C Hoare & Co,,UK,ats-scrapers,6b44a1badc9bfbf5cf176f75265cc5729e520e99,workable,C. Hoare & Co.,hoares-bank,https://apply.workable.com/hoares-bank,CANDIDATE,NAME_EXACT,"exact normalized name match, no domain evidence; inspect",false,,UNSUPPORTED,SINGLE_SOURCE_CANDIDATE
EMP-09929,ClearBank,,UK,ats-scrapers,6b44a1badc9bfbf5cf176f75265cc5729e520e99,ashby,ClearBank,clearbank,https://jobs.ashbyhq.com/clearbank,CANDIDATE,NAME_EXACT,"exact normalized name match, no domain evidence; inspect",false,,LEGACY_SUPPORTED,SINGLE_SOURCE_CANDIDATE
EMP-09940,Crown Agents Bank,,UK,ats-scrapers,6b44a1badc9bfbf5cf176f75265cc5729e520e99,smartrecruiters,Crown Agents Bank,crownagentsbank,https://careers.smartrecruiters.com/crownagentsbank,CANDIDATE,NAME_EXACT,"exact normalized name match, no domain evidence; inspect",false,,LEGACY_SUPPORTED,SINGLE_SOURCE_CANDIDATE
EMP-09946,Deutsche Bank AG Group,db.com,UK,ats-scrapers,6b44a1badc9bfbf5cf176f75265cc5729e520e99,workday,Db,db/dbwebsite,https://db.wd3.myworkdayjobs.com/dbwebsite,CANDIDATE,SLUG,board slug/host token equals domain company token but names differ; inspect,false,,LEGACY_SUPPORTED,MULTI_SOURCE_CANDIDATE
EMP-09946,Deutsche Bank AG Group,db.com,UK,ats-scrapers,6b44a1badc9bfbf5cf176f75265cc5729e520e99,workday,DWS,db/dwswebsite,https://db.wd3.myworkdayjobs.com/dwswebsite,CANDIDATE,SLUG,board slug/host token equals domain company token but names differ; inspect,false,,LEGACY_SUPPORTED,MULTI_SOURCE_CANDIDATE
EMP-09969,Funding Circle,,UK,ats-scrapers,6b44a1badc9bfbf5cf176f75265cc5729e520e99,ashby,Funding Circle,fundingcircle,https://jobs.ashbyhq.com/fundingcircle,CANDIDATE,NAME_EXACT,"exact normalized name match, no domain evidence; inspect",false,,LEGACY_SUPPORTED,SINGLE_SOURCE_CANDIDATE
EMP-09974,Ghana International Bank plc,,UK,ats-scrapers,6b44a1badc9bfbf5cf176f75265cc5729e520e99,teamtailor,Ghana International Bank,ghanainternationalbank-1644937212,https://ghanainternationalbank-1644937212.teamtailor.com,CANDIDATE,NAME_EXACT,"exact normalized name match, no domain evidence; inspect",false,,UNSUPPORTED,SINGLE_SOURCE_CANDIDATE
EMP-09976,GoCardless Limited,,UK,ats-scrapers,6b44a1badc9bfbf5cf176f75265cc5729e520e99,greenhouse,GoCardless,gocardless,https://job-boards.greenhouse.io/gocardless,CANDIDATE,NAME_EXACT,"exact normalized name match, no domain evidence; inspect",false,,LEGACY_SUPPORTED,SINGLE_SOURCE_CANDIDATE
EMP-09987,HSBC Bank Plc,hsbc.com,UK,ats-scrapers,6b44a1badc9bfbf5cf176f75265cc5729e520e99,eightfold,HSBC,hsbc,https://hsbc.eightfold.ai/careers,HIGH_CONFIDENCE,SLUG_PLUS_NAME,board slug/host token equals domain company token + compatible names,false,,DECLARATIVE_SUPPORTED,SINGLE_SOURCE_CANDIDATE
EMP-09988,HSBC Global Banking & Markets,hsbc.com,UK,ats-scrapers,6b44a1badc9bfbf5cf176f75265cc5729e520e99,eightfold,HSBC,hsbc,https://hsbc.eightfold.ai/careers,HIGH_CONFIDENCE,SLUG_PLUS_NAME,board slug/host token equals domain company token + compatible names,false,,DECLARATIVE_SUPPORTED,SINGLE_SOURCE_CANDIDATE
EMP-09989,HSBC Holdings plc,hsbc.com,UK,ats-scrapers,6b44a1badc9bfbf5cf176f75265cc5729e520e99,eightfold,HSBC,hsbc,https://hsbc.eightfold.ai/careers,HIGH_CONFIDENCE,SLUG_PLUS_NAME,board slug/host token equals domain company token + compatible names,false,,DECLARATIVE_SUPPORTED,SINGLE_SOURCE_CANDIDATE
EMP-09990,HSBC Innovation Bank,hsbc.com,UK,ats-scrapers,6b44a1badc9bfbf5cf176f75265cc5729e520e99,eightfold,HSBC,hsbc,https://hsbc.eightfold.ai/careers,HIGH_CONFIDENCE,SLUG_PLUS_NAME,board slug/host token equals domain company token + compatible names,false,,DECLARATIVE_SUPPORTED,SINGLE_SOURCE_CANDIDATE
EMP-09991,HSBC Investment Bank plc,hsbc.com,UK,ats-scrapers,6b44a1badc9bfbf5cf176f75265cc5729e520e99,eightfold,HSBC,hsbc,https://hsbc.eightfold.ai/careers,HIGH_CONFIDENCE,SLUG_PLUS_NAME,board slug/host token equals domain company token + compatible names,false,,DECLARATIVE_SUPPORTED,SINGLE_SOURCE_CANDIDATE
EMP-09992,HSBC Invoice Finance (UK) Ltd,hsbc.com,UK,ats-scrapers,6b44a1badc9bfbf5cf176f75265cc5729e520e99,eightfold,HSBC,hsbc,https://hsbc.eightfold.ai/careers,HIGH_CONFIDENCE,SLUG_PLUS_NAME,board slug/host token equals domain company token + compatible names,false,,DECLARATIVE_SUPPORTED,SINGLE_SOURCE_CANDIDATE
EMP-09993,HSBC Merchant Services,hsbc.com,UK,ats-scrapers,6b44a1badc9bfbf5cf176f75265cc5729e520e99,eightfold,HSBC,hsbc,https://hsbc.eightfold.ai/careers,HIGH_CONFIDENCE,SLUG_PLUS_NAME,board slug/host token equals domain company token + compatible names,false,,DECLARATIVE_SUPPORTED,SINGLE_SOURCE_CANDIDATE
EMP-09994,HSBC Private Bank Limited,hsbc.com,UK,ats-scrapers,6b44a1badc9bfbf5cf176f75265cc5729e520e99,eightfold,HSBC,hsbc,https://hsbc.eightfold.ai/careers,HIGH_CONFIDENCE,SLUG_PLUS_NAME,board slug/host token equals domain company token + compatible names,false,,DECLARATIVE_SUPPORTED,SINGLE_SOURCE_CANDIDATE
EMP-09995,HSBC Trust Company (UK) Ltd,hsbc.com,UK,ats-scrapers,6b44a1badc9bfbf5cf176f75265cc5729e520e99,eightfold,HSBC,hsbc,https://hsbc.eightfold.ai/careers,HIGH_CONFIDENCE,SLUG_PLUS_NAME,board slug/host token equals domain company token + compatible names,false,,DECLARATIVE_SUPPORTED,SINGLE_SOURCE_CANDIDATE
EMP-10009,Kroo,,UK,ats-scrapers,6b44a1badc9bfbf5cf176f75265cc5729e520e99,bamboohr,Kroo,kroo,https://kroo.bamboohr.com/careers,CANDIDATE,NAME_EXACT,"exact normalized name match, no domain evidence; inspect",false,,UNSUPPORTED,SINGLE_SOURCE_CANDIDATE
EMP-10016,Lendable,,UK,ats-scrapers,6b44a1badc9bfbf5cf176f75265cc5729e520e99,ashby,Lendable,lendable,https://jobs.ashbyhq.com/lendable,CANDIDATE,NAME_EXACT,"exact normalized name match, no domain evidence; inspect",false,,LEGACY_SUPPORTED,MULTI_SOURCE_CANDIDATE
EMP-10016,Lendable,,UK,ats-scrapers,6b44a1badc9bfbf5cf176f75265cc5729e520e99,bamboohr,Lendable,lendable,https://lendable.bamboohr.com/careers,CANDIDATE,NAME_EXACT,"exact normalized name match, no domain evidence; inspect",false,,UNSUPPORTED,MULTI_SOURCE_CANDIDATE
EMP-10016,Lendable,,UK,ats-scrapers,6b44a1badc9bfbf5cf176f75265cc5729e520e99,pinpoint,Lendable,lendable,https://lendable.pinpointhq.com,CANDIDATE,NAME_EXACT,"exact normalized name match, no domain evidence; inspect",false,,UNSUPPORTED,MULTI_SOURCE_CANDIDATE
EMP-10024,Lloyds Banking Group,lloydsbankinggroup.com,UK,ats-scrapers,6b44a1badc9bfbf5cf176f75265cc5729e520e99,icims,Lloyds Banking Group,lbusa,https://careers-lbusa.icims.com,CANDIDATE,NAME_EXACT,"exact normalized name match, no domain evidence; inspect",false,,UNSUPPORTED,SINGLE_SOURCE_CANDIDATE
EMP-10025,Lombard Odier,,UK,ats-scrapers,6b44a1badc9bfbf5cf176f75265cc5729e520e99,workday,Lombardodier,lombardodier/lombard_odier_careers,https://lombardodier.wd3.myworkdayjobs.com/lombard_odier_careers,CANDIDATE,NAME_EXACT,"exact normalized name match, no domain evidence; inspect",false,,LEGACY_SUPPORTED,SINGLE_SOURCE_CANDIDATE
EMP-10032,MarketAxess,,UK,ats-scrapers,6b44a1badc9bfbf5cf176f75265cc5729e520e99,greenhouse,MarketAxess,marketaxesscorporation,https://job-boards.greenhouse.io/marketaxesscorporation,CANDIDATE,NAME_EXACT,"exact normalized name match, no domain evidence; inspect",false,,LEGACY_SUPPORTED,SINGLE_SOURCE_CANDIDATE
EMP-10036,Metro Bank Plc,,UK,ats-scrapers,6b44a1badc9bfbf5cf176f75265cc5729e520e99,avature,Metrobank,metrobank,https://metrobank.avature.net/amazingcareers/SearchJobs,CANDIDATE,NAME_EXACT,"exact normalized name match, no domain evidence; inspect",false,,LEGACY_SUPPORTED,MULTI_SOURCE_CANDIDATE
EMP-10036,Metro Bank Plc,,UK,ats-scrapers,6b44a1badc9bfbf5cf176f75265cc5729e520e99,paycom,METRO BANK,b6bed18780c94ec52dc90b0b170ee317,https://paycomonline.net/v4/ats/web.php/portal/b6bed18780c94ec52dc90b0b170ee317/career-page,CANDIDATE,NAME_EXACT,"exact normalized name match, no domain evidence; inspect",false,,UNSUPPORTED,MULTI_SOURCE_CANDIDATE
EMP-10036,Metro Bank Plc,,UK,ats-scrapers,6b44a1badc9bfbf5cf176f75265cc5729e520e99,successfactors,Metrobank,MBTCHCM,https://careers.metrobank.com.ph,CANDIDATE,NAME_EXACT,"exact normalized name match, no domain evidence; inspect",false,,LEGACY_SUPPORTED,MULTI_SOURCE_CANDIDATE
EMP-10047,Morgan Stanley & Co. International PLC,morganstanley.com,UK,ats-scrapers,6b44a1badc9bfbf5cf176f75265cc5729e520e99,eightfold,Morgan Stanley,morganstanley,https://morganstanley.eightfold.ai/careers,HIGH_CONFIDENCE,SLUG_PLUS_NAME,board slug/host token equals domain company token + compatible names,false,,DECLARATIVE_SUPPORTED,MULTI_SOURCE_CANDIDATE
EMP-10047,Morgan Stanley & Co. International PLC,morganstanley.com,UK,ats-scrapers,6b44a1badc9bfbf5cf176f75265cc5729e520e99,smartrecruiters,Morgan stanley,morganstanley,https://careers.smartrecruiters.com/morganstanley,HIGH_CONFIDENCE,SLUG_PLUS_NAME,board slug/host token equals domain company token + compatible names,false,,LEGACY_SUPPORTED,MULTI_SOURCE_CANDIDATE
EMP-10050,MUFG,,UK,ats-scrapers,6b44a1badc9bfbf5cf176f75265cc5729e520e99,workday,MUFG,mufgub/mufg-careers,https://mufgub.wd3.myworkdayjobs.com/mufg-careers,CANDIDATE,NAME_EXACT,"exact normalized name match, no domain evidence; inspect",false,,LEGACY_SUPPORTED,SINGLE_SOURCE_CANDIDATE
EMP-10066,OneSavings Bank Plc,,UK,ats-scrapers,6b44a1badc9bfbf5cf176f75265cc5729e520e99,icims,OneSavings Bank PLC,osb,https://careers-osb.icims.com,CANDIDATE,NAME_EXACT,"exact normalized name match, no domain evidence; inspect",false,,UNSUPPORTED,SINGLE_SOURCE_CANDIDATE
EMP-10094,Recognise Bank,,UK,ats-scrapers,6b44a1badc9bfbf5cf176f75265cc5729e520e99,bamboohr,Recognisebank,recognisebank,https://recognisebank.bamboohr.com/careers,CANDIDATE,NAME_EXACT,"exact normalized name match, no domain evidence; inspect",false,,UNSUPPORTED,MULTI_SOURCE_CANDIDATE
EMP-10094,Recognise Bank,,UK,ats-scrapers,6b44a1badc9bfbf5cf176f75265cc5729e520e99,lever,Recognise Bank,recognisebank,https://jobs.lever.co/recognisebank,CANDIDATE,NAME_EXACT,"exact normalized name match, no domain evidence; inspect",false,,LEGACY_SUPPORTED,MULTI_SOURCE_CANDIDATE
EMP-10101,Royal Bank of Canada,rbc.com,UK,ats-scrapers,6b44a1badc9bfbf5cf176f75265cc5729e520e99,workday,Rbc,rbc/rbcearlytalent1,https://rbc.wd3.myworkdayjobs.com/rbcearlytalent1,CANDIDATE,SLUG,board slug/host token equals domain company token but names differ; inspect,false,,LEGACY_SUPPORTED,MULTI_SOURCE_CANDIDATE
EMP-10101,Royal Bank of Canada,rbc.com,UK,ats-scrapers,6b44a1badc9bfbf5cf176f75265cc5729e520e99,workday,Rbc,rbc/rbcglobal1,https://rbc.wd3.myworkdayjobs.com/rbcglobal1,CANDIDATE,SLUG,board slug/host token equals domain company token but names differ; inspect,false,,LEGACY_SUPPORTED,MULTI_SOURCE_CANDIDATE
EMP-10105,Santander Asset Management,santander.com,UK,ats-scrapers,6b44a1badc9bfbf5cf176f75265cc5729e520e99,workday,Santander,santander/santandercareers,https://santander.wd3.myworkdayjobs.com/santandercareers,HIGH_CONFIDENCE,SLUG_PLUS_NAME,board slug/host token equals domain company token + compatible names,false,,LEGACY_SUPPORTED,SINGLE_SOURCE_CANDIDATE
EMP-10106,Santander Invoice Finance,santander.com,UK,ats-scrapers,6b44a1badc9bfbf5cf176f75265cc5729e520e99,workday,Santander,santander/santandercareers,https://santander.wd3.myworkdayjobs.com/santandercareers,HIGH_CONFIDENCE,SLUG_PLUS_NAME,board slug/host token equals domain company token + compatible names,false,,LEGACY_SUPPORTED,SINGLE_SOURCE_CANDIDATE
EMP-10107,Santander Private Banking,santander.com,UK,ats-scrapers,6b44a1badc9bfbf5cf176f75265cc5729e520e99,workday,Santander,santander/santandercareers,https://santander.wd3.myworkdayjobs.com/santandercareers,HIGH_CONFIDENCE,SLUG_PLUS_NAME,board slug/host token equals domain company token + compatible names,false,,LEGACY_SUPPORTED,SINGLE_SOURCE_CANDIDATE
EMP-10108,Santander UK Plc,santander.com,UK,ats-scrapers,6b44a1badc9bfbf5cf176f75265cc5729e520e99,workday,Santander,santander/santandercareers,https://santander.wd3.myworkdayjobs.com/santandercareers,HIGH_CONFIDENCE,SLUG_PLUS_NAME,board slug/host token equals domain company token + compatible names,false,,LEGACY_SUPPORTED,SINGLE_SOURCE_CANDIDATE
EMP-10122,Standard Chartered,sc.com,UK,ats-scrapers,6b44a1badc9bfbf5cf176f75265cc5729e520e99,greenhouse,sc,sc,https://job-boards.greenhouse.io/sc,CANDIDATE,SLUG,board slug/host token equals domain company token but names differ; inspect,false,,LEGACY_SUPPORTED,MULTI_SOURCE_CANDIDATE
EMP-10122,Standard Chartered,sc.com,UK,ats-scrapers,6b44a1badc9bfbf5cf176f75265cc5729e520e99,smartrecruiters,Standard Chartered,standardchartered,https://careers.smartrecruiters.com/standardchartered,CANDIDATE,NAME_EXACT,"exact normalized name match, no domain evidence; inspect",false,,LEGACY_SUPPORTED,MULTI_SOURCE_CANDIDATE
EMP-10128,Stripe Payment UK Ltd,stripe.com,UK,ats-scrapers,6b44a1badc9bfbf5cf176f75265cc5729e520e99,greenhouse,Stripe,stripe,https://job-boards.greenhouse.io/stripe,HIGH_CONFIDENCE,URL_EXACT,internal resolved portal URL equals external board URL,false,,LEGACY_SUPPORTED,SINGLE_SOURCE_CANDIDATE
EMP-10140,The Bank of Nova Scotia,scotiabank.com,UK,ats-scrapers,6b44a1badc9bfbf5cf176f75265cc5729e520e99,successfactors,The Bank of Nova Scotia P,jobs,https://jobs.scotiabank.com,HIGH_CONFIDENCE,URL_EXACT,internal resolved portal URL equals external board URL,false,,LEGACY_SUPPORTED,SINGLE_SOURCE_CANDIDATE
EMP-10149,Tide,,UK,ats-scrapers,6b44a1badc9bfbf5cf176f75265cc5729e520e99,join_com,Tide,tideco,https://join.com/companies/tideco,CANDIDATE,NAME_EXACT,"exact normalized name match, no domain evidence; inspect",false,,UNSUPPORTED,SINGLE_SOURCE_CANDIDATE
EMP-10153,Token,,UK,ats-scrapers,6b44a1badc9bfbf5cf176f75265cc5729e520e99,bamboohr,token,token,https://token.bamboohr.com/careers,CANDIDATE,NAME_EXACT,"exact normalized name match, no domain evidence; inspect",false,,UNSUPPORTED,MULTI_SOURCE_CANDIDATE
EMP-10153,Token,,UK,ats-scrapers,6b44a1badc9bfbf5cf176f75265cc5729e520e99,jazzhr,token,token,https://token.applytojob.com,CANDIDATE,NAME_EXACT,"exact normalized name match, no domain evidence; inspect",false,,UNSUPPORTED,MULTI_SOURCE_CANDIDATE
EMP-10156,TrueLayer,,UK,ats-scrapers,6b44a1badc9bfbf5cf176f75265cc5729e520e99,greenhouse,truelayer,truelayer,https://job-boards.greenhouse.io/truelayer,CANDIDATE,NAME_EXACT,"exact normalized name match, no domain evidence; inspect",false,,LEGACY_SUPPORTED,SINGLE_SOURCE_CANDIDATE
EMP-10157,TSYS,,UK,ats-scrapers,6b44a1badc9bfbf5cf176f75265cc5729e520e99,workday,Tsys,tsys/tsys,https://tsys.wd1.myworkdayjobs.com/tsys,CANDIDATE,NAME_EXACT,"exact normalized name match, no domain evidence; inspect",false,,LEGACY_SUPPORTED,SINGLE_SOURCE_CANDIDATE
EMP-10171,Visa Europe,corporate.visa.com,UK,ats-scrapers,6b44a1badc9bfbf5cf176f75265cc5729e520e99,smartrecruiters,Visa,visa,https://careers.smartrecruiters.com/visa,HIGH_CONFIDENCE,SLUG_PLUS_NAME,board slug/host token equals domain company token + compatible names,false,,LEGACY_SUPPORTED,MULTI_SOURCE_CANDIDATE
EMP-10171,Visa Europe,corporate.visa.com,UK,ats-scrapers,6b44a1badc9bfbf5cf176f75265cc5729e520e99,workday,Visa,visa/visa,https://visa.wd5.myworkdayjobs.com/visa,HIGH_CONFIDENCE,SLUG_PLUS_NAME,board slug/host token equals domain company token + compatible names,false,,LEGACY_SUPPORTED,MULTI_SOURCE_CANDIDATE
EMP-10172,Visa Payments,corporate.visa.com,UK,ats-scrapers,6b44a1badc9bfbf5cf176f75265cc5729e520e99,smartrecruiters,Visa,visa,https://careers.smartrecruiters.com/visa,HIGH_CONFIDENCE,SLUG_PLUS_NAME,board slug/host token equals domain company token + compatible names,false,,LEGACY_SUPPORTED,MULTI_SOURCE_CANDIDATE
EMP-10172,Visa Payments,corporate.visa.com,UK,ats-scrapers,6b44a1badc9bfbf5cf176f75265cc5729e520e99,workday,Visa,visa/visa,https://visa.wd5.myworkdayjobs.com/visa,HIGH_CONFIDENCE,SLUG_PLUS_NAME,board slug/host token equals domain company token + compatible names,false,,LEGACY_SUPPORTED,MULTI_SOURCE_CANDIDATE
EMP-10174,Volt,,UK,ats-scrapers,6b44a1badc9bfbf5cf176f75265cc5729e520e99,lever,Volt,voltai,https://jobs.lever.co/voltai,CANDIDATE,NAME_EXACT,"exact normalized name match, no domain evidence; inspect",false,,LEGACY_SUPPORTED,SINGLE_SOURCE_CANDIDATE
EMP-10187,Boeing Defence UK Ltd,boeing.com,UK,ats-scrapers,6b44a1badc9bfbf5cf176f75265cc5729e520e99,workday,Boeing (INTERN),boeing/INTERN,https://boeing.wd1.myworkdayjobs.com/INTERN,CANDIDATE,SLUG,board slug/host token equals domain company token but names differ; inspect,false,,LEGACY_SUPPORTED,MULTI_SOURCE_CANDIDATE
EMP-10187,Boeing Defence UK Ltd,boeing.com,UK,ats-scrapers,6b44a1badc9bfbf5cf176f75265cc5729e520e99,workday,Boeing (PRIDE),boeing/PRIDE,https://boeing.wd1.myworkdayjobs.com/PRIDE,CANDIDATE,SLUG,board slug/host token equals domain company token but names differ; inspect,false,,LEGACY_SUPPORTED,MULTI_SOURCE_CANDIDATE
EMP-10187,Boeing Defence UK Ltd,boeing.com,UK,ats-scrapers,6b44a1badc9bfbf5cf176f75265cc5729e520e99,workday,Boeing (TAP2),boeing/TAP2,https://boeing.wd1.myworkdayjobs.com/TAP2,CANDIDATE,SLUG,board slug/host token equals domain company token but names differ; inspect,false,,LEGACY_SUPPORTED,MULTI_SOURCE_CANDIDATE
EMP-10187,Boeing Defence UK Ltd,boeing.com,UK,ats-scrapers,6b44a1badc9bfbf5cf176f75265cc5729e520e99,workday,Da,boeing/da,https://boeing.wd1.myworkdayjobs.com/da,CANDIDATE,SLUG,board slug/host token equals domain company token but names differ; inspect,false,,LEGACY_SUPPORTED,MULTI_SOURCE_CANDIDATE
EMP-10187,Boeing Defence UK Ltd,boeing.com,UK,ats-scrapers,6b44a1badc9bfbf5cf176f75265cc5729e520e99,workday,Boeing,boeing/external_careers,https://boeing.wd1.myworkdayjobs.com/external_careers,HIGH_CONFIDENCE,SLUG_PLUS_NAME,board slug/host token equals domain company token + compatible names,false,,LEGACY_SUPPORTED,MULTI_SOURCE_CANDIDATE
EMP-10187,Boeing Defence UK Ltd,boeing.com,UK,ats-scrapers,6b44a1badc9bfbf5cf176f75265cc5729e520e99,workday,Boeing,boeing/external_subsidiary,https://boeing.wd1.myworkdayjobs.com/external_subsidiary,HIGH_CONFIDENCE,SLUG_PLUS_NAME,board slug/host token equals domain company token + compatible names,false,,LEGACY_SUPPORTED,MULTI_SOURCE_CANDIDATE
EMP-10187,Boeing Defence UK Ltd,boeing.com,UK,ats-scrapers,6b44a1badc9bfbf5cf176f75265cc5729e520e99,workday,Boeing,boeing/tap3,https://boeing.wd1.myworkdayjobs.com/tap3,HIGH_CONFIDENCE,SLUG_PLUS_NAME,board slug/host token equals domain company token + compatible names,false,,LEGACY_SUPPORTED,MULTI_SOURCE_CANDIDATE
EMP-10189,CAE (UK) plc,cae.com,UK,ats-scrapers,6b44a1badc9bfbf5cf176f75265cc5729e520e99,workday,Cae,cae/caecareer2,https://cae.wd3.myworkdayjobs.com/caecareer2,CANDIDATE,SLUG,board slug/host token equals domain company token but names differ; inspect,false,,LEGACY_SUPPORTED,MULTI_SOURCE_CANDIDATE
EMP-10189,CAE (UK) plc,cae.com,UK,ats-scrapers,6b44a1badc9bfbf5cf176f75265cc5729e520e99,workday,Cae,cae/career,https://cae.wd3.myworkdayjobs.com/career,CANDIDATE,SLUG,board slug/host token equals domain company token but names differ; inspect,false,,LEGACY_SUPPORTED,MULTI_SOURCE_CANDIDATE
EMP-10224,Networkology Ltd,,UK,ats-scrapers,6b44a1badc9bfbf5cf176f75265cc5729e520e99,teamtailor,Networkology,networkology-1743416781,https://networkology-1743416781.teamtailor.com,CANDIDATE,NAME_EXACT,"exact normalized name match, no domain evidence; inspect",false,,UNSUPPORTED,SINGLE_SOURCE_CANDIDATE
EMP-10246,Arqiva,,UK,ats-scrapers,6b44a1badc9bfbf5cf176f75265cc5729e520e99,oracle,Arqiva,ehik,https://ehik.fa.em3.oraclecloud.com/hcmUI/CandidateExperience/en/sites/CX,CANDIDATE,NAME_EXACT,"exact normalized name match, no domain evidence; inspect",false,,LEGACY_SUPPORTED,SINGLE_SOURCE_CANDIDATE
EMP-10249,Aurora Energy Research,,UK,ats-scrapers,6b44a1badc9bfbf5cf176f75265cc5729e520e99,pinpoint,Aurora Energy Research,auroraer,https://auroraer.pinpointhq.com,CANDIDATE,NAME_EXACT,"exact normalized name match, no domain evidence; inspect",false,,UNSUPPORTED,SINGLE_SOURCE_CANDIDATE
EMP-10252,BMA,,UK,ats-scrapers,6b44a1badc9bfbf5cf176f75265cc5729e520e99,bamboohr,bma,bma,https://bma.bamboohr.com/careers,CANDIDATE,NAME_EXACT,"exact normalized name match, no domain evidence; inspect",false,,UNSUPPORTED,MULTI_SOURCE_CANDIDATE
EMP-10252,BMA,,UK,ats-scrapers,6b44a1badc9bfbf5cf176f75265cc5729e520e99,jazzhr,bma,bma,https://bma.applytojob.com,CANDIDATE,NAME_EXACT,"exact normalized name match, no domain evidence; inspect",false,,UNSUPPORTED,MULTI_SOURCE_CANDIDATE
EMP-10263,CWP Energy,,UK,ats-scrapers,6b44a1badc9bfbf5cf176f75265cc5729e520e99,jazzhr,CWP Energy,mcgillstlaurent,https://mcgillstlaurent.applytojob.com,CANDIDATE,NAME_EXACT,"exact normalized name match, no domain evidence; inspect",false,,UNSUPPORTED,SINGLE_SOURCE_CANDIDATE
EMP-10265,Drax Group,,UK,ats-scrapers,6b44a1badc9bfbf5cf176f75265cc5729e520e99,cornerstone,Drax Group,draxgroup,https://draxgroup.csod.com/ux/ats/careersite/1/home?c=draxgroup,CANDIDATE,NAME_EXACT,"exact normalized name match, no domain evidence; inspect",false,,UNSUPPORTED,MULTI_SOURCE_CANDIDATE
EMP-10265,Drax Group,,UK,ats-scrapers,6b44a1badc9bfbf5cf176f75265cc5729e520e99,cornerstone,Drax Group,https://draxgroup.csod.com/ux/ats/careersite/11/home?c=draxgroup,https://draxgroup.csod.com/ux/ats/careersite/11/home?c=draxgroup,CANDIDATE,NAME_EXACT,"exact normalized name match, no domain evidence; inspect",false,,UNSUPPORTED,MULTI_SOURCE_CANDIDATE
EMP-10277,Ernst & Young,ey.com,UK,ats-scrapers,6b44a1badc9bfbf5cf176f75265cc5729e520e99,moka,EY (Ernst & Young),ey/47410,https://app.mokahr.com/social-recruitment/ey/47410,HIGH_CONFIDENCE,SLUG_PLUS_NAME,board slug/host token equals domain company token + compatible names,false,,UNSUPPORTED,MULTI_SOURCE_CANDIDATE
EMP-10277,Ernst & Young,ey.com,UK,ats-scrapers,6b44a1badc9bfbf5cf176f75265cc5729e520e99,successfactors,Careers at EY: search jobs,EYHRISPRD1,https://careers.ey.com,HIGH_CONFIDENCE,URL_EXACT,internal resolved portal URL equals external board URL,false,,LEGACY_SUPPORTED,MULTI_SOURCE_CANDIDATE
EMP-10286,Fuse Energy,,UK,ats-scrapers,6b44a1badc9bfbf5cf176f75265cc5729e520e99,workable,Fuse Energy,fuseenergy,https://apply.workable.com/fuseenergy,CANDIDATE,NAME_EXACT,"exact normalized name match, no domain evidence; inspect",false,,UNSUPPORTED,SINGLE_SOURCE_CANDIDATE
EMP-10287,FYLD,,UK,ats-scrapers,6b44a1badc9bfbf5cf176f75265cc5729e520e99,jazzhr,Fyld,mainfyld,https://mainfyld.applytojob.com,CANDIDATE,NAME_EXACT,"exact normalized name match, no domain evidence; inspect",false,,UNSUPPORTED,SINGLE_SOURCE_CANDIDATE
EMP-10291,Grant Thornton,,UK,ats-scrapers,6b44a1badc9bfbf5cf176f75265cc5729e520e99,bamboohr,grantthornton,grantthornton,https://grantthornton.bamboohr.com/careers,CANDIDATE,NAME_EXACT,"exact normalized name match, no domain evidence; inspect",false,,UNSUPPORTED,MULTI_SOURCE_CANDIDATE
EMP-10291,Grant Thornton,,UK,ats-scrapers,6b44a1badc9bfbf5cf176f75265cc5729e520e99,workday,Grant Thornton,grantthorntonaus/gta,https://grantthorntonaus.wd105.myworkdayjobs.com/gta,CANDIDATE,NAME_EXACT,"exact normalized name match, no domain evidence; inspect",false,,LEGACY_SUPPORTED,MULTI_SOURCE_CANDIDATE
EMP-10294,Herbert Smith Freehills Kramer,,UK,ats-scrapers,6b44a1badc9bfbf5cf176f75265cc5729e520e99,workday,Herbert Smith Freehills Kramer,herbertsmithfreehills/external,https://herbertsmithfreehills.wd3.myworkdayjobs.com/external,CANDIDATE,NAME_EXACT,"exact normalized name match, no domain evidence; inspect",false,,LEGACY_SUPPORTED,SINGLE_SOURCE_CANDIDATE
EMP-10302,Jersey Electricity,,UK,ats-scrapers,6b44a1badc9bfbf5cf176f75265cc5729e520e99,pinpoint,Jersey Electricity,jec,https://jec.pinpointhq.com,CANDIDATE,NAME_EXACT,"exact normalized name match, no domain evidence; inspect",false,,UNSUPPORTED,SINGLE_SOURCE_CANDIDATE
EMP-10304,Kraken,,UK,ats-scrapers,6b44a1badc9bfbf5cf176f75265cc5729e520e99,ashby,Kraken,kraken.com,https://jobs.ashbyhq.com/kraken.com,CANDIDATE,NAME_EXACT,"exact normalized name match, no domain evidence; inspect",false,,LEGACY_SUPPORTED,MULTI_SOURCE_CANDIDATE
EMP-10304,Kraken,,UK,ats-scrapers,6b44a1badc9bfbf5cf176f75265cc5729e520e99,lever,Kraken,kraken123,https://jobs.lever.co/kraken123,CANDIDATE,NAME_EXACT,"exact normalized name match, no domain evidence; inspect",false,,LEGACY_SUPPORTED,MULTI_SOURCE_CANDIDATE
EMP-10305,Last Energy,,UK,ats-scrapers,6b44a1badc9bfbf5cf176f75265cc5729e520e99,lever,Last Energy,last-energy,https://jobs.lever.co/last-energy,CANDIDATE,NAME_EXACT,"exact normalized name match, no domain evidence; inspect",false,,LEGACY_SUPPORTED,SINGLE_SOURCE_CANDIDATE
EMP-10308,Low Carbon,,UK,ats-scrapers,6b44a1badc9bfbf5cf176f75265cc5729e520e99,workable,Low Carbon,low-carbon,https://apply.workable.com/low-carbon,CANDIDATE,NAME_EXACT,"exact normalized name match, no domain evidence; inspect",false,,UNSUPPORTED,SINGLE_SOURCE_CANDIDATE
EMP-10309,Madano,,UK,ats-scrapers,6b44a1badc9bfbf5cf176f75265cc5729e520e99,greenhouse,Madano,madano,https://job-boards.greenhouse.io/madano,CANDIDATE,NAME_EXACT,"exact normalized name match, no domain evidence; inspect",false,,LEGACY_SUPPORTED,SINGLE_SOURCE_CANDIDATE
EMP-10320,Newton,,UK,ats-scrapers,6b44a1badc9bfbf5cf176f75265cc5729e520e99,bamboohr,Newton,newton,https://newton.bamboohr.com/careers,CANDIDATE,NAME_EXACT,"exact normalized name match, no domain evidence; inspect",false,,UNSUPPORTED,MULTI_SOURCE_CANDIDATE
EMP-10320,Newton,,UK,ats-scrapers,6b44a1badc9bfbf5cf176f75265cc5729e520e99,greenhouse,Newton,newton,https://job-boards.greenhouse.io/newton,CANDIDATE,NAME_EXACT,"exact normalized name match, no domain evidence; inspect",false,,LEGACY_SUPPORTED,MULTI_SOURCE_CANDIDATE
EMP-10320,Newton,,UK,ats-scrapers,6b44a1badc9bfbf5cf176f75265cc5729e520e99,lever,Newton,newton,https://jobs.lever.co/newton,CANDIDATE,NAME_EXACT,"exact normalized name match, no domain evidence; inspect",false,,LEGACY_SUPPORTED,MULTI_SOURCE_CANDIDATE
EMP-10320,Newton,,UK,ats-scrapers,6b44a1badc9bfbf5cf176f75265cc5729e520e99,smartrecruiters,Newton,newton,https://careers.smartrecruiters.com/newton,CANDIDATE,NAME_EXACT,"exact normalized name match, no domain evidence; inspect",false,,LEGACY_SUPPORTED,MULTI_SOURCE_CANDIDATE
EMP-10320,Newton,,UK,ats-scrapers,6b44a1badc9bfbf5cf176f75265cc5729e520e99,workable,Newton,newton-europe,https://apply.workable.com/newton-europe,CANDIDATE,NAME_EXACT,"exact normalized name match, no domain evidence; inspect",false,,UNSUPPORTED,MULTI_SOURCE_CANDIDATE
EMP-10332,Quadient,,UK,ats-scrapers,6b44a1badc9bfbf5cf176f75265cc5729e520e99,join_com,Quadient,quadient1,https://join.com/companies/quadient1,CANDIDATE,NAME_EXACT,"exact normalized name match, no domain evidence; inspect",false,,UNSUPPORTED,MULTI_SOURCE_CANDIDATE
EMP-10332,Quadient,,UK,ats-scrapers,6b44a1badc9bfbf5cf176f75265cc5729e520e99,workday,Quadient,quadient/external_career_site,https://quadient.wd3.myworkdayjobs.com/external_career_site,CANDIDATE,NAME_EXACT,"exact normalized name match, no domain evidence; inspect",false,,LEGACY_SUPPORTED,MULTI_SOURCE_CANDIDATE
EMP-10333,RES,,UK,ats-scrapers,6b44a1badc9bfbf5cf176f75265cc5729e520e99,bamboohr,Res,res,https://res.bamboohr.com/careers,CANDIDATE,NAME_EXACT,"exact normalized name match, no domain evidence; inspect",false,,UNSUPPORTED,MULTI_SOURCE_CANDIDATE
EMP-10333,RES,,UK,ats-scrapers,6b44a1badc9bfbf5cf176f75265cc5729e520e99,personio,res,res,https://res.jobs.personio.com,CANDIDATE,NAME_EXACT,"exact normalized name match, no domain evidence; inspect",false,,UNSUPPORTED,MULTI_SOURCE_CANDIDATE
EMP-10333,RES,,UK,ats-scrapers,6b44a1badc9bfbf5cf176f75265cc5729e520e99,smartrecruiters,res,res,https://careers.smartrecruiters.com/res,CANDIDATE,NAME_EXACT,"exact normalized name match, no domain evidence; inspect",false,,LEGACY_SUPPORTED,MULTI_SOURCE_CANDIDATE
EMP-10339,Sense,,UK,ats-scrapers,6b44a1badc9bfbf5cf176f75265cc5729e520e99,workable,Sense,sense,https://apply.workable.com/sense,CANDIDATE,NAME_EXACT,"exact normalized name match, no domain evidence; inspect",false,,UNSUPPORTED,SINGLE_SOURCE_CANDIDATE
EMP-10341,Smartest Energy,,UK,ats-scrapers,6b44a1badc9bfbf5cf176f75265cc5729e520e99,bamboohr,smartestenergy,smartestenergy,https://smartestenergy.bamboohr.com/careers,CANDIDATE,NAME_EXACT,"exact normalized name match, no domain evidence; inspect",false,,UNSUPPORTED,MULTI_SOURCE_CANDIDATE
EMP-10341,Smartest Energy,,UK,ats-scrapers,6b44a1badc9bfbf5cf176f75265cc5729e520e99,teamtailor,SmartestEnergy,smartestenergy,https://smartestenergy.teamtailor.com,CANDIDATE,NAME_EXACT,"exact normalized name match, no domain evidence; inspect",false,,UNSUPPORTED,MULTI_SOURCE_CANDIDATE
EMP-10347,Thoughtworks,,UK,ats-scrapers,6b44a1badc9bfbf5cf176f75265cc5729e520e99,greenhouse,thoughtworks,thoughtworks,https://job-boards.greenhouse.io/thoughtworks,CANDIDATE,NAME_EXACT,"exact normalized name match, no domain evidence; inspect",false,,LEGACY_SUPPORTED,SINGLE_SOURCE_CANDIDATE
EMP-10348,Total Energies Gas & Power,totalenergies.com,UK,ats-scrapers,6b44a1badc9bfbf5cf176f75265cc5729e520e99,bamboohr,totalenergies,totalenergies,https://totalenergies.bamboohr.com/careers,HIGH_CONFIDENCE,SLUG_PLUS_NAME,board slug/host token equals domain company token + compatible names,false,,UNSUPPORTED,MULTI_SOURCE_CANDIDATE
EMP-10348,Total Energies Gas & Power,totalenergies.com,UK,ats-scrapers,6b44a1badc9bfbf5cf176f75265cc5729e520e99,moka,TotalEnergies,totalenergies/100441,https://app.mokahr.com/social-recruitment/totalenergies/100441,HIGH_CONFIDENCE,SLUG_PLUS_NAME,board slug/host token equals domain company token + compatible names,false,,UNSUPPORTED,MULTI_SOURCE_CANDIDATE
EMP-10353,Utility Warehouse,,UK,ats-scrapers,6b44a1badc9bfbf5cf176f75265cc5729e520e99,smartrecruiters,Utility Warehouse,UtilityWarehouse1,https://careers.smartrecruiters.com/UtilityWarehouse1,CANDIDATE,NAME_EXACT,"exact normalized name match, no domain evidence; inspect",false,,LEGACY_SUPPORTED,SINGLE_SOURCE_CANDIDATE
EMP-10357,Vattenfall Heat UK,group.vattenfall.com,UK,ats-scrapers,6b44a1badc9bfbf5cf176f75265cc5729e520e99,smartrecruiters,Vattenfall,Vattenfall,https://careers.smartrecruiters.com/Vattenfall,HIGH_CONFIDENCE,SLUG_PLUS_NAME,board slug/host token equals domain company token + compatible names,false,,LEGACY_SUPPORTED,SINGLE_SOURCE_CANDIDATE
EMP-10359,Vitol / VPI Immingham,,UK,ats-scrapers,6b44a1badc9bfbf5cf176f75265cc5729e520e99,smartrecruiters,Vitol,vitol,https://careers.smartrecruiters.com/vitol,CANDIDATE,NAME_EXACT,"exact normalized name match, no domain evidence; inspect",false,,LEGACY_SUPPORTED,SINGLE_SOURCE_CANDIDATE
EMP-10376,Chiesi Limited,,UK,ats-scrapers,6b44a1badc9bfbf5cf176f75265cc5729e520e99,successfactors,Chiesi,chiesifarm,https://careers.chiesi.com,CANDIDATE,NAME_EXACT,"exact normalized name match, no domain evidence; inspect",false,,LEGACY_SUPPORTED,SINGLE_SOURCE_CANDIDATE
EMP-10384,Eli Lilly and Company Limited,lilly.com,UK,ats-scrapers,6b44a1badc9bfbf5cf176f75265cc5729e520e99,phenom,Lilly,,https://careers.lilly.com,HIGH_CONFIDENCE,URL_EXACT,internal resolved portal URL equals external board URL,false,,LEGACY_SUPPORTED,MULTI_SOURCE_CANDIDATE
EMP-10384,Eli Lilly and Company Limited,lilly.com,UK,ats-scrapers,6b44a1badc9bfbf5cf176f75265cc5729e520e99,workday,Lilly,lilly/cmp,https://lilly.wd5.myworkdayjobs.com/cmp,HIGH_CONFIDENCE,SLUG_PLUS_NAME,board slug/host token equals domain company token + compatible names,false,,LEGACY_SUPPORTED,MULTI_SOURCE_CANDIDATE
EMP-10384,Eli Lilly and Company Limited,lilly.com,UK,ats-scrapers,6b44a1badc9bfbf5cf176f75265cc5729e520e99,workday,Lilly,lilly/lly,https://lilly.wd5.myworkdayjobs.com/lly,HIGH_CONFIDENCE,SLUG_PLUS_NAME,board slug/host token equals domain company token + compatible names,false,,LEGACY_SUPPORTED,MULTI_SOURCE_CANDIDATE
EMP-10393,MEDICE,,UK,ats-scrapers,6b44a1badc9bfbf5cf176f75265cc5729e520e99,successfactors,Medice,medicearzn,https://career.medice-health-family.com,CANDIDATE,NAME_EXACT,"exact normalized name match, no domain evidence; inspect",false,,LEGACY_SUPPORTED,SINGLE_SOURCE_CANDIDATE
EMP-10396,Merck Sharp & Dohme Limited,merck.com,UK,ats-scrapers,6b44a1badc9bfbf5cf176f75265cc5729e520e99,phenom,Merck,,https://jobs.merck.com,HIGH_CONFIDENCE,URL_EXACT,internal resolved portal URL equals external board URL,false,,LEGACY_SUPPORTED,SINGLE_SOURCE_CANDIDATE
EMP-10398,Novartis Pharmaceuticals UK Limited,novartis.com,UK,ats-scrapers,6b44a1badc9bfbf5cf176f75265cc5729e520e99,workday,Novartis (Internal Careers for Acquired Entities),novartis/Internal_Careers_for_Acquired_Entities,https://novartis.wd3.myworkdayjobs.com/Internal_Careers_for_Acquired_Entities,CANDIDATE,SLUG,board slug/host token equals domain company token but names differ; inspect,false,,LEGACY_SUPPORTED,MULTI_SOURCE_CANDIDATE
EMP-10398,Novartis Pharmaceuticals UK Limited,novartis.com,UK,ats-scrapers,6b44a1badc9bfbf5cf176f75265cc5729e520e99,workday,Novartis,novartis/novartis_careers,https://novartis.wd3.myworkdayjobs.com/novartis_careers,HIGH_CONFIDENCE,SLUG_PLUS_NAME,board slug/host token equals domain company token + compatible names,false,,LEGACY_SUPPORTED,MULTI_SOURCE_CANDIDATE
EMP-10399,Organon,,UK,ats-scrapers,6b44a1badc9bfbf5cf176f75265cc5729e520e99,phenom,Organon,,https://jobs.organon.com,CANDIDATE,NAME_EXACT,"exact normalized name match, no domain evidence; inspect",false,,LEGACY_SUPPORTED,MULTI_SOURCE_CANDIDATE
EMP-10399,Organon,,UK,ats-scrapers,6b44a1badc9bfbf5cf176f75265cc5729e520e99,workday,Organon,organon/searchjobs,https://organon.wd5.myworkdayjobs.com/searchjobs,CANDIDATE,NAME_EXACT,"exact normalized name match, no domain evidence; inspect",false,,LEGACY_SUPPORTED,MULTI_SOURCE_CANDIDATE
EMP-10410,Takeda UK Limited,takeda.com,UK,ats-scrapers,6b44a1badc9bfbf5cf176f75265cc5729e520e99,workday,Takeda,takeda/external,https://takeda.wd3.myworkdayjobs.com/external,HIGH_CONFIDENCE,SLUG_PLUS_NAME,board slug/host token equals domain company token + compatible names,false,,LEGACY_SUPPORTED,SINGLE_SOURCE_CANDIDATE
EMP-10412,UCB Pharma Limited,ucb.com,UK,ats-scrapers,6b44a1badc9bfbf5cf176f75265cc5729e520e99,phenom,UCB Pharma,,https://careers.ucb.com,CANDIDATE,NAME_EXACT,"exact normalized name match, no domain evidence; inspect",false,,LEGACY_SUPPORTED,SINGLE_SOURCE_CANDIDATE
EMP-10413,Valneva,,UK,ats-scrapers,6b44a1badc9bfbf5cf176f75265cc5729e520e99,bamboohr,Valneva,valneva,https://valneva.bamboohr.com/careers,CANDIDATE,NAME_EXACT,"exact normalized name match, no domain evidence; inspect",false,,UNSUPPORTED,MULTI_SOURCE_CANDIDATE
EMP-10413,Valneva,,UK,ats-scrapers,6b44a1badc9bfbf5cf176f75265cc5729e520e99,workable,Valneva,valneva,https://apply.workable.com/valneva,CANDIDATE,NAME_EXACT,"exact normalized name match, no domain evidence; inspect",false,,UNSUPPORTED,MULTI_SOURCE_CANDIDATE
EMP-10415,AND Digital,,UK,ats-scrapers,6b44a1badc9bfbf5cf176f75265cc5729e520e99,workable,AND Digital,and-digital,https://apply.workable.com/and-digital,CANDIDATE,NAME_EXACT,"exact normalized name match, no domain evidence; inspect",false,,UNSUPPORTED,SINGLE_SOURCE_CANDIDATE
EMP-10416,Bright Network,,UK,ats-scrapers,6b44a1badc9bfbf5cf176f75265cc5729e520e99,greenhouse,Bright Network,brightnetwork,https://job-boards.greenhouse.io/brightnetwork,CANDIDATE,NAME_EXACT,"exact normalized name match, no domain evidence; inspect",false,,LEGACY_SUPPORTED,SINGLE_SOURCE_CANDIDATE
EMP-10420,RiVR,,UK,ats-scrapers,6b44a1badc9bfbf5cf176f75265cc5729e520e99,bamboohr,Rivr,rivr,https://rivr.bamboohr.com/careers,CANDIDATE,NAME_EXACT,"exact normalized name match, no domain evidence; inspect",false,,UNSUPPORTED,SINGLE_SOURCE_CANDIDATE
EMP-10423,WAYVE,,UK,ats-scrapers,6b44a1badc9bfbf5cf176f75265cc5729e520e99,greenhouse,Wayve,wayve,https://job-boards.greenhouse.io/wayve,CANDIDATE,NAME_EXACT,"exact normalized name match, no domain evidence; inspect",false,,LEGACY_SUPPORTED,SINGLE_SOURCE_CANDIDATE
EMP-10435,4C Associates Ltd,,UK / Ireland,ats-scrapers,6b44a1badc9bfbf5cf176f75265cc5729e520e99,teamtailor,4C Associates,4cassociates,https://4cassociates.teamtailor.com,CANDIDATE,NAME_EXACT,"exact normalized name match, no domain evidence; inspect",false,,UNSUPPORTED,SINGLE_SOURCE_CANDIDATE
EMP-10457,Actica Consulting Ltd,,UK / Ireland,ats-scrapers,6b44a1badc9bfbf5cf176f75265cc5729e520e99,pinpoint,Actica Consulting,actica,https://actica.pinpointhq.com,CANDIDATE,NAME_EXACT,"exact normalized name match, no domain evidence; inspect",false,,UNSUPPORTED,SINGLE_SOURCE_CANDIDATE
EMP-10464,Adam Smith International Ltd,,UK / Ireland,ats-scrapers,6b44a1badc9bfbf5cf176f75265cc5729e520e99,recruitee,adamsmithinternational,adamsmithinternational,https://adamsmithinternational.recruitee.com,CANDIDATE,NAME_EXACT,"exact normalized name match, no domain evidence; inspect",false,,UNSUPPORTED,MULTI_SOURCE_CANDIDATE
EMP-10464,Adam Smith International Ltd,,UK / Ireland,ats-scrapers,6b44a1badc9bfbf5cf176f75265cc5729e520e99,recruitee,Adam Smith International,adamsmithinternational1,https://adamsmithinternational1.recruitee.com,CANDIDATE,NAME_EXACT,"exact normalized name match, no domain evidence; inspect",false,,UNSUPPORTED,MULTI_SOURCE_CANDIDATE
EMP-10466,Adaptix Ltd,,UK / Ireland,ats-scrapers,6b44a1badc9bfbf5cf176f75265cc5729e520e99,pinpoint,Adaptix,adaptix,https://adaptix.pinpointhq.com,CANDIDATE,NAME_EXACT,"exact normalized name match, no domain evidence; inspect",false,,UNSUPPORTED,SINGLE_SOURCE_CANDIDATE
EMP-10467,Adarga Ltd,,UK / Ireland,ats-scrapers,6b44a1badc9bfbf5cf176f75265cc5729e520e99,recruitee,Adarga,adarga,https://adarga.recruitee.com,CANDIDATE,NAME_EXACT,"exact normalized name match, no domain evidence; inspect",false,,UNSUPPORTED,SINGLE_SOURCE_CANDIDATE
EMP-10479,Airbus Defence and Space – Space Systems,airbus.com,UK / Ireland,ats-scrapers,6b44a1badc9bfbf5cf176f75265cc5729e520e99,bamboohr,airbus,airbus,https://airbus.bamboohr.com/careers,HIGH_CONFIDENCE,SLUG_PLUS_NAME,board slug/host token equals domain company token + compatible names,false,,UNSUPPORTED,SINGLE_SOURCE_CANDIDATE
EMP-10490,Alten Ltd,,UK / Ireland,ats-scrapers,6b44a1badc9bfbf5cf176f75265cc5729e520e99,smartrecruiters,ALTEN,alten,https://careers.smartrecruiters.com/alten,CANDIDATE,NAME_EXACT,"exact normalized name match, no domain evidence; inspect",false,,LEGACY_SUPPORTED,SINGLE_SOURCE_CANDIDATE
EMP-10514,Arcadis,,UK / Ireland,ats-scrapers,6b44a1badc9bfbf5cf176f75265cc5729e520e99,eightfold,Arcadis,arcadis,https://arcadis.eightfold.ai/careers,CANDIDATE,NAME_EXACT,"exact normalized name match, no domain evidence; inspect",false,,DECLARATIVE_SUPPORTED,MULTI_SOURCE_CANDIDATE
EMP-10514,Arcadis,,UK / Ireland,ats-scrapers,6b44a1badc9bfbf5cf176f75265cc5729e520e99,oracle,Arcadis,ebcs,https://ebcs.fa.em2.oraclecloud.com/hcmUI/CandidateExperience/en/sites/CX_1,CANDIDATE,NAME_EXACT,"exact normalized name match, no domain evidence; inspect",false,,LEGACY_SUPPORTED,MULTI_SOURCE_CANDIDATE
EMP-10514,Arcadis,,UK / Ireland,ats-scrapers,6b44a1badc9bfbf5cf176f75265cc5729e520e99,smartrecruiters,ARCADIS,arcadis,https://careers.smartrecruiters.com/arcadis,CANDIDATE,NAME_EXACT,"exact normalized name match, no domain evidence; inspect",false,,LEGACY_SUPPORTED,MULTI_SOURCE_CANDIDATE
EMP-10516,Archangel Autonomy,,UK / Ireland,ats-scrapers,6b44a1badc9bfbf5cf176f75265cc5729e520e99,bamboohr,archangelautonomy,archangelautonomy,https://archangelautonomy.bamboohr.com/careers,CANDIDATE,NAME_EXACT,"exact normalized name match, no domain evidence; inspect",false,,UNSUPPORTED,MULTI_SOURCE_CANDIDATE
EMP-10516,Archangel Autonomy,,UK / Ireland,ats-scrapers,6b44a1badc9bfbf5cf176f75265cc5729e520e99,breezy,Archangel Autonomy,archangelautonomy,https://archangelautonomy.breezy.hr,CANDIDATE,NAME_EXACT,"exact normalized name match, no domain evidence; inspect",false,,UNSUPPORTED,MULTI_SOURCE_CANDIDATE
EMP-10532,ASD,,UK / Ireland,ats-scrapers,6b44a1badc9bfbf5cf176f75265cc5729e520e99,join_com,ASD,asd-int,https://join.com/companies/asd-int,CANDIDATE,NAME_EXACT,"exact normalized name match, no domain evidence; inspect",false,,UNSUPPORTED,SINGLE_SOURCE_CANDIDATE
EMP-10533,ASL,,UK / Ireland,ats-scrapers,6b44a1badc9bfbf5cf176f75265cc5729e520e99,gem,Asl,asl,https://jobs.gem.com/asl,CANDIDATE,NAME_EXACT,"exact normalized name match, no domain evidence; inspect",false,,UNSUPPORTED,SINGLE_SOURCE_CANDIDATE
EMP-10562,Babcock International Group PLC,babcockinternational.com,UK / Ireland | Australia,ats-scrapers,6b44a1badc9bfbf5cf176f75265cc5729e520e99,successfactors,Babcock,jobs,https://jobs.babcockinternational.com,HIGH_CONFIDENCE,URL_EXACT,internal resolved portal URL equals external board URL,false,,LEGACY_SUPPORTED,SINGLE_SOURCE_CANDIDATE
EMP-10563,Airbus Helicopters,airbus.com,UK / Ireland | France,ats-scrapers,6b44a1badc9bfbf5cf176f75265cc5729e520e99,bamboohr,airbus,airbus,https://airbus.bamboohr.com/careers,HIGH_CONFIDENCE,SLUG_PLUS_NAME,board slug/host token equals domain company token + compatible names,false,,UNSUPPORTED,SINGLE_SOURCE_CANDIDATE
EMP-10564,AlixPartners,,UK / Ireland | Germany,ats-scrapers,6b44a1badc9bfbf5cf176f75265cc5729e520e99,greenhouse,AlixPartners,alixpartners,https://job-boards.greenhouse.io/alixpartners,CANDIDATE,NAME_EXACT,"exact normalized name match, no domain evidence; inspect",false,,LEGACY_SUPPORTED,MULTI_SOURCE_CANDIDATE
EMP-10564,AlixPartners,,UK / Ireland | Germany,ats-scrapers,6b44a1badc9bfbf5cf176f75265cc5729e520e99,smartrecruiters,AlixPartners,alixpartners,https://careers.smartrecruiters.com/alixpartners,CANDIDATE,NAME_EXACT,"exact normalized name match, no domain evidence; inspect",false,,LEGACY_SUPPORTED,MULTI_SOURCE_CANDIDATE
EMP-10587,ING Bank N.V.,ing.com,UK | Netherlands,ats-scrapers,6b44a1badc9bfbf5cf176f75265cc5729e520e99,workday,Ing,ing/icsausdir,https://ing.wd3.myworkdayjobs.com/icsausdir,CANDIDATE,SLUG,board slug/host token equals domain company token but names differ; inspect,false,,LEGACY_SUPPORTED,MULTI_SOURCE_CANDIDATE
EMP-10587,ING Bank N.V.,ing.com,UK | Netherlands,ats-scrapers,6b44a1badc9bfbf5cf176f75265cc5729e520e99,workday,ING,ing/icsgblcor,https://ing.wd3.myworkdayjobs.com/icsgblcor,CANDIDATE,SLUG,board slug/host token equals domain company token but names differ; inspect,false,,LEGACY_SUPPORTED,MULTI_SOURCE_CANDIDATE
EMP-10587,ING Bank N.V.,ing.com,UK | Netherlands,ats-scrapers,6b44a1badc9bfbf5cf176f75265cc5729e520e99,workday,Ing,ing/icsnldgen,https://ing.wd3.myworkdayjobs.com/icsnldgen,CANDIDATE,SLUG,board slug/host token equals domain company token but names differ; inspect,false,,LEGACY_SUPPORTED,MULTI_SOURCE_CANDIDATE
EMP-10587,ING Bank N.V.,ing.com,UK | Netherlands,ats-scrapers,6b44a1badc9bfbf5cf176f75265cc5729e520e99,workday,Ing (Jvsgblcor),ing/jvsgblcor,https://ing.wd3.myworkdayjobs.com/jvsgblcor,CANDIDATE,SLUG,board slug/host token equals domain company token but names differ; inspect,false,,LEGACY_SUPPORTED,MULTI_SOURCE_CANDIDATE
EMP-10590,Shell Energy,shell.com,UK | Netherlands,ats-scrapers,6b44a1badc9bfbf5cf176f75265cc5729e520e99,workday,Work at Shell,shell/shellcareers,https://shell.wd3.myworkdayjobs.com/shellcareers,HIGH_CONFIDENCE,URL_EXACT,internal resolved portal URL equals external board URL,false,,LEGACY_SUPPORTED,MULTI_SOURCE_CANDIDATE
EMP-10590,Shell Energy,shell.com,UK | Netherlands,ats-scrapers,6b44a1badc9bfbf5cf176f75265cc5729e520e99,workday,Work at Shell,shell/shellcareers,https://shell.wd3.myworkdayjobs.com/shellcareers,CANDIDATE,SLUG,board slug/host token equals domain company token but names differ; inspect,false,,LEGACY_SUPPORTED,MULTI_SOURCE_CANDIDATE
EMP-10591,Uniper,,UK | Netherlands,ats-scrapers,6b44a1badc9bfbf5cf176f75265cc5729e520e99,successfactors,Uniper,jobs,https://jobs.uniper.energy,CANDIDATE,NAME_EXACT,"exact normalized name match, no domain evidence; inspect",false,,LEGACY_SUPPORTED,SINGLE_SOURCE_CANDIDATE
EMP-10593,Banco Santander,santander.com,UK | Spain,ats-scrapers,6b44a1badc9bfbf5cf176f75265cc5729e520e99,workday,Santander,santander/santandercareers,https://santander.wd3.myworkdayjobs.com/santandercareers,HIGH_CONFIDENCE,SLUG_PLUS_NAME,board slug/host token equals domain company token + compatible names,false,,LEGACY_SUPPORTED,SINGLE_SOURCE_CANDIDATE
EMP-10599,"Airbus Americas, Inc.",airbus.com,USA,ats-scrapers,6b44a1badc9bfbf5cf176f75265cc5729e520e99,bamboohr,airbus,airbus,https://airbus.bamboohr.com/careers,HIGH_CONFIDENCE,SLUG_PLUS_NAME,board slug/host token equals domain company token + compatible names,false,,UNSUPPORTED,SINGLE_SOURCE_CANDIDATE
EMP-10621,"Click Bond, Inc.",,USA,ats-scrapers,6b44a1badc9bfbf5cf176f75265cc5729e520e99,paycom,CLICK BOND INC,cf9380178fece12b7182685ee497a6c7,https://paycomonline.net/v4/ats/web.php/portal/cf9380178fece12b7182685ee497a6c7/career-page,CANDIDATE,NAME_EXACT,"exact normalized name match, no domain evidence; inspect",false,,UNSUPPORTED,SINGLE_SOURCE_CANDIDATE
EMP-10632,Epirus,,USA,ats-scrapers,6b44a1badc9bfbf5cf176f75265cc5729e520e99,greenhouse,Epirus,epirus,https://job-boards.greenhouse.io/epirus,CANDIDATE,NAME_EXACT,"exact normalized name match, no domain evidence; inspect",false,,LEGACY_SUPPORTED,SINGLE_SOURCE_CANDIDATE
EMP-10634,Exiger,,USA,ats-scrapers,6b44a1badc9bfbf5cf176f75265cc5729e520e99,greenhouse,Exiger,exiger,https://job-boards.greenhouse.io/exiger,CANDIDATE,NAME_EXACT,"exact normalized name match, no domain evidence; inspect",false,,LEGACY_SUPPORTED,SINGLE_SOURCE_CANDIDATE
EMP-10650,"Icertis, Inc.",,USA,ats-scrapers,6b44a1badc9bfbf5cf176f75265cc5729e520e99,oracle,Icertis,iaaviz,https://iaaviz.fa.ocs.oraclecloud.com/hcmUI/CandidateExperience/en/sites/CX_1,CANDIDATE,NAME_EXACT,"exact normalized name match, no domain evidence; inspect",false,,LEGACY_SUPPORTED,MULTI_SOURCE_CANDIDATE
EMP-10650,"Icertis, Inc.",,USA,ats-scrapers,6b44a1badc9bfbf5cf176f75265cc5729e520e99,smartrecruiters,Icertis,icertis,https://careers.smartrecruiters.com/icertis,CANDIDATE,NAME_EXACT,"exact normalized name match, no domain evidence; inspect",false,,LEGACY_SUPPORTED,MULTI_SOURCE_CANDIDATE
EMP-10652,IFS,,USA,ats-scrapers,6b44a1badc9bfbf5cf176f75265cc5729e520e99,smartrecruiters,IFS,ifs1,https://careers.smartrecruiters.com/ifs1,CANDIDATE,NAME_EXACT,"exact normalized name match, no domain evidence; inspect",false,,LEGACY_SUPPORTED,SINGLE_SOURCE_CANDIDATE
EMP-10656,"JetZero, LLC",,USA,ats-scrapers,6b44a1badc9bfbf5cf176f75265cc5729e520e99,greenhouse,JetZero,jetzero,https://job-boards.greenhouse.io/jetzero,CANDIDATE,NAME_EXACT,"exact normalized name match, no domain evidence; inspect",false,,LEGACY_SUPPORTED,SINGLE_SOURCE_CANDIDATE
EMP-10657,Joby Aviation,,USA,ats-scrapers,6b44a1badc9bfbf5cf176f75265cc5729e520e99,icims,Joby Aviation,jobyaviation,https://careers-jobyaviation.icims.com,CANDIDATE,NAME_EXACT,"exact normalized name match, no domain evidence; inspect",false,,UNSUPPORTED,SINGLE_SOURCE_CANDIDATE
EMP-10663,"Merlin Labs, Inc.",,USA,ats-scrapers,6b44a1badc9bfbf5cf176f75265cc5729e520e99,lever,Merlin Labs,merlinlabs,https://jobs.lever.co/merlinlabs,CANDIDATE,NAME_EXACT,"exact normalized name match, no domain evidence; inspect",false,,LEGACY_SUPPORTED,SINGLE_SOURCE_CANDIDATE
EMP-10667,Moog Inc,,USA,ats-scrapers,6b44a1badc9bfbf5cf176f75265cc5729e520e99,workday,Moog,moog/moog_external_career_site,https://moog.wd5.myworkdayjobs.com/moog_external_career_site,CANDIDATE,NAME_EXACT,"exact normalized name match, no domain evidence; inspect",false,,LEGACY_SUPPORTED,SINGLE_SOURCE_CANDIDATE
EMP-10668,Muon Space Inc.,,USA,ats-scrapers,6b44a1badc9bfbf5cf176f75265cc5729e520e99,greenhouse,Muon Space,muonspace,https://job-boards.greenhouse.io/muonspace,CANDIDATE,NAME_EXACT,"exact normalized name match, no domain evidence; inspect",false,,LEGACY_SUPPORTED,SINGLE_SOURCE_CANDIDATE
EMP-10682,PwC Aerospace & Defense Advisory Services,pwc.com,USA,ats-scrapers,6b44a1badc9bfbf5cf176f75265cc5729e520e99,darwinbox,PwC Asia,pwc.com,https://pwc.darwinbox.com/ms/candidate/careers,CANDIDATE,SLUG,board slug/host token equals domain company token but names differ; inspect,false,,UNSUPPORTED,MULTI_SOURCE_CANDIDATE
EMP-10682,PwC Aerospace & Defense Advisory Services,pwc.com,USA,ats-scrapers,6b44a1badc9bfbf5cf176f75265cc5729e520e99,moka,PwC China,pwc/140014,https://app.mokahr.com/social-recruitment/pwc/140014,CANDIDATE,SLUG,board slug/host token equals domain company token but names differ; inspect,false,,UNSUPPORTED,MULTI_SOURCE_CANDIDATE
EMP-10682,PwC Aerospace & Defense Advisory Services,pwc.com,USA,ats-scrapers,6b44a1badc9bfbf5cf176f75265cc5729e520e99,workday,Pwc (Crm Experienced Careers Site),pwc/crm_experienced_careers_site,https://pwc.wd3.myworkdayjobs.com/crm_experienced_careers_site,CANDIDATE,SLUG,board slug/host token equals domain company token but names differ; inspect,false,,LEGACY_SUPPORTED,MULTI_SOURCE_CANDIDATE
EMP-10682,PwC Aerospace & Defense Advisory Services,pwc.com,USA,ats-scrapers,6b44a1badc9bfbf5cf176f75265cc5729e520e99,workday,Pwc,pwc/global_campus_careers,https://pwc.wd3.myworkdayjobs.com/global_campus_careers,CANDIDATE,SLUG,board slug/host token equals domain company token but names differ; inspect,false,,LEGACY_SUPPORTED,MULTI_SOURCE_CANDIDATE
EMP-10682,PwC Aerospace & Defense Advisory Services,pwc.com,USA,ats-scrapers,6b44a1badc9bfbf5cf176f75265cc5729e520e99,workday,Pwc,pwc/global_experienced_careers,https://pwc.wd3.myworkdayjobs.com/global_experienced_careers,CANDIDATE,SLUG,board slug/host token equals domain company token but names differ; inspect,false,,LEGACY_SUPPORTED,MULTI_SOURCE_CANDIDATE
EMP-10682,PwC Aerospace & Defense Advisory Services,pwc.com,USA,ats-scrapers,6b44a1badc9bfbf5cf176f75265cc5729e520e99,workday,Pwc (Nonpublic Postings),pwc/nonpublic_postings,https://pwc.wd3.myworkdayjobs.com/nonpublic_postings,CANDIDATE,SLUG,board slug/host token equals domain company token but names differ; inspect,false,,LEGACY_SUPPORTED,MULTI_SOURCE_CANDIDATE
EMP-10682,PwC Aerospace & Defense Advisory Services,pwc.com,USA,ats-scrapers,6b44a1badc9bfbf5cf176f75265cc5729e520e99,workday,Pwc,pwc/us_experienced_careers,https://pwc.wd3.myworkdayjobs.com/us_experienced_careers,CANDIDATE,SLUG,board slug/host token equals domain company token but names differ; inspect,false,,LEGACY_SUPPORTED,MULTI_SOURCE_CANDIDATE
EMP-10686,Regal Rexnord,,USA,ats-scrapers,6b44a1badc9bfbf5cf176f75265cc5729e520e99,workday,Regal Rexnord,regalrexnord/careers,https://regalrexnord.wd1.myworkdayjobs.com/careers,CANDIDATE,NAME_EXACT,"exact normalized name match, no domain evidence; inspect",false,,LEGACY_SUPPORTED,SINGLE_SOURCE_CANDIDATE
EMP-10687,"Relativity Space, Inc.",,USA,ats-scrapers,6b44a1badc9bfbf5cf176f75265cc5729e520e99,greenhouse,Relativity Space,relativity,https://job-boards.greenhouse.io/relativity,CANDIDATE,NAME_EXACT,"exact normalized name match, no domain evidence; inspect",false,,LEGACY_SUPPORTED,SINGLE_SOURCE_CANDIDATE
EMP-10688,Resilinc,,USA,ats-scrapers,6b44a1badc9bfbf5cf176f75265cc5729e520e99,lever,Resilinc,resilinc,https://jobs.lever.co/resilinc,CANDIDATE,NAME_EXACT,"exact normalized name match, no domain evidence; inspect",false,,LEGACY_SUPPORTED,SINGLE_SOURCE_CANDIDATE
EMP-10690,Riveron,,USA,ats-scrapers,6b44a1badc9bfbf5cf176f75265cc5729e520e99,ashby,Riveron,riveron,https://jobs.ashbyhq.com/riveron,CANDIDATE,NAME_EXACT,"exact normalized name match, no domain evidence; inspect",false,,LEGACY_SUPPORTED,SINGLE_SOURCE_CANDIDATE
EMP-10697,Siemens Government Technology Group,siemens.com,USA,ats-scrapers,6b44a1badc9bfbf5cf176f75265cc5729e520e99,teamtailor,Siemens,siemens,https://siemens.teamtailor.com,HIGH_CONFIDENCE,SLUG_PLUS_NAME,board slug/host token equals domain company token + compatible names,false,,UNSUPPORTED,SINGLE_SOURCE_CANDIDATE
EMP-10698,"Slingshot Aerospace, Inc.",,USA,ats-scrapers,6b44a1badc9bfbf5cf176f75265cc5729e520e99,greenhouse,slingshotaerospace,slingshotaerospace,https://job-boards.greenhouse.io/slingshotaerospace,CANDIDATE,NAME_EXACT,"exact normalized name match, no domain evidence; inspect",false,,LEGACY_SUPPORTED,SINGLE_SOURCE_CANDIDATE
EMP-10702,"Supernal, LLC",,USA,ats-scrapers,6b44a1badc9bfbf5cf176f75265cc5729e520e99,greenhouse,Supernal,supernal,https://job-boards.greenhouse.io/supernal,CANDIDATE,NAME_EXACT,"exact normalized name match, no domain evidence; inspect",false,,LEGACY_SUPPORTED,SINGLE_SOURCE_CANDIDATE
EMP-10704,TAT Technologies LTD,,USA,ats-scrapers,6b44a1badc9bfbf5cf176f75265cc5729e520e99,workable,TAT Technologies Ltd,tat-technologies-ltd,https://apply.workable.com/tat-technologies-ltd,CANDIDATE,NAME_EXACT,"exact normalized name match, no domain evidence; inspect",false,,UNSUPPORTED,SINGLE_SOURCE_CANDIDATE
EMP-10705,"Terma, Inc.",,USA,ats-scrapers,6b44a1badc9bfbf5cf176f75265cc5729e520e99,successfactors,Terma,termaas,https://career5.successfactors.eu/career?company=termaas,CANDIDATE,NAME_EXACT,"exact normalized name match, no domain evidence; inspect",false,,LEGACY_SUPPORTED,SINGLE_SOURCE_CANDIDATE
EMP-10707,TriMas,,USA,ats-scrapers,6b44a1badc9bfbf5cf176f75265cc5729e520e99,cornerstone,TriMas,trimascorp,https://trimascorp.csod.com/ux/ats/careersite/1/home?c=trimascorp,CANDIDATE,NAME_EXACT,"exact normalized name match, no domain evidence; inspect",false,,UNSUPPORTED,SINGLE_SOURCE_CANDIDATE
EMP-10708,True Anomaly,,USA,ats-scrapers,6b44a1badc9bfbf5cf176f75265cc5729e520e99,greenhouse,True Anomaly,trueanomalyinc,https://job-boards.greenhouse.io/trueanomalyinc,CANDIDATE,NAME_EXACT,"exact normalized name match, no domain evidence; inspect",false,,LEGACY_SUPPORTED,SINGLE_SOURCE_CANDIDATE
EMP-10712,Venus Aerospace,,USA,ats-scrapers,6b44a1badc9bfbf5cf176f75265cc5729e520e99,lever,Venus Aerospace,venusaero,https://jobs.lever.co/venusaero,CANDIDATE,NAME_EXACT,"exact normalized name match, no domain evidence; inspect",false,,LEGACY_SUPPORTED,SINGLE_SOURCE_CANDIDATE
EMP-10716,Westinghouse Electric Company LLC,,USA,ats-scrapers,6b44a1badc9bfbf5cf176f75265cc5729e520e99,successfactors,"Westinghouse Electric Company, LLC",careers,https://careers.westinghousenuclear.com,CANDIDATE,NAME_EXACT,"exact normalized name match, no domain evidence; inspect",false,,LEGACY_SUPPORTED,SINGLE_SOURCE_CANDIDATE
EMP-10717,"Woodward, Inc.",,USA,ats-scrapers,6b44a1badc9bfbf5cf176f75265cc5729e520e99,workday,Woodward,woodward/woodward,https://woodward.wd5.myworkdayjobs.com/woodward,CANDIDATE,NAME_EXACT,"exact normalized name match, no domain evidence; inspect",false,,LEGACY_SUPPORTED,SINGLE_SOURCE_CANDIDATE
EMP-10718,Honeywell Aerospace,honeywell.com,USA,ats-scrapers,6b44a1badc9bfbf5cf176f75265cc5729e520e99,oracle,Honeywell,ibqbjb,https://ibqbjb.fa.ocs.oraclecloud.com/hcmUI/CandidateExperience/en/sites/CX_1,HIGH_CONFIDENCE,URL_EXACT,internal resolved portal URL equals external board URL,false,,LEGACY_SUPPORTED,MULTI_SOURCE_CANDIDATE
EMP-10718,Honeywell Aerospace,honeywell.com,USA,ats-scrapers,6b44a1badc9bfbf5cf176f75265cc5729e520e99,smartrecruiters,Honeywell,honeywell,https://careers.smartrecruiters.com/honeywell,HIGH_CONFIDENCE,SLUG_PLUS_NAME,board slug/host token equals domain company token + compatible names,false,,LEGACY_SUPPORTED,MULTI_SOURCE_CANDIDATE
EMP-10721,General Dynamics Corporation,gd.com,USA,ats-scrapers,6b44a1badc9bfbf5cf176f75265cc5729e520e99,icims,General Dynamics Mission Systems,gd,https://careers-gd.icims.com,CANDIDATE,SLUG,board slug/host token equals domain company token but names differ; inspect,false,,UNSUPPORTED,SINGLE_SOURCE_CANDIDATE
EMP-10722,Palantir Technologies Inc.,palantir.com,USA,ats-scrapers,6b44a1badc9bfbf5cf176f75265cc5729e520e99,bamboohr,Palantir,palantir,https://palantir.bamboohr.com/careers,HIGH_CONFIDENCE,SLUG_PLUS_NAME,board slug/host token equals domain company token + compatible names,false,,UNSUPPORTED,MULTI_SOURCE_CANDIDATE
EMP-10722,Palantir Technologies Inc.,palantir.com,USA,ats-scrapers,6b44a1badc9bfbf5cf176f75265cc5729e520e99,lever,Palantir Technologies,palantir,https://jobs.lever.co/palantir,HIGH_CONFIDENCE,SLUG_PLUS_NAME,board slug/host token equals domain company token + compatible names,false,,LEGACY_SUPPORTED,MULTI_SOURCE_CANDIDATE
EMP-10722,Palantir Technologies Inc.,palantir.com,USA,ats-scrapers,6b44a1badc9bfbf5cf176f75265cc5729e520e99,smartrecruiters,Palantir,palantir,https://careers.smartrecruiters.com/palantir,HIGH_CONFIDENCE,SLUG_PLUS_NAME,board slug/host token equals domain company token + compatible names,false,,LEGACY_SUPPORTED,MULTI_SOURCE_CANDIDATE
EMP-10723,Textron Inc.,textron.com,USA,ats-scrapers,6b44a1badc9bfbf5cf176f75265cc5729e520e99,jazzhr,textron,textron,https://textron.applytojob.com,HIGH_CONFIDENCE,SLUG_PLUS_NAME,board slug/host token equals domain company token + compatible names,false,,UNSUPPORTED,SINGLE_SOURCE_CANDIDATE
EMP-10729,"BETA Technologies, Inc.",,USA,ats-scrapers,6b44a1badc9bfbf5cf176f75265cc5729e520e99,greenhouse,BETA Technologies,betatechnologiesinc,https://job-boards.greenhouse.io/betatechnologiesinc,CANDIDATE,NAME_EXACT,"exact normalized name match, no domain evidence; inspect",false,,LEGACY_SUPPORTED,MULTI_SOURCE_CANDIDATE
EMP-10729,"BETA Technologies, Inc.",,USA,ats-scrapers,6b44a1badc9bfbf5cf176f75265cc5729e520e99,lever,BETA Technologies,beta,https://jobs.lever.co/beta,CANDIDATE,NAME_EXACT,"exact normalized name match, no domain evidence; inspect",false,,LEGACY_SUPPORTED,MULTI_SOURCE_CANDIDATE
EMP-10736,"LeoLabs, Inc.",,USA,ats-scrapers,6b44a1badc9bfbf5cf176f75265cc5729e520e99,greenhouse,"LeoLabs, Inc.",leolabsinc,https://job-boards.greenhouse.io/leolabsinc,CANDIDATE,NAME_EXACT,"exact normalized name match, no domain evidence; inspect",false,,LEGACY_SUPPORTED,SINGLE_SOURCE_CANDIDATE
EMP-10741,Reliable Robotics Corporation,,USA,ats-scrapers,6b44a1badc9bfbf5cf176f75265cc5729e520e99,ashby,Reliable Robotics Corporation,reliable-robotics,https://jobs.ashbyhq.com/reliable-robotics,CANDIDATE,NAME_EXACT,"exact normalized name match, no domain evidence; inspect",false,,LEGACY_SUPPORTED,MULTI_SOURCE_CANDIDATE
EMP-10741,Reliable Robotics Corporation,,USA,ats-scrapers,6b44a1badc9bfbf5cf176f75265cc5729e520e99,lever,Reliable Robotics,reliable,https://jobs.lever.co/reliable,CANDIDATE,NAME_EXACT,"exact normalized name match, no domain evidence; inspect",false,,LEGACY_SUPPORTED,MULTI_SOURCE_CANDIDATE
EMP-10742,"SAP America, Inc.",sap.com,USA,ats-scrapers,6b44a1badc9bfbf5cf176f75265cc5729e520e99,bamboohr,sap,sap,https://sap.bamboohr.com/careers,CANDIDATE,SLUG,board slug/host token equals domain company token but names differ; inspect,false,,UNSUPPORTED,MULTI_SOURCE_CANDIDATE
EMP-10742,"SAP America, Inc.",sap.com,USA,ats-scrapers,6b44a1badc9bfbf5cf176f75265cc5729e520e99,smartrecruiters,SAP,sap,https://careers.smartrecruiters.com/sap,CANDIDATE,SLUG,board slug/host token equals domain company token but names differ; inspect,false,,LEGACY_SUPPORTED,MULTI_SOURCE_CANDIDATE
EMP-10742,"SAP America, Inc.",sap.com,USA,ats-scrapers,6b44a1badc9bfbf5cf176f75265cc5729e520e99,successfactors,SAP,jobs,https://jobs.sap.com,HIGH_CONFIDENCE,URL_EXACT,internal resolved portal URL equals external board URL,false,,LEGACY_SUPPORTED,MULTI_SOURCE_CANDIDATE
EMP-10745,Stratolaunch LLC.,,USA,ats-scrapers,6b44a1badc9bfbf5cf176f75265cc5729e520e99,greenhouse,stratolaunch,stratolaunch,https://job-boards.greenhouse.io/stratolaunch,CANDIDATE,NAME_EXACT,"exact normalized name match, no domain evidence; inspect",false,,LEGACY_SUPPORTED,SINGLE_SOURCE_CANDIDATE
EMP-10748,The Boeing Company,boeing.com,USA,ats-scrapers,6b44a1badc9bfbf5cf176f75265cc5729e520e99,workday,Boeing (INTERN),boeing/INTERN,https://boeing.wd1.myworkdayjobs.com/INTERN,CANDIDATE,SLUG,board slug/host token equals domain company token but names differ; inspect,false,,LEGACY_SUPPORTED,MULTI_SOURCE_CANDIDATE
EMP-10748,The Boeing Company,boeing.com,USA,ats-scrapers,6b44a1badc9bfbf5cf176f75265cc5729e520e99,workday,Boeing (PRIDE),boeing/PRIDE,https://boeing.wd1.myworkdayjobs.com/PRIDE,CANDIDATE,SLUG,board slug/host token equals domain company token but names differ; inspect,false,,LEGACY_SUPPORTED,MULTI_SOURCE_CANDIDATE
EMP-10748,The Boeing Company,boeing.com,USA,ats-scrapers,6b44a1badc9bfbf5cf176f75265cc5729e520e99,workday,Boeing (TAP2),boeing/TAP2,https://boeing.wd1.myworkdayjobs.com/TAP2,CANDIDATE,SLUG,board slug/host token equals domain company token but names differ; inspect,false,,LEGACY_SUPPORTED,MULTI_SOURCE_CANDIDATE
EMP-10748,The Boeing Company,boeing.com,USA,ats-scrapers,6b44a1badc9bfbf5cf176f75265cc5729e520e99,workday,Da,boeing/da,https://boeing.wd1.myworkdayjobs.com/da,CANDIDATE,SLUG,board slug/host token equals domain company token but names differ; inspect,false,,LEGACY_SUPPORTED,MULTI_SOURCE_CANDIDATE
EMP-10748,The Boeing Company,boeing.com,USA,ats-scrapers,6b44a1badc9bfbf5cf176f75265cc5729e520e99,workday,Boeing,boeing/external_careers,https://boeing.wd1.myworkdayjobs.com/external_careers,HIGH_CONFIDENCE,SLUG_PLUS_NAME,board slug/host token equals domain company token + compatible names,false,,LEGACY_SUPPORTED,MULTI_SOURCE_CANDIDATE
EMP-10748,The Boeing Company,boeing.com,USA,ats-scrapers,6b44a1badc9bfbf5cf176f75265cc5729e520e99,workday,Boeing,boeing/external_subsidiary,https://boeing.wd1.myworkdayjobs.com/external_subsidiary,HIGH_CONFIDENCE,SLUG_PLUS_NAME,board slug/host token equals domain company token + compatible names,false,,LEGACY_SUPPORTED,MULTI_SOURCE_CANDIDATE
EMP-10748,The Boeing Company,boeing.com,USA,ats-scrapers,6b44a1badc9bfbf5cf176f75265cc5729e520e99,workday,Boeing,boeing/tap3,https://boeing.wd1.myworkdayjobs.com/tap3,HIGH_CONFIDENCE,SLUG_PLUS_NAME,board slug/host token equals domain company token + compatible names,false,,LEGACY_SUPPORTED,MULTI_SOURCE_CANDIDATE
EMP-10750,"Verify, Inc.",,USA,ats-scrapers,6b44a1badc9bfbf5cf176f75265cc5729e520e99,icims,Verify,ve,https://careers-ve.icims.com,CANDIDATE,NAME_EXACT,"exact normalized name match, no domain evidence; inspect",false,,UNSUPPORTED,MULTI_SOURCE_CANDIDATE
EMP-10750,"Verify, Inc.",,USA,ats-scrapers,6b44a1badc9bfbf5cf176f75265cc5729e520e99,icims,Verify,vsc,https://careers-vsc.icims.com,CANDIDATE,NAME_EXACT,"exact normalized name match, no domain evidence; inspect",false,,UNSUPPORTED,MULTI_SOURCE_CANDIDATE
EMP-10750,"Verify, Inc.",,USA,ats-scrapers,6b44a1badc9bfbf5cf176f75265cc5729e520e99,icims,Verify,vtr,https://careers-vtr.icims.com,CANDIDATE,NAME_EXACT,"exact normalized name match, no domain evidence; inspect",false,,UNSUPPORTED,MULTI_SOURCE_CANDIDATE
EMP-10758,Denso,,USA,ats-scrapers,6b44a1badc9bfbf5cf176f75265cc5729e520e99,smartrecruiters,DENSO,DENSOINTERNATIONALEUROPE,https://careers.smartrecruiters.com/DENSOINTERNATIONALEUROPE,CANDIDATE,NAME_EXACT,"exact normalized name match, no domain evidence; inspect",false,,LEGACY_SUPPORTED,SINGLE_SOURCE_CANDIDATE
EMP-10760,Ford,,USA,ats-scrapers,6b44a1badc9bfbf5cf176f75265cc5729e520e99,eightfold,Ford,ford,https://ford.eightfold.ai/careers,CANDIDATE,NAME_EXACT,"exact normalized name match, no domain evidence; inspect",false,,DECLARATIVE_SUPPORTED,MULTI_SOURCE_CANDIDATE
EMP-10760,Ford,,USA,ats-scrapers,6b44a1badc9bfbf5cf176f75265cc5729e520e99,smartrecruiters,Ford,ford,https://careers.smartrecruiters.com/ford,CANDIDATE,NAME_EXACT,"exact normalized name match, no domain evidence; inspect",false,,LEGACY_SUPPORTED,MULTI_SOURCE_CANDIDATE
EMP-10761,Harman,,USA,ats-scrapers,6b44a1badc9bfbf5cf176f75265cc5729e520e99,avature,HARMAN,harmanglobal,https://harmanglobal.avature.net/careers/SearchJobs,CANDIDATE,NAME_EXACT,"exact normalized name match, no domain evidence; inspect",false,,LEGACY_SUPPORTED,SINGLE_SOURCE_CANDIDATE
EMP-10762,Honda,,USA,ats-scrapers,6b44a1badc9bfbf5cf176f75265cc5729e520e99,phenom,Honda,,https://careers.honda.com,CANDIDATE,NAME_EXACT,"exact normalized name match, no domain evidence; inspect",false,,LEGACY_SUPPORTED,SINGLE_SOURCE_CANDIDATE
EMP-10763,Hyundai,,USA,ats-scrapers,6b44a1badc9bfbf5cf176f75265cc5729e520e99,successfactors,Hyundai,hmc1,https://careers-americas.hyundai.com,CANDIDATE,NAME_EXACT,"exact normalized name match, no domain evidence; inspect",false,,LEGACY_SUPPORTED,SINGLE_SOURCE_CANDIDATE
EMP-10768,Magna,magna.com,USA,ats-scrapers,6b44a1badc9bfbf5cf176f75265cc5729e520e99,personio,magna,magna,https://magna.jobs.personio.com,HIGH_CONFIDENCE,SLUG_PLUS_NAME,board slug/host token equals domain company token + compatible names,false,,UNSUPPORTED,MULTI_SOURCE_CANDIDATE
EMP-10768,Magna,magna.com,USA,ats-scrapers,6b44a1badc9bfbf5cf176f75265cc5729e520e99,workday,Magna,magna/magna,https://magna.wd3.myworkdayjobs.com/magna,HIGH_CONFIDENCE,SLUG_PLUS_NAME,board slug/host token equals domain company token + compatible names,false,,LEGACY_SUPPORTED,MULTI_SOURCE_CANDIDATE
EMP-10770,McLaren,,USA,ats-scrapers,6b44a1badc9bfbf5cf176f75265cc5729e520e99,avature,McLaren,mclaren,https://mclaren.avature.net/careers/SearchJobs,CANDIDATE,NAME_EXACT,"exact normalized name match, no domain evidence; inspect",false,,LEGACY_SUPPORTED,MULTI_SOURCE_CANDIDATE
EMP-10770,McLaren,,USA,ats-scrapers,6b44a1badc9bfbf5cf176f75265cc5729e520e99,teamtailor,McLaren,mclaren,https://mclaren.teamtailor.com,CANDIDATE,NAME_EXACT,"exact normalized name match, no domain evidence; inspect",false,,UNSUPPORTED,MULTI_SOURCE_CANDIDATE
EMP-10772,Nissan,,USA,ats-scrapers,6b44a1badc9bfbf5cf176f75265cc5729e520e99,workday,Nissan,alliance/nissanjobs,https://alliance.wd3.myworkdayjobs.com/nissanjobs,CANDIDATE,NAME_EXACT,"exact normalized name match, no domain evidence; inspect",false,,LEGACY_SUPPORTED,SINGLE_SOURCE_CANDIDATE
EMP-10773,Nuro,,USA,ats-scrapers,6b44a1badc9bfbf5cf176f75265cc5729e520e99,greenhouse,nuro,nuro,https://job-boards.greenhouse.io/nuro,CANDIDATE,NAME_EXACT,"exact normalized name match, no domain evidence; inspect",false,,LEGACY_SUPPORTED,SINGLE_SOURCE_CANDIDATE
EMP-10775,Porsche,volkswagen-group.com,USA,ats-scrapers,6b44a1badc9bfbf5cf176f75265cc5729e520e99,successfactors,Your job at the Volkswagen Group,VWAGLPPROD10,https://jobs.volkswagen-group.com,HIGH_CONFIDENCE,URL_EXACT,internal resolved portal URL equals external board URL,false,,LEGACY_SUPPORTED,SINGLE_SOURCE_CANDIDATE
EMP-10779,Subaru,,USA,ats-scrapers,6b44a1badc9bfbf5cf176f75265cc5729e520e99,oracle,Subaru,hcal,https://hcal.fa.us2.oraclecloud.com/hcmUI/CandidateExperience/en/sites/CX_1,CANDIDATE,NAME_EXACT,"exact normalized name match, no domain evidence; inspect",false,,LEGACY_SUPPORTED,SINGLE_SOURCE_CANDIDATE
EMP-10780,Toyota,,USA,ats-scrapers,6b44a1badc9bfbf5cf176f75265cc5729e520e99,phenom,Toyota,,https://careers.toyota.com,CANDIDATE,NAME_EXACT,"exact normalized name match, no domain evidence; inspect",false,,LEGACY_SUPPORTED,MULTI_SOURCE_CANDIDATE
EMP-10780,Toyota,,USA,ats-scrapers,6b44a1badc9bfbf5cf176f75265cc5729e520e99,workday,Toyota,toyota/tmna,https://toyota.wd503.myworkdayjobs.com/tmna,CANDIDATE,NAME_EXACT,"exact normalized name match, no domain evidence; inspect",false,,LEGACY_SUPPORTED,MULTI_SOURCE_CANDIDATE
EMP-10783,Zoox,,USA,ats-scrapers,6b44a1badc9bfbf5cf176f75265cc5729e520e99,lever,Zoox,zoox,https://jobs.lever.co/zoox,CANDIDATE,NAME_EXACT,"exact normalized name match, no domain evidence; inspect",false,,LEGACY_SUPPORTED,SINGLE_SOURCE_CANDIDATE
EMP-10784,General Motors,gm.com,USA,ats-scrapers,6b44a1badc9bfbf5cf176f75265cc5729e520e99,dayforce,Le Groupe Maurice,gm/CANDIDATEPORTAL,https://jobs.dayforcehcm.com/gm/CANDIDATEPORTAL,CANDIDATE,SLUG,board slug/host token equals domain company token but names differ; inspect,false,,UNSUPPORTED,MULTI_SOURCE_CANDIDATE
EMP-10784,General Motors,gm.com,USA,ats-scrapers,6b44a1badc9bfbf5cf176f75265cc5729e520e99,moka,GM China,gm/123968,https://app.mokahr.com/social-recruitment/gm/123968,CANDIDATE,SLUG,board slug/host token equals domain company token but names differ; inspect,false,,UNSUPPORTED,MULTI_SOURCE_CANDIDATE
EMP-10784,General Motors,gm.com,USA,ats-scrapers,6b44a1badc9bfbf5cf176f75265cc5729e520e99,workday,Generalmotors,generalmotors/careers_gm,https://generalmotors.wd5.myworkdayjobs.com/careers_gm,CANDIDATE,NAME_EXACT,"exact normalized name match, no domain evidence; inspect",false,,LEGACY_SUPPORTED,MULTI_SOURCE_CANDIDATE
EMP-10785,Texas Instruments,ti.com,USA,ats-scrapers,6b44a1badc9bfbf5cf176f75265cc5729e520e99,moka,Texas Instruments,ti/143985,https://app.mokahr.com/social-recruitment/ti/143985,HIGH_CONFIDENCE,SLUG_PLUS_NAME,board slug/host token equals domain company token + compatible names,false,,UNSUPPORTED,MULTI_SOURCE_CANDIDATE
EMP-10785,Texas Instruments,ti.com,USA,ats-scrapers,6b44a1badc9bfbf5cf176f75265cc5729e520e99,oracle,Texas Instruments,edbz,https://edbz.fa.us2.oraclecloud.com/hcmUI/CandidateExperience/en/sites/CX_1,CANDIDATE,NAME_EXACT,"exact normalized name match, no domain evidence; inspect",false,,LEGACY_SUPPORTED,MULTI_SOURCE_CANDIDATE
EMP-10785,Texas Instruments,ti.com,USA,ats-scrapers,6b44a1badc9bfbf5cf176f75265cc5729e520e99,smartrecruiters,Texas Instruments,texasinstruments,https://careers.smartrecruiters.com/texasinstruments,CANDIDATE,NAME_EXACT,"exact normalized name match, no domain evidence; inspect",false,,LEGACY_SUPPORTED,MULTI_SOURCE_CANDIDATE
EMP-10787,A. O. Smith,,USA,ats-scrapers,6b44a1badc9bfbf5cf176f75265cc5729e520e99,successfactors,AO.Smith,jobs,https://jobs.aosmith.com,CANDIDATE,NAME_EXACT,"exact normalized name match, no domain evidence; inspect",false,,LEGACY_SUPPORTED,SINGLE_SOURCE_CANDIDATE
EMP-10789,AES Corporation,,USA,ats-scrapers,6b44a1badc9bfbf5cf176f75265cc5729e520e99,breezy,aes,aes,https://aes.breezy.hr,CANDIDATE,NAME_EXACT,"exact normalized name match, no domain evidence; inspect",false,,UNSUPPORTED,MULTI_SOURCE_CANDIDATE
EMP-10789,AES Corporation,,USA,ats-scrapers,6b44a1badc9bfbf5cf176f75265cc5729e520e99,workday,Aes,aes/aes_us,https://aes.wd1.myworkdayjobs.com/aes_us,CANDIDATE,NAME_EXACT,"exact normalized name match, no domain evidence; inspect",false,,LEGACY_SUPPORTED,MULTI_SOURCE_CANDIDATE
EMP-10792,Air Products,,USA,ats-scrapers,6b44a1badc9bfbf5cf176f75265cc5729e520e99,teamtailor,Air products,airproducts,https://airproducts.teamtailor.com,CANDIDATE,NAME_EXACT,"exact normalized name match, no domain evidence; inspect",false,,UNSUPPORTED,MULTI_SOURCE_CANDIDATE
EMP-10792,Air Products,,USA,ats-scrapers,6b44a1badc9bfbf5cf176f75265cc5729e520e99,workday,Air Products,airproducts/ap0001,https://airproducts.wd5.myworkdayjobs.com/ap0001,CANDIDATE,NAME_EXACT,"exact normalized name match, no domain evidence; inspect",false,,LEGACY_SUPPORTED,MULTI_SOURCE_CANDIDATE
EMP-10793,Airbnb,,USA,ats-scrapers,6b44a1badc9bfbf5cf176f75265cc5729e520e99,greenhouse,Airbnb,airbnb,https://job-boards.greenhouse.io/airbnb,CANDIDATE,NAME_EXACT,"exact normalized name match, no domain evidence; inspect",false,,LEGACY_SUPPORTED,MULTI_SOURCE_CANDIDATE
EMP-10793,Airbnb,,USA,ats-scrapers,6b44a1badc9bfbf5cf176f75265cc5729e520e99,smartrecruiters,Airbnb,airbnb,https://careers.smartrecruiters.com/airbnb,CANDIDATE,NAME_EXACT,"exact normalized name match, no domain evidence; inspect",false,,LEGACY_SUPPORTED,MULTI_SOURCE_CANDIDATE
EMP-10795,Albemarle Corporation,,USA,ats-scrapers,6b44a1badc9bfbf5cf176f75265cc5729e520e99,bamboohr,albemarle,albemarle,https://albemarle.bamboohr.com/careers,CANDIDATE,NAME_EXACT,"exact normalized name match, no domain evidence; inspect",false,,UNSUPPORTED,MULTI_SOURCE_CANDIDATE
EMP-10795,Albemarle Corporation,,USA,ats-scrapers,6b44a1badc9bfbf5cf176f75265cc5729e520e99,eightfold,Albemarle,albemarle,https://albemarle.eightfold.ai/careers,CANDIDATE,NAME_EXACT,"exact normalized name match, no domain evidence; inspect",false,,DECLARATIVE_SUPPORTED,MULTI_SOURCE_CANDIDATE
EMP-10795,Albemarle Corporation,,USA,ats-scrapers,6b44a1badc9bfbf5cf176f75265cc5729e520e99,workday,Albemarle,albemarle/external,https://albemarle.wd5.myworkdayjobs.com/external,CANDIDATE,NAME_EXACT,"exact normalized name match, no domain evidence; inspect",false,,LEGACY_SUPPORTED,MULTI_SOURCE_CANDIDATE
EMP-10798,Allegion,,USA,ats-scrapers,6b44a1badc9bfbf5cf176f75265cc5729e520e99,workday,Allegion,allegion/careers,https://allegion.wd5.myworkdayjobs.com/careers,CANDIDATE,NAME_EXACT,"exact normalized name match, no domain evidence; inspect",false,,LEGACY_SUPPORTED,SINGLE_SOURCE_CANDIDATE
EMP-10799,Allstate,,USA,ats-scrapers,6b44a1badc9bfbf5cf176f75265cc5729e520e99,bamboohr,allstate,allstate,https://allstate.bamboohr.com/careers,CANDIDATE,NAME_EXACT,"exact normalized name match, no domain evidence; inspect",false,,UNSUPPORTED,MULTI_SOURCE_CANDIDATE
EMP-10799,Allstate,,USA,ats-scrapers,6b44a1badc9bfbf5cf176f75265cc5729e520e99,workday,Allstate,allstate/allstate_careers,https://allstate.wd5.myworkdayjobs.com/allstate_careers,CANDIDATE,NAME_EXACT,"exact normalized name match, no domain evidence; inspect",false,,LEGACY_SUPPORTED,MULTI_SOURCE_CANDIDATE
EMP-10800,Alphabet Inc.,abc.xyz,USA,ats-scrapers,6b44a1badc9bfbf5cf176f75265cc5729e520e99,breezy,abc,abc,https://abc.breezy.hr,CANDIDATE,SLUG,board slug/host token equals domain company token but names differ; inspect,false,,UNSUPPORTED,MULTI_SOURCE_CANDIDATE
EMP-10800,Alphabet Inc.,abc.xyz,USA,ats-scrapers,6b44a1badc9bfbf5cf176f75265cc5729e520e99,greenhouse,ThoughtWorks_new,abc,https://job-boards.greenhouse.io/abc,CANDIDATE,SLUG,board slug/host token equals domain company token but names differ; inspect,false,,LEGACY_SUPPORTED,MULTI_SOURCE_CANDIDATE
EMP-10800,Alphabet Inc.,abc.xyz,USA,ats-scrapers,6b44a1badc9bfbf5cf176f75265cc5729e520e99,hrmos,株式会社アートブレーンカンパニー（ABC）,abc,https://hrmos.co/pages/abc/jobs,CANDIDATE,SLUG,board slug/host token equals domain company token but names differ; inspect,false,,UNSUPPORTED,MULTI_SOURCE_CANDIDATE
EMP-10800,Alphabet Inc.,abc.xyz,USA,ats-scrapers,6b44a1badc9bfbf5cf176f75265cc5729e520e99,rippling,abc,abc,https://ats.rippling.com/abc/jobs,CANDIDATE,SLUG,board slug/host token equals domain company token but names differ; inspect,false,,UNSUPPORTED,MULTI_SOURCE_CANDIDATE
EMP-10800,Alphabet Inc.,abc.xyz,USA,ats-scrapers,6b44a1badc9bfbf5cf176f75265cc5729e520e99,smartrecruiters,Bacalaoo AG,abc,https://careers.smartrecruiters.com/abc,CANDIDATE,SLUG,board slug/host token equals domain company token but names differ; inspect,false,,LEGACY_SUPPORTED,MULTI_SOURCE_CANDIDATE
EMP-10802,Amcor,,USA,ats-scrapers,6b44a1badc9bfbf5cf176f75265cc5729e520e99,workday,Amcor,amcor/amcor_external_career_site,https://amcor.wd5.myworkdayjobs.com/Amcor_External_Career_Site,CANDIDATE,NAME_EXACT,"exact normalized name match, no domain evidence; inspect",false,,LEGACY_SUPPORTED,SINGLE_SOURCE_CANDIDATE
EMP-10811,AppLovin,,USA,ats-scrapers,6b44a1badc9bfbf5cf176f75265cc5729e520e99,greenhouse,AppLovin,applovin,https://job-boards.greenhouse.io/applovin,CANDIDATE,NAME_EXACT,"exact normalized name match, no domain evidence; inspect",false,,LEGACY_SUPPORTED,SINGLE_SOURCE_CANDIDATE
EMP-10815,Arista Networks,,USA,ats-scrapers,6b44a1badc9bfbf5cf176f75265cc5729e520e99,smartrecruiters,Arista Networks,aristanetworks,https://careers.smartrecruiters.com/aristanetworks,CANDIDATE,NAME_EXACT,"exact normalized name match, no domain evidence; inspect",false,,LEGACY_SUPPORTED,SINGLE_SOURCE_CANDIDATE
EMP-10817,Assurant,,USA,ats-scrapers,6b44a1badc9bfbf5cf176f75265cc5729e520e99,workday,Assurant,assurant/assurant_careers,https://assurant.wd1.myworkdayjobs.com/Assurant_Careers,CANDIDATE,NAME_EXACT,"exact normalized name match, no domain evidence; inspect",false,,LEGACY_SUPPORTED,SINGLE_SOURCE_CANDIDATE
EMP-10820,AutoZone,,USA,ats-scrapers,6b44a1badc9bfbf5cf176f75265cc5729e520e99,oracle,AutoZone,egud,https://egud.fa.us2.oraclecloud.com/hcmUI/CandidateExperience/en/sites/CX_1,CANDIDATE,NAME_EXACT,"exact normalized name match, no domain evidence; inspect",false,,LEGACY_SUPPORTED,SINGLE_SOURCE_CANDIDATE
EMP-10822,Baker Hughes,,USA,ats-scrapers,6b44a1badc9bfbf5cf176f75265cc5729e520e99,workday,Baker Hughes,bakerhughes/bakerhughes,https://bakerhughes.wd5.myworkdayjobs.com/bakerhughes,CANDIDATE,NAME_EXACT,"exact normalized name match, no domain evidence; inspect",false,,LEGACY_SUPPORTED,SINGLE_SOURCE_CANDIDATE
EMP-10823,Ball Corporation,,USA,ats-scrapers,6b44a1badc9bfbf5cf176f75265cc5729e520e99,successfactors,Ball Corporation,jobs,https://jobs.ball.com,CANDIDATE,NAME_EXACT,"exact normalized name match, no domain evidence; inspect",false,,LEGACY_SUPPORTED,SINGLE_SOURCE_CANDIDATE
EMP-10825,Becton Dickinson,,USA,ats-scrapers,6b44a1badc9bfbf5cf176f75265cc5729e520e99,smartrecruiters,Becton Dickinson,bectondickinson2,https://careers.smartrecruiters.com/bectondickinson2,CANDIDATE,NAME_EXACT,"exact normalized name match, no domain evidence; inspect",false,,LEGACY_SUPPORTED,SINGLE_SOURCE_CANDIDATE
EMP-10827,Best Buy,,USA,ats-scrapers,6b44a1badc9bfbf5cf176f75265cc5729e520e99,smartrecruiters,Best Buy,bestbuy2,https://careers.smartrecruiters.com/bestbuy2,CANDIDATE,NAME_EXACT,"exact normalized name match, no domain evidence; inspect",false,,LEGACY_SUPPORTED,SINGLE_SOURCE_CANDIDATE
EMP-10828,Bio-Techne,,USA,ats-scrapers,6b44a1badc9bfbf5cf176f75265cc5729e520e99,workday,Biotechne,biotechne/biotechne,https://biotechne.wd5.myworkdayjobs.com/biotechne,CANDIDATE,NAME_EXACT,"exact normalized name match, no domain evidence; inspect",false,,LEGACY_SUPPORTED,SINGLE_SOURCE_CANDIDATE
EMP-10829,BlackRock,blackrock.com,USA,ats-scrapers,6b44a1badc9bfbf5cf176f75265cc5729e520e99,bamboohr,blackrock,blackrock,https://blackrock.bamboohr.com/careers,HIGH_CONFIDENCE,SLUG_PLUS_NAME,board slug/host token equals domain company token + compatible names,false,,UNSUPPORTED,MULTI_SOURCE_CANDIDATE
EMP-10829,BlackRock,blackrock.com,USA,ats-scrapers,6b44a1badc9bfbf5cf176f75265cc5729e520e99,workday,Blackrock,blackrock/blackrock_professional,https://blackrock.wd1.myworkdayjobs.com/blackrock_professional,HIGH_CONFIDENCE,SLUG_PLUS_NAME,board slug/host token equals domain company token + compatible names,false,,LEGACY_SUPPORTED,MULTI_SOURCE_CANDIDATE
EMP-10830,Blackstone Inc.,,USA,ats-scrapers,6b44a1badc9bfbf5cf176f75265cc5729e520e99,workday,Blackstone,blackstone/blackstone_campus_careers,https://blackstone.wd1.myworkdayjobs.com/blackstone_campus_careers,CANDIDATE,NAME_EXACT,"exact normalized name match, no domain evidence; inspect",false,,LEGACY_SUPPORTED,MULTI_SOURCE_CANDIDATE
EMP-10830,Blackstone Inc.,,USA,ats-scrapers,6b44a1badc9bfbf5cf176f75265cc5729e520e99,workday,Blackstone,blackstone/blackstone_careers,https://blackstone.wd1.myworkdayjobs.com/blackstone_careers,CANDIDATE,NAME_EXACT,"exact normalized name match, no domain evidence; inspect",false,,LEGACY_SUPPORTED,MULTI_SOURCE_CANDIDATE
EMP-10830,Blackstone Inc.,,USA,ats-scrapers,6b44a1badc9bfbf5cf176f75265cc5729e520e99,workday,Blackstone,blackstone/bx_external_site,https://blackstone.wd1.myworkdayjobs.com/bx_external_site,CANDIDATE,NAME_EXACT,"exact normalized name match, no domain evidence; inspect",false,,LEGACY_SUPPORTED,MULTI_SOURCE_CANDIDATE
EMP-10832,Booking Holdings,,USA,ats-scrapers,6b44a1badc9bfbf5cf176f75265cc5729e520e99,workday,Booking Holdings,priceline/bookingholdings,https://priceline.wd1.myworkdayjobs.com/bookingholdings,CANDIDATE,NAME_EXACT,"exact normalized name match, no domain evidence; inspect",false,,LEGACY_SUPPORTED,SINGLE_SOURCE_CANDIDATE
EMP-10839,C.H. Robinson,,USA,ats-scrapers,6b44a1badc9bfbf5cf176f75265cc5729e520e99,workday,Chrobinson,chrobinson/chrobinson,https://chrobinson.wd5.myworkdayjobs.com/chrobinson,CANDIDATE,NAME_EXACT,"exact normalized name match, no domain evidence; inspect",false,,LEGACY_SUPPORTED,SINGLE_SOURCE_CANDIDATE
EMP-10841,Cardinal Health,,USA,ats-scrapers,6b44a1badc9bfbf5cf176f75265cc5729e520e99,workday,Cardinalhealth,cardinalhealth/ext,https://cardinalhealth.wd1.myworkdayjobs.com/ext,CANDIDATE,NAME_EXACT,"exact normalized name match, no domain evidence; inspect",false,,LEGACY_SUPPORTED,MULTI_SOURCE_CANDIDATE
EMP-10841,Cardinal Health,,USA,ats-scrapers,6b44a1badc9bfbf5cf176f75265cc5729e520e99,workday,Cardinalhealth,cardinalhealth/ext_global,https://cardinalhealth.wd1.myworkdayjobs.com/ext_global,CANDIDATE,NAME_EXACT,"exact normalized name match, no domain evidence; inspect",false,,LEGACY_SUPPORTED,MULTI_SOURCE_CANDIDATE
EMP-10842,Carnival Corporation,,USA,ats-scrapers,6b44a1badc9bfbf5cf176f75265cc5729e520e99,oracle,Carnival Corporation,eicl,https://eicl.fa.em5.oraclecloud.com/hcmUI/CandidateExperience/en/sites/CORP,CANDIDATE,NAME_EXACT,"exact normalized name match, no domain evidence; inspect",false,,LEGACY_SUPPORTED,MULTI_SOURCE_CANDIDATE
EMP-10842,Carnival Corporation,,USA,ats-scrapers,6b44a1badc9bfbf5cf176f75265cc5729e520e99,oracle,Carnival Corporation,eicl,https://eicl.fa.em5.oraclecloud.com/hcmUI/CandidateExperience/en/sites/CX_1,CANDIDATE,NAME_EXACT,"exact normalized name match, no domain evidence; inspect",false,,LEGACY_SUPPORTED,MULTI_SOURCE_CANDIDATE
EMP-10844,Carvana,,USA,ats-scrapers,6b44a1badc9bfbf5cf176f75265cc5729e520e99,greenhouse,Carvana,carvana,https://job-boards.greenhouse.io/carvana,CANDIDATE,NAME_EXACT,"exact normalized name match, no domain evidence; inspect",false,,LEGACY_SUPPORTED,SINGLE_SOURCE_CANDIDATE
EMP-10845,Casey's,,USA,ats-scrapers,6b44a1badc9bfbf5cf176f75265cc5729e520e99,bamboohr,caseys,caseys,https://caseys.bamboohr.com/careers,CANDIDATE,NAME_EXACT,"exact normalized name match, no domain evidence; inspect",false,,UNSUPPORTED,SINGLE_SOURCE_CANDIDATE
EMP-10848,CDW Corporation,,USA,ats-scrapers,6b44a1badc9bfbf5cf176f75265cc5729e520e99,breezy,CDW,cdw,https://cdw.breezy.hr,CANDIDATE,NAME_EXACT,"exact normalized name match, no domain evidence; inspect",false,,UNSUPPORTED,MULTI_SOURCE_CANDIDATE
EMP-10848,CDW Corporation,,USA,ats-scrapers,6b44a1badc9bfbf5cf176f75265cc5729e520e99,workday,CDW,cdw/careers,https://cdw.wd5.myworkdayjobs.com/careers,CANDIDATE,NAME_EXACT,"exact normalized name match, no domain evidence; inspect",false,,LEGACY_SUPPORTED,MULTI_SOURCE_CANDIDATE
EMP-10849,Cencora,,USA,ats-scrapers,6b44a1badc9bfbf5cf176f75265cc5729e520e99,phenom,Cencora,,https://careers.cencora.com,CANDIDATE,NAME_EXACT,"exact normalized name match, no domain evidence; inspect",false,,LEGACY_SUPPORTED,SINGLE_SOURCE_CANDIDATE
EMP-10850,Centene Corporation,,USA,ats-scrapers,6b44a1badc9bfbf5cf176f75265cc5729e520e99,workday,Centene,centene/centene_external,https://centene.wd5.myworkdayjobs.com/centene_external,CANDIDATE,NAME_EXACT,"exact normalized name match, no domain evidence; inspect",false,,LEGACY_SUPPORTED,SINGLE_SOURCE_CANDIDATE
EMP-10851,CF Industries,,USA,ats-scrapers,6b44a1badc9bfbf5cf176f75265cc5729e520e99,workday,Cfindustries,cfindustries/careers,https://cfindustries.wd1.myworkdayjobs.com/careers,CANDIDATE,NAME_EXACT,"exact normalized name match, no domain evidence; inspect",false,,LEGACY_SUPPORTED,SINGLE_SOURCE_CANDIDATE
EMP-10852,Charles River Laboratories,,USA,ats-scrapers,6b44a1badc9bfbf5cf176f75265cc5729e520e99,successfactors,Charles River Laboratories,charlesrivP,https://career4.successfactors.com/career?company=charlesrivP,CANDIDATE,NAME_EXACT,"exact normalized name match, no domain evidence; inspect",false,,LEGACY_SUPPORTED,SINGLE_SOURCE_CANDIDATE
EMP-10854,Chevron Corporation,,USA,ats-scrapers,6b44a1badc9bfbf5cf176f75265cc5729e520e99,workday,Chevron Corporation,chevron/jobs,https://chevron.wd5.myworkdayjobs.com/jobs,CANDIDATE,NAME_EXACT,"exact normalized name match, no domain evidence; inspect",false,,LEGACY_SUPPORTED,SINGLE_SOURCE_CANDIDATE
EMP-10856,Church & Dwight,,USA,ats-scrapers,6b44a1badc9bfbf5cf176f75265cc5729e520e99,workday,Church & Dwight,churchdwight/chdcareers,https://churchdwight.wd1.myworkdayjobs.com/chdcareers,CANDIDATE,NAME_EXACT,"exact normalized name match, no domain evidence; inspect",false,,LEGACY_SUPPORTED,SINGLE_SOURCE_CANDIDATE
EMP-10857,Cigna,,USA,ats-scrapers,6b44a1badc9bfbf5cf176f75265cc5729e520e99,breezy,Cigna,cigna,https://cigna.breezy.hr,CANDIDATE,NAME_EXACT,"exact normalized name match, no domain evidence; inspect",false,,UNSUPPORTED,SINGLE_SOURCE_CANDIDATE
EMP-10859,Cintas,,USA,ats-scrapers,6b44a1badc9bfbf5cf176f75265cc5729e520e99,successfactors,Cintas,careers,https://careers.cintas.com,CANDIDATE,NAME_EXACT,"exact normalized name match, no domain evidence; inspect",false,,LEGACY_SUPPORTED,SINGLE_SOURCE_CANDIDATE
EMP-10863,Coca-Cola Company,,USA,ats-scrapers,6b44a1badc9bfbf5cf176f75265cc5729e520e99,workday,Coca-Cola Company,coke/coca-cola-careers,https://coke.wd1.myworkdayjobs.com/coca-cola-careers,CANDIDATE,NAME_EXACT,"exact normalized name match, no domain evidence; inspect",false,,LEGACY_SUPPORTED,SINGLE_SOURCE_CANDIDATE
EMP-10865,Coherent Corp.,,USA,ats-scrapers,6b44a1badc9bfbf5cf176f75265cc5729e520e99,bamboohr,coherent,coherent,https://coherent.bamboohr.com/careers,CANDIDATE,NAME_EXACT,"exact normalized name match, no domain evidence; inspect",false,,UNSUPPORTED,SINGLE_SOURCE_CANDIDATE
EMP-10867,Comcast,,USA,ats-scrapers,6b44a1badc9bfbf5cf176f75265cc5729e520e99,workday,Comcast,comcast/comcast_careers,https://comcast.wd5.myworkdayjobs.com/comcast_careers,CANDIDATE,NAME_EXACT,"exact normalized name match, no domain evidence; inspect",false,,LEGACY_SUPPORTED,SINGLE_SOURCE_CANDIDATE
EMP-10868,Comfort Systems USA,,USA,ats-scrapers,6b44a1badc9bfbf5cf176f75265cc5729e520e99,workday,Comfortsystemsusa,comfortsystemsusa/amteckcareers,https://comfortsystemsusa.wd1.myworkdayjobs.com/amteckcareers,CANDIDATE,NAME_EXACT,"exact normalized name match, no domain evidence; inspect",false,,LEGACY_SUPPORTED,MULTI_SOURCE_CANDIDATE
EMP-10868,Comfort Systems USA,,USA,ats-scrapers,6b44a1badc9bfbf5cf176f75265cc5729e520e99,workday,Comfortsystemsusa,comfortsystemsusa/dynaten,https://comfortsystemsusa.wd1.myworkdayjobs.com/dynaten,CANDIDATE,NAME_EXACT,"exact normalized name match, no domain evidence; inspect",false,,LEGACY_SUPPORTED,MULTI_SOURCE_CANDIDATE
EMP-10871,Constellation Energy,,USA,ats-scrapers,6b44a1badc9bfbf5cf176f75265cc5729e520e99,icims,constellationenergy,constellationenergy,https://careers-constellationenergy.icims.com,CANDIDATE,NAME_EXACT,"exact normalized name match, no domain evidence; inspect",false,,UNSUPPORTED,SINGLE_SOURCE_CANDIDATE
EMP-10872,Cooper Companies,,USA,ats-scrapers,6b44a1badc9bfbf5cf176f75265cc5729e520e99,oracle,CooperCompanies,hcjy,https://hcjy.fa.us2.oraclecloud.com/hcmUI/CandidateExperience/en/sites/CX_1,CANDIDATE,NAME_EXACT,"exact normalized name match, no domain evidence; inspect",false,,LEGACY_SUPPORTED,MULTI_SOURCE_CANDIDATE
EMP-10872,Cooper Companies,,USA,ats-scrapers,6b44a1badc9bfbf5cf176f75265cc5729e520e99,oracle,CooperCompanies,hcjy,https://hcjy.fa.us2.oraclecloud.com/hcmUI/CandidateExperience/hu/sites/CX_1,CANDIDATE,NAME_EXACT,"exact normalized name match, no domain evidence; inspect",false,,LEGACY_SUPPORTED,MULTI_SOURCE_CANDIDATE
EMP-10873,Copart,,USA,ats-scrapers,6b44a1badc9bfbf5cf176f75265cc5729e520e99,dayforce,Copart,copart/CANDIDATEPORTAL,https://jobs.dayforcehcm.com/copart/CANDIDATEPORTAL,CANDIDATE,NAME_EXACT,"exact normalized name match, no domain evidence; inspect",false,,UNSUPPORTED,MULTI_SOURCE_CANDIDATE
EMP-10873,Copart,,USA,ats-scrapers,6b44a1badc9bfbf5cf176f75265cc5729e520e99,workday,Copart,copart/copart,https://copart.wd12.myworkdayjobs.com/copart,CANDIDATE,NAME_EXACT,"exact normalized name match, no domain evidence; inspect",false,,LEGACY_SUPPORTED,MULTI_SOURCE_CANDIDATE
EMP-10874,Corpay,,USA,ats-scrapers,6b44a1badc9bfbf5cf176f75265cc5729e520e99,workday,Corpay,corpay/ext_001,https://corpay.wd103.myworkdayjobs.com/ext_001,CANDIDATE,NAME_EXACT,"exact normalized name match, no domain evidence; inspect",false,,LEGACY_SUPPORTED,SINGLE_SOURCE_CANDIDATE
EMP-10876,CoStar Group,,USA,ats-scrapers,6b44a1badc9bfbf5cf176f75265cc5729e520e99,eightfold,CoStar Group,costar,https://costar.eightfold.ai/careers,CANDIDATE,NAME_EXACT,"exact normalized name match, no domain evidence; inspect",false,,DECLARATIVE_SUPPORTED,SINGLE_SOURCE_CANDIDATE
EMP-10877,CRH plc,,USA,ats-scrapers,6b44a1badc9bfbf5cf176f75265cc5729e520e99,bamboohr,crh,crh,https://crh.bamboohr.com/careers,CANDIDATE,NAME_EXACT,"exact normalized name match, no domain evidence; inspect",false,,UNSUPPORTED,MULTI_SOURCE_CANDIDATE
EMP-10877,CRH plc,,USA,ats-scrapers,6b44a1badc9bfbf5cf176f75265cc5729e520e99,successfactors,CRH,jobs,https://jobs.crh.com,CANDIDATE,NAME_EXACT,"exact normalized name match, no domain evidence; inspect",false,,LEGACY_SUPPORTED,MULTI_SOURCE_CANDIDATE
EMP-10880,CVS Health,,USA,ats-scrapers,6b44a1badc9bfbf5cf176f75265cc5729e520e99,phenom,CVS Health,,https://jobs.cvshealth.com,CANDIDATE,NAME_EXACT,"exact normalized name match, no domain evidence; inspect",false,,LEGACY_SUPPORTED,MULTI_SOURCE_CANDIDATE
EMP-10880,CVS Health,,USA,ats-scrapers,6b44a1badc9bfbf5cf176f75265cc5729e520e99,workday,Cvshealth,cvshealth/cvs_health_careers,https://cvshealth.wd1.myworkdayjobs.com/cvs_health_careers,CANDIDATE,NAME_EXACT,"exact normalized name match, no domain evidence; inspect",false,,LEGACY_SUPPORTED,MULTI_SOURCE_CANDIDATE
EMP-10883,DaVita,,USA,ats-scrapers,6b44a1badc9bfbf5cf176f75265cc5729e520e99,workday,Davita,davita/dkc_external,https://davita.wd1.myworkdayjobs.com/dkc_external,CANDIDATE,NAME_EXACT,"exact normalized name match, no domain evidence; inspect",false,,LEGACY_SUPPORTED,SINGLE_SOURCE_CANDIDATE
EMP-10887,Dexcom,,USA,ats-scrapers,6b44a1badc9bfbf5cf176f75265cc5729e520e99,eightfold,Dexcom,dexcom,https://dexcom.eightfold.ai/careers,CANDIDATE,NAME_EXACT,"exact normalized name match, no domain evidence; inspect",false,,DECLARATIVE_SUPPORTED,MULTI_SOURCE_CANDIDATE
EMP-10887,Dexcom,,USA,ats-scrapers,6b44a1badc9bfbf5cf176f75265cc5729e520e99,smartrecruiters,Dexcom,dexcom,https://careers.smartrecruiters.com/dexcom,CANDIDATE,NAME_EXACT,"exact normalized name match, no domain evidence; inspect",false,,LEGACY_SUPPORTED,MULTI_SOURCE_CANDIDATE
EMP-10887,Dexcom,,USA,ats-scrapers,6b44a1badc9bfbf5cf176f75265cc5729e520e99,workday,Dexcom,dexcom/dexcom,https://dexcom.wd1.myworkdayjobs.com/dexcom,CANDIDATE,NAME_EXACT,"exact normalized name match, no domain evidence; inspect",false,,LEGACY_SUPPORTED,MULTI_SOURCE_CANDIDATE
EMP-10888,Diamondback Energy,,USA,ats-scrapers,6b44a1badc9bfbf5cf176f75265cc5729e520e99,workday,Diamondback Energy,diamondbackenergy/dbe,https://diamondbackenergy.wd12.myworkdayjobs.com/dbe,CANDIDATE,NAME_EXACT,"exact normalized name match, no domain evidence; inspect",false,,LEGACY_SUPPORTED,SINGLE_SOURCE_CANDIDATE
EMP-10890,Dollar Tree,,USA,ats-scrapers,6b44a1badc9bfbf5cf176f75265cc5729e520e99,phenom,Dollar Tree,,https://careers.dollartree.com,CANDIDATE,NAME_EXACT,"exact normalized name match, no domain evidence; inspect",false,,LEGACY_SUPPORTED,MULTI_SOURCE_CANDIDATE
EMP-10890,Dollar Tree,,USA,ats-scrapers,6b44a1badc9bfbf5cf176f75265cc5729e520e99,workday,Dollartree,dollartree/dollartreeus,https://dollartree.wd5.myworkdayjobs.com/dollartreeus,CANDIDATE,NAME_EXACT,"exact normalized name match, no domain evidence; inspect",false,,LEGACY_SUPPORTED,MULTI_SOURCE_CANDIDATE
EMP-10891,Domino's,,USA,ats-scrapers,6b44a1badc9bfbf5cf176f75265cc5729e520e99,smartrecruiters,Domino's,dominos,https://careers.smartrecruiters.com/dominos,CANDIDATE,NAME_EXACT,"exact normalized name match, no domain evidence; inspect",false,,LEGACY_SUPPORTED,SINGLE_SOURCE_CANDIDATE
EMP-10892,Dover Corporation,,USA,ats-scrapers,6b44a1badc9bfbf5cf176f75265cc5729e520e99,successfactors,Dover,careers,https://careers.dovercorporation.com,CANDIDATE,NAME_EXACT,"exact normalized name match, no domain evidence; inspect",false,,LEGACY_SUPPORTED,SINGLE_SOURCE_CANDIDATE
EMP-10893,Dow Inc.,,USA,ats-scrapers,6b44a1badc9bfbf5cf176f75265cc5729e520e99,workday,Dow,dow/externalcareers,https://dow.wd1.myworkdayjobs.com/externalcareers,CANDIDATE,NAME_EXACT,"exact normalized name match, no domain evidence; inspect",false,,LEGACY_SUPPORTED,SINGLE_SOURCE_CANDIDATE
EMP-10894,DuPont,,USA,ats-scrapers,6b44a1badc9bfbf5cf176f75265cc5729e520e99,bamboohr,dupont,dupont,https://dupont.bamboohr.com/careers,CANDIDATE,NAME_EXACT,"exact normalized name match, no domain evidence; inspect",false,,UNSUPPORTED,MULTI_SOURCE_CANDIDATE
EMP-10894,DuPont,,USA,ats-scrapers,6b44a1badc9bfbf5cf176f75265cc5729e520e99,phenom,DuPont,,https://careers.dupont.com,CANDIDATE,NAME_EXACT,"exact normalized name match, no domain evidence; inspect",false,,LEGACY_SUPPORTED,MULTI_SOURCE_CANDIDATE
EMP-10894,DuPont,,USA,ats-scrapers,6b44a1badc9bfbf5cf176f75265cc5729e520e99,workday,Dupont,dupont/jobs,https://dupont.wd5.myworkdayjobs.com/jobs,CANDIDATE,NAME_EXACT,"exact normalized name match, no domain evidence; inspect",false,,LEGACY_SUPPORTED,MULTI_SOURCE_CANDIDATE
EMP-10896,Ecolab,,USA,ats-scrapers,6b44a1badc9bfbf5cf176f75265cc5729e520e99,phenom,Ecolab,,https://jobs.ecolab.com,CANDIDATE,NAME_EXACT,"exact normalized name match, no domain evidence; inspect",false,,LEGACY_SUPPORTED,MULTI_SOURCE_CANDIDATE
EMP-10896,Ecolab,,USA,ats-scrapers,6b44a1badc9bfbf5cf176f75265cc5729e520e99,workday,Ecolab,ecolab/ecolab_external,https://ecolab.wd1.myworkdayjobs.com/ecolab_external,CANDIDATE,NAME_EXACT,"exact normalized name match, no domain evidence; inspect",false,,LEGACY_SUPPORTED,MULTI_SOURCE_CANDIDATE
EMP-10897,Edwards Lifesciences,,USA,ats-scrapers,6b44a1badc9bfbf5cf176f75265cc5729e520e99,workday,Edwards Lifesciences,edwards/edwardscareers,https://edwards.wd5.myworkdayjobs.com/edwardscareers,CANDIDATE,NAME_EXACT,"exact normalized name match, no domain evidence; inspect",false,,LEGACY_SUPPORTED,SINGLE_SOURCE_CANDIDATE
EMP-10898,Elevance Health,,USA,ats-scrapers,6b44a1badc9bfbf5cf176f75265cc5729e520e99,workday,Elevance Health,elevancehealth/ant,https://elevancehealth.wd1.myworkdayjobs.com/ant,CANDIDATE,NAME_EXACT,"exact normalized name match, no domain evidence; inspect",false,,LEGACY_SUPPORTED,SINGLE_SOURCE_CANDIDATE
EMP-10899,Eli Lilly,lilly.com,USA,ats-scrapers,6b44a1badc9bfbf5cf176f75265cc5729e520e99,phenom,Lilly,,https://careers.lilly.com,HIGH_CONFIDENCE,URL_EXACT,internal resolved portal URL equals external board URL,false,,LEGACY_SUPPORTED,MULTI_SOURCE_CANDIDATE
EMP-10899,Eli Lilly,lilly.com,USA,ats-scrapers,6b44a1badc9bfbf5cf176f75265cc5729e520e99,workday,Lilly,lilly/cmp,https://lilly.wd5.myworkdayjobs.com/cmp,HIGH_CONFIDENCE,SLUG_PLUS_NAME,board slug/host token equals domain company token + compatible names,false,,LEGACY_SUPPORTED,MULTI_SOURCE_CANDIDATE
EMP-10899,Eli Lilly,lilly.com,USA,ats-scrapers,6b44a1badc9bfbf5cf176f75265cc5729e520e99,workday,Lilly,lilly/lly,https://lilly.wd5.myworkdayjobs.com/lly,HIGH_CONFIDENCE,SLUG_PLUS_NAME,board slug/host token equals domain company token + compatible names,false,,LEGACY_SUPPORTED,MULTI_SOURCE_CANDIDATE
EMP-10901,Emerson Electric,emerson.com,USA,ats-scrapers,6b44a1badc9bfbf5cf176f75265cc5729e520e99,workday,Staff,emerson/emerson_college_staff,https://emerson.wd5.myworkdayjobs.com/Emerson_College_Staff,CANDIDATE,SLUG,board slug/host token equals domain company token but names differ; inspect,false,,LEGACY_SUPPORTED,SINGLE_SOURCE_CANDIDATE
EMP-10903,EQT Corporation,,USA,ats-scrapers,6b44a1badc9bfbf5cf176f75265cc5729e520e99,bamboohr,eqt,eqt,https://eqt.bamboohr.com/careers,CANDIDATE,NAME_EXACT,"exact normalized name match, no domain evidence; inspect",false,,UNSUPPORTED,MULTI_SOURCE_CANDIDATE
EMP-10903,EQT Corporation,,USA,ats-scrapers,6b44a1badc9bfbf5cf176f75265cc5729e520e99,greenhouse,EQT Corporation,eqtcorporation,https://job-boards.greenhouse.io/eqtcorporation,CANDIDATE,NAME_EXACT,"exact normalized name match, no domain evidence; inspect",false,,LEGACY_SUPPORTED,MULTI_SOURCE_CANDIDATE
EMP-10904,Equifax,,USA,ats-scrapers,6b44a1badc9bfbf5cf176f75265cc5729e520e99,workday,Equifax,equifax/campus,https://equifax.wd5.myworkdayjobs.com/campus,CANDIDATE,NAME_EXACT,"exact normalized name match, no domain evidence; inspect",false,,LEGACY_SUPPORTED,SINGLE_SOURCE_CANDIDATE
EMP-10907,Estée Lauder Companies,,USA,ats-scrapers,6b44a1badc9bfbf5cf176f75265cc5729e520e99,eightfold,Estée Lauder Companies,elcompanies,https://elcompanies.eightfold.ai/careers,CANDIDATE,NAME_EXACT,"exact normalized name match, no domain evidence; inspect",false,,DECLARATIVE_SUPPORTED,SINGLE_SOURCE_CANDIDATE
EMP-10912,Extra Space Storage,,USA,ats-scrapers,6b44a1badc9bfbf5cf176f75265cc5729e520e99,workday,Extra Space Storage,extraspace/ess_external,https://extraspace.wd5.myworkdayjobs.com/ESS_External,CANDIDATE,NAME_EXACT,"exact normalized name match, no domain evidence; inspect",false,,LEGACY_SUPPORTED,SINGLE_SOURCE_CANDIDATE
EMP-10913,ExxonMobil,,USA,ats-scrapers,6b44a1badc9bfbf5cf176f75265cc5729e520e99,successfactors,ExxonMobil,jobs,https://jobs.exxonmobil.com,CANDIDATE,NAME_EXACT,"exact normalized name match, no domain evidence; inspect",false,,LEGACY_SUPPORTED,SINGLE_SOURCE_CANDIDATE
EMP-10915,FactSet,,USA,ats-scrapers,6b44a1badc9bfbf5cf176f75265cc5729e520e99,workday,FactSet,factset/factsetcareers,https://factset.wd108.myworkdayjobs.com/factsetcareers,CANDIDATE,NAME_EXACT,"exact normalized name match, no domain evidence; inspect",false,,LEGACY_SUPPORTED,SINGLE_SOURCE_CANDIDATE
EMP-10918,Federal Realty Investment Trust,,USA,ats-scrapers,6b44a1badc9bfbf5cf176f75265cc5729e520e99,icims,Federal Realty Investment Trust,federalrealty,https://careers-federalrealty.icims.com,CANDIDATE,NAME_EXACT,"exact normalized name match, no domain evidence; inspect",false,,UNSUPPORTED,SINGLE_SOURCE_CANDIDATE
EMP-10924,Flex Ltd.,,USA,ats-scrapers,6b44a1badc9bfbf5cf176f75265cc5729e520e99,ashby,Flex,withflex,https://jobs.ashbyhq.com/withflex,CANDIDATE,NAME_EXACT,"exact normalized name match, no domain evidence; inspect",false,,LEGACY_SUPPORTED,MULTI_SOURCE_CANDIDATE
EMP-10924,Flex Ltd.,,USA,ats-scrapers,6b44a1badc9bfbf5cf176f75265cc5729e520e99,greenhouse,Flex,flex,https://job-boards.greenhouse.io/flex,CANDIDATE,NAME_EXACT,"exact normalized name match, no domain evidence; inspect",false,,LEGACY_SUPPORTED,MULTI_SOURCE_CANDIDATE
EMP-10924,Flex Ltd.,,USA,ats-scrapers,6b44a1badc9bfbf5cf176f75265cc5729e520e99,lever,Flex,Flex,https://jobs.lever.co/Flex,CANDIDATE,NAME_EXACT,"exact normalized name match, no domain evidence; inspect",false,,LEGACY_SUPPORTED,MULTI_SOURCE_CANDIDATE
EMP-10926,Fortive,,USA,ats-scrapers,6b44a1badc9bfbf5cf176f75265cc5729e520e99,eightfold,Fortive,fortive,https://fortive.eightfold.ai/careers,CANDIDATE,NAME_EXACT,"exact normalized name match, no domain evidence; inspect",false,,DECLARATIVE_SUPPORTED,MULTI_SOURCE_CANDIDATE
EMP-10926,Fortive,,USA,ats-scrapers,6b44a1badc9bfbf5cf176f75265cc5729e520e99,oracle,Fortive,ejta,https://ejta.fa.us6.oraclecloud.com/hcmUI/CandidateExperience/en/sites/CX_2001,CANDIDATE,NAME_EXACT,"exact normalized name match, no domain evidence; inspect",false,,LEGACY_SUPPORTED,MULTI_SOURCE_CANDIDATE
EMP-10927,Fox Corporation,,USA,ats-scrapers,6b44a1badc9bfbf5cf176f75265cc5729e520e99,workday,Fox,fox/domestic,https://fox.wd1.myworkdayjobs.com/domestic,CANDIDATE,NAME_EXACT,"exact normalized name match, no domain evidence; inspect",false,,LEGACY_SUPPORTED,MULTI_SOURCE_CANDIDATE
EMP-10927,Fox Corporation,,USA,ats-scrapers,6b44a1badc9bfbf5cf176f75265cc5729e520e99,workday,Fox,fox/foxtvst_central,https://fox.wd1.myworkdayjobs.com/foxtvst_central,CANDIDATE,NAME_EXACT,"exact normalized name match, no domain evidence; inspect",false,,LEGACY_SUPPORTED,MULTI_SOURCE_CANDIDATE
EMP-10927,Fox Corporation,,USA,ats-scrapers,6b44a1badc9bfbf5cf176f75265cc5729e520e99,workday,Fox,fox/foxtvst_east,https://fox.wd1.myworkdayjobs.com/foxtvst_east,CANDIDATE,NAME_EXACT,"exact normalized name match, no domain evidence; inspect",false,,LEGACY_SUPPORTED,MULTI_SOURCE_CANDIDATE
EMP-10927,Fox Corporation,,USA,ats-scrapers,6b44a1badc9bfbf5cf176f75265cc5729e520e99,workday,FOX,foxfactory/fox,https://foxfactory.wd1.myworkdayjobs.com/fox,CANDIDATE,NAME_EXACT,"exact normalized name match, no domain evidence; inspect",false,,LEGACY_SUPPORTED,MULTI_SOURCE_CANDIDATE
EMP-10927,Fox Corporation,,USA,ats-scrapers,6b44a1badc9bfbf5cf176f75265cc5729e520e99,workday,FOX,foxrehab/external,https://foxrehab.wd1.myworkdayjobs.com/External,CANDIDATE,NAME_EXACT,"exact normalized name match, no domain evidence; inspect",false,,LEGACY_SUPPORTED,MULTI_SOURCE_CANDIDATE
EMP-10929,Freeport-McMoRan,,USA,ats-scrapers,6b44a1badc9bfbf5cf176f75265cc5729e520e99,eightfold,Freeport-McMoRan,fcx,https://fcx.eightfold.ai/careers,CANDIDATE,NAME_EXACT,"exact normalized name match, no domain evidence; inspect",false,,DECLARATIVE_SUPPORTED,SINGLE_SOURCE_CANDIDATE
EMP-10930,Garmin,,USA,ats-scrapers,6b44a1badc9bfbf5cf176f75265cc5729e520e99,icims,garmin,garmin,https://careers-garmin.icims.com,CANDIDATE,NAME_EXACT,"exact normalized name match, no domain evidence; inspect",false,,UNSUPPORTED,SINGLE_SOURCE_CANDIDATE
EMP-10931,Gartner,,USA,ats-scrapers,6b44a1badc9bfbf5cf176f75265cc5729e520e99,workday,Gartner,gartner/ext,https://gartner.wd5.myworkdayjobs.com/ext,CANDIDATE,NAME_EXACT,"exact normalized name match, no domain evidence; inspect",false,,LEGACY_SUPPORTED,SINGLE_SOURCE_CANDIDATE
EMP-10933,Generac,,USA,ats-scrapers,6b44a1badc9bfbf5cf176f75265cc5729e520e99,greenhouse,Generac,generac,https://job-boards.greenhouse.io/generac,CANDIDATE,NAME_EXACT,"exact normalized name match, no domain evidence; inspect",false,,LEGACY_SUPPORTED,MULTI_SOURCE_CANDIDATE
EMP-10933,Generac,,USA,ats-scrapers,6b44a1badc9bfbf5cf176f75265cc5729e520e99,jazzhr,generac,generac,https://generac.applytojob.com,CANDIDATE,NAME_EXACT,"exact normalized name match, no domain evidence; inspect",false,,UNSUPPORTED,MULTI_SOURCE_CANDIDATE
EMP-10933,Generac,,USA,ats-scrapers,6b44a1badc9bfbf5cf176f75265cc5729e520e99,workday,Generac,generac/external,https://generac.wd5.myworkdayjobs.com/external,CANDIDATE,NAME_EXACT,"exact normalized name match, no domain evidence; inspect",false,,LEGACY_SUPPORTED,MULTI_SOURCE_CANDIDATE
EMP-10933,Generac,,USA,ats-scrapers,6b44a1badc9bfbf5cf176f75265cc5729e520e99,workday,Generac,generac/externalcareers,https://generac.wd5.myworkdayjobs.com/externalcareers,CANDIDATE,NAME_EXACT,"exact normalized name match, no domain evidence; inspect",false,,LEGACY_SUPPORTED,MULTI_SOURCE_CANDIDATE
EMP-10936,Globe Life,,USA,ats-scrapers,6b44a1badc9bfbf5cf176f75265cc5729e520e99,workday,Globe Life,globelife/globe-life-careers,https://globelife.wd5.myworkdayjobs.com/Globe-Life-Careers,CANDIDATE,NAME_EXACT,"exact normalized name match, no domain evidence; inspect",false,,LEGACY_SUPPORTED,SINGLE_SOURCE_CANDIDATE
EMP-10937,GoDaddy,,USA,ats-scrapers,6b44a1badc9bfbf5cf176f75265cc5729e520e99,greenhouse,GoDaddy,godaddy,https://job-boards.greenhouse.io/godaddy,CANDIDATE,NAME_EXACT,"exact normalized name match, no domain evidence; inspect",false,,LEGACY_SUPPORTED,MULTI_SOURCE_CANDIDATE
EMP-10937,GoDaddy,,USA,ats-scrapers,6b44a1badc9bfbf5cf176f75265cc5729e520e99,smartrecruiters,GoDaddy,godaddy,https://careers.smartrecruiters.com/godaddy,CANDIDATE,NAME_EXACT,"exact normalized name match, no domain evidence; inspect",false,,LEGACY_SUPPORTED,MULTI_SOURCE_CANDIDATE
EMP-10938,Halliburton,,USA,ats-scrapers,6b44a1badc9bfbf5cf176f75265cc5729e520e99,successfactors,Halliburton,jobs,https://jobs.halliburton.com,CANDIDATE,NAME_EXACT,"exact normalized name match, no domain evidence; inspect",false,,LEGACY_SUPPORTED,SINGLE_SOURCE_CANDIDATE
EMP-10940,Hasbro,,USA,ats-scrapers,6b44a1badc9bfbf5cf176f75265cc5729e520e99,eightfold,Hasbro,hasbro,https://hasbro.eightfold.ai/careers,CANDIDATE,NAME_EXACT,"exact normalized name match, no domain evidence; inspect",false,,DECLARATIVE_SUPPORTED,MULTI_SOURCE_CANDIDATE
EMP-10940,Hasbro,,USA,ats-scrapers,6b44a1badc9bfbf5cf176f75265cc5729e520e99,greenhouse,Hasbro,hasbro,https://job-boards.greenhouse.io/hasbro,CANDIDATE,NAME_EXACT,"exact normalized name match, no domain evidence; inspect",false,,LEGACY_SUPPORTED,MULTI_SOURCE_CANDIDATE
EMP-10940,Hasbro,,USA,ats-scrapers,6b44a1badc9bfbf5cf176f75265cc5729e520e99,smartrecruiters,hasbro,hasbro,https://careers.smartrecruiters.com/hasbro,CANDIDATE,NAME_EXACT,"exact normalized name match, no domain evidence; inspect",false,,LEGACY_SUPPORTED,MULTI_SOURCE_CANDIDATE
EMP-10940,Hasbro,,USA,ats-scrapers,6b44a1badc9bfbf5cf176f75265cc5729e520e99,successfactors,Hasbro,jobs,https://jobs.hasbro.com,CANDIDATE,NAME_EXACT,"exact normalized name match, no domain evidence; inspect",false,,LEGACY_SUPPORTED,MULTI_SOURCE_CANDIDATE
EMP-10943,Henry Schein,,USA,ats-scrapers,6b44a1badc9bfbf5cf176f75265cc5729e520e99,workday,Henryschein,henryschein/external_careers,https://henryschein.wd1.myworkdayjobs.com/external_careers,CANDIDATE,NAME_EXACT,"exact normalized name match, no domain evidence; inspect",false,,LEGACY_SUPPORTED,SINGLE_SOURCE_CANDIDATE
EMP-10946,Home Depot,,USA,ats-scrapers,6b44a1badc9bfbf5cf176f75265cc5729e520e99,workday,Homedepot,homedepot/CareerDepot,https://homedepot.wd5.myworkdayjobs.com/CareerDepot,CANDIDATE,NAME_EXACT,"exact normalized name match, no domain evidence; inspect",false,,LEGACY_SUPPORTED,SINGLE_SOURCE_CANDIDATE
EMP-10947,Honeywell Technologies,honeywell.com,USA,ats-scrapers,6b44a1badc9bfbf5cf176f75265cc5729e520e99,oracle,Honeywell,ibqbjb,https://ibqbjb.fa.ocs.oraclecloud.com/hcmUI/CandidateExperience/en/sites/CX_1,HIGH_CONFIDENCE,URL_EXACT,internal resolved portal URL equals external board URL,false,,LEGACY_SUPPORTED,MULTI_SOURCE_CANDIDATE
EMP-10947,Honeywell Technologies,honeywell.com,USA,ats-scrapers,6b44a1badc9bfbf5cf176f75265cc5729e520e99,smartrecruiters,Honeywell,honeywell,https://careers.smartrecruiters.com/honeywell,HIGH_CONFIDENCE,SLUG_PLUS_NAME,board slug/host token equals domain company token + compatible names,false,,LEGACY_SUPPORTED,MULTI_SOURCE_CANDIDATE
EMP-10950,HP Inc.,hp.com,USA,ats-scrapers,6b44a1badc9bfbf5cf176f75265cc5729e520e99,bamboohr,hp,hp,https://hp.bamboohr.com/careers,CANDIDATE,SLUG,board slug/host token equals domain company token but names differ; inspect,false,,UNSUPPORTED,MULTI_SOURCE_CANDIDATE
EMP-10950,HP Inc.,hp.com,USA,ats-scrapers,6b44a1badc9bfbf5cf176f75265cc5729e520e99,eightfold,HP,hp,https://hp.eightfold.ai/careers,HIGH_CONFIDENCE,DOMAIN_EXACT,eightfold registry domain equals internal corporate domain,false,,DECLARATIVE_SUPPORTED,MULTI_SOURCE_CANDIDATE
EMP-10950,HP Inc.,hp.com,USA,ats-scrapers,6b44a1badc9bfbf5cf176f75265cc5729e520e99,eightfold,HP,hp,https://hp.eightfold.ai/careers,CANDIDATE,SLUG,board slug/host token equals domain company token but names differ; inspect,false,,DECLARATIVE_SUPPORTED,MULTI_SOURCE_CANDIDATE
EMP-10950,HP Inc.,hp.com,USA,ats-scrapers,6b44a1badc9bfbf5cf176f75265cc5729e520e99,workday,Hp,hp/externalcareersite,https://hp.wd5.myworkdayjobs.com/externalcareersite,CANDIDATE,SLUG,board slug/host token equals domain company token but names differ; inspect,false,,LEGACY_SUPPORTED,MULTI_SOURCE_CANDIDATE
EMP-10950,HP Inc.,hp.com,USA,ats-scrapers,6b44a1badc9bfbf5cf176f75265cc5729e520e99,workday,Hp (Exteu Ac Careersite),hp/exteu-ac-careersite,https://hp.wd5.myworkdayjobs.com/exteu-ac-careersite,CANDIDATE,SLUG,board slug/host token equals domain company token but names differ; inspect,false,,LEGACY_SUPPORTED,MULTI_SOURCE_CANDIDATE
EMP-10950,HP Inc.,hp.com,USA,ats-scrapers,6b44a1badc9bfbf5cf176f75265cc5729e520e99,workday,Hpinc,hpinc/hpinc,https://hpinc.wd5.myworkdayjobs.com/hpinc,CANDIDATE,NAME_EXACT,"exact normalized name match, no domain evidence; inspect",false,,LEGACY_SUPPORTED,MULTI_SOURCE_CANDIDATE
EMP-10952,Humana,,USA,ats-scrapers,6b44a1badc9bfbf5cf176f75265cc5729e520e99,phenom,Humana,,https://careers.humana.com,CANDIDATE,NAME_EXACT,"exact normalized name match, no domain evidence; inspect",false,,LEGACY_SUPPORTED,MULTI_SOURCE_CANDIDATE
EMP-10952,Humana,,USA,ats-scrapers,6b44a1badc9bfbf5cf176f75265cc5729e520e99,workday,Humana,humana/humana_external_career_site,https://humana.wd5.myworkdayjobs.com/humana_external_career_site,CANDIDATE,NAME_EXACT,"exact normalized name match, no domain evidence; inspect",false,,LEGACY_SUPPORTED,MULTI_SOURCE_CANDIDATE
EMP-10954,IDEX Corporation,,USA,ats-scrapers,6b44a1badc9bfbf5cf176f75265cc5729e520e99,bamboohr,Idex,idex,https://idex.bamboohr.com/careers,CANDIDATE,NAME_EXACT,"exact normalized name match, no domain evidence; inspect",false,,UNSUPPORTED,MULTI_SOURCE_CANDIDATE
EMP-10954,IDEX Corporation,,USA,ats-scrapers,6b44a1badc9bfbf5cf176f75265cc5729e520e99,workable,IDEX,idex,https://apply.workable.com/idex,CANDIDATE,NAME_EXACT,"exact normalized name match, no domain evidence; inspect",false,,UNSUPPORTED,MULTI_SOURCE_CANDIDATE
EMP-10958,Insulet Corporation,,USA,ats-scrapers,6b44a1badc9bfbf5cf176f75265cc5729e520e99,workday,Insulet Corporation,insulet/insuletcareers,https://insulet.wd5.myworkdayjobs.com/insuletcareers,CANDIDATE,NAME_EXACT,"exact normalized name match, no domain evidence; inspect",false,,LEGACY_SUPPORTED,SINGLE_SOURCE_CANDIDATE
EMP-10959,Interactive Brokers,,USA,ats-scrapers,6b44a1badc9bfbf5cf176f75265cc5729e520e99,greenhouse,Interactive Brokers,ibkr,https://job-boards.greenhouse.io/ibkr,CANDIDATE,NAME_EXACT,"exact normalized name match, no domain evidence; inspect",false,,LEGACY_SUPPORTED,SINGLE_SOURCE_CANDIDATE
EMP-10963,Invesco,,USA,ats-scrapers,6b44a1badc9bfbf5cf176f75265cc5729e520e99,workday,Invesco,invesco/ivz,https://invesco.wd1.myworkdayjobs.com/ivz,CANDIDATE,NAME_EXACT,"exact normalized name match, no domain evidence; inspect",false,,LEGACY_SUPPORTED,SINGLE_SOURCE_CANDIDATE
EMP-10965,IQVIA,,USA,ats-scrapers,6b44a1badc9bfbf5cf176f75265cc5729e520e99,workday,IQVIA,iqvia/iqvia,https://iqvia.wd1.myworkdayjobs.com/iqvia,CANDIDATE,NAME_EXACT,"exact normalized name match, no domain evidence; inspect",false,,LEGACY_SUPPORTED,SINGLE_SOURCE_CANDIDATE
EMP-10966,J.B. Hunt,,USA,ats-scrapers,6b44a1badc9bfbf5cf176f75265cc5729e520e99,workday,Jbhunt,jbhunt/careers,https://jbhunt.wd501.myworkdayjobs.com/careers,CANDIDATE,NAME_EXACT,"exact normalized name match, no domain evidence; inspect",false,,LEGACY_SUPPORTED,SINGLE_SOURCE_CANDIDATE
EMP-10968,Jabil,,USA,ats-scrapers,6b44a1badc9bfbf5cf176f75265cc5729e520e99,workday,Jabil,jabil/jabil_careers,https://jabil.wd5.myworkdayjobs.com/jabil_careers,CANDIDATE,NAME_EXACT,"exact normalized name match, no domain evidence; inspect",false,,LEGACY_SUPPORTED,SINGLE_SOURCE_CANDIDATE
EMP-10971,Kenvue,,USA,ats-scrapers,6b44a1badc9bfbf5cf176f75265cc5729e520e99,workday,Kenvue,kenvue/kenvue,https://kenvue.wd5.myworkdayjobs.com/kenvue,CANDIDATE,NAME_EXACT,"exact normalized name match, no domain evidence; inspect",false,,LEGACY_SUPPORTED,SINGLE_SOURCE_CANDIDATE
EMP-10975,Kimberly-Clark,,USA,ats-scrapers,6b44a1badc9bfbf5cf176f75265cc5729e520e99,workday,Kimberlyclark,kimberlyclark/global,https://kimberlyclark.wd1.myworkdayjobs.com/global,CANDIDATE,NAME_EXACT,"exact normalized name match, no domain evidence; inspect",false,,LEGACY_SUPPORTED,SINGLE_SOURCE_CANDIDATE
EMP-10977,Kinder Morgan,,USA,ats-scrapers,6b44a1badc9bfbf5cf176f75265cc5729e520e99,icims,kindermorgan,kindermorgan,https://careers-kindermorgan.icims.com,CANDIDATE,NAME_EXACT,"exact normalized name match, no domain evidence; inspect",false,,UNSUPPORTED,SINGLE_SOURCE_CANDIDATE
EMP-10979,KLA Corporation,,USA,ats-scrapers,6b44a1badc9bfbf5cf176f75265cc5729e520e99,recruitee,KLA,kimlundgrenassociatesinc,https://kimlundgrenassociatesinc.recruitee.com,CANDIDATE,NAME_EXACT,"exact normalized name match, no domain evidence; inspect",false,,UNSUPPORTED,MULTI_SOURCE_CANDIDATE
EMP-10979,KLA Corporation,,USA,ats-scrapers,6b44a1badc9bfbf5cf176f75265cc5729e520e99,workday,Kla,kla/search,https://kla.wd1.myworkdayjobs.com/search,CANDIDATE,NAME_EXACT,"exact normalized name match, no domain evidence; inspect",false,,LEGACY_SUPPORTED,MULTI_SOURCE_CANDIDATE
EMP-10979,KLA Corporation,,USA,ats-scrapers,6b44a1badc9bfbf5cf176f75265cc5729e520e99,workday,KLA,kla/ur,https://kla.wd1.myworkdayjobs.com/ur,CANDIDATE,NAME_EXACT,"exact normalized name match, no domain evidence; inspect",false,,LEGACY_SUPPORTED,MULTI_SOURCE_CANDIDATE
EMP-10980,Kraft Heinz,,USA,ats-scrapers,6b44a1badc9bfbf5cf176f75265cc5729e520e99,eightfold,Kraft Heinz,kraftheinz,https://kraftheinz.eightfold.ai/careers,CANDIDATE,NAME_EXACT,"exact normalized name match, no domain evidence; inspect",false,,DECLARATIVE_SUPPORTED,SINGLE_SOURCE_CANDIDATE
EMP-10983,Labcorp,,USA,ats-scrapers,6b44a1badc9bfbf5cf176f75265cc5729e520e99,phenom,Labcorp,,https://careers.labcorp.com,CANDIDATE,NAME_EXACT,"exact normalized name match, no domain evidence; inspect",false,,LEGACY_SUPPORTED,MULTI_SOURCE_CANDIDATE
EMP-10983,Labcorp,,USA,ats-scrapers,6b44a1badc9bfbf5cf176f75265cc5729e520e99,workday,Labcorp,labcorp/external,https://labcorp.wd1.myworkdayjobs.com/external,CANDIDATE,NAME_EXACT,"exact normalized name match, no domain evidence; inspect",false,,LEGACY_SUPPORTED,MULTI_SOURCE_CANDIDATE
EMP-10985,Lennar,,USA,ats-scrapers,6b44a1badc9bfbf5cf176f75265cc5729e520e99,workday,Lennar,lennar/lennar_jobs,https://lennar.wd1.myworkdayjobs.com/lennar_jobs,CANDIDATE,NAME_EXACT,"exact normalized name match, no domain evidence; inspect",false,,LEGACY_SUPPORTED,SINGLE_SOURCE_CANDIDATE
EMP-10986,Lennox International,,USA,ats-scrapers,6b44a1badc9bfbf5cf176f75265cc5729e520e99,icims,Lennox International,https://frenchcacareers-lennox.icims.com,https://frenchcacareers-lennox.icims.com,CANDIDATE,NAME_EXACT,"exact normalized name match, no domain evidence; inspect",false,,UNSUPPORTED,MULTI_SOURCE_CANDIDATE
EMP-10986,Lennox International,,USA,ats-scrapers,6b44a1badc9bfbf5cf176f75265cc5729e520e99,icims,Lennox International,https://uscareers-lennox.icims.com,https://uscareers-lennox.icims.com,CANDIDATE,NAME_EXACT,"exact normalized name match, no domain evidence; inspect",false,,UNSUPPORTED,MULTI_SOURCE_CANDIDATE
EMP-10987,Linde plc,,USA,ats-scrapers,6b44a1badc9bfbf5cf176f75265cc5729e520e99,cornerstone,Linde,https://linde.csod.com/ux/ats/careersite/20/home?c=linde,https://linde.csod.com/ux/ats/careersite/20/home?c=linde,CANDIDATE,NAME_EXACT,"exact normalized name match, no domain evidence; inspect",false,,UNSUPPORTED,MULTI_SOURCE_CANDIDATE
EMP-10987,Linde plc,,USA,ats-scrapers,6b44a1badc9bfbf5cf176f75265cc5729e520e99,cornerstone,Linde,https://linde.csod.com/ux/ats/careersite/23/home?c=linde,https://linde.csod.com/ux/ats/careersite/23/home?c=linde,CANDIDATE,NAME_EXACT,"exact normalized name match, no domain evidence; inspect",false,,UNSUPPORTED,MULTI_SOURCE_CANDIDATE
EMP-10987,Linde plc,,USA,ats-scrapers,6b44a1badc9bfbf5cf176f75265cc5729e520e99,cornerstone,Linde,linde,https://linde.csod.com/ux/ats/careersite/1/home?c=linde,CANDIDATE,NAME_EXACT,"exact normalized name match, no domain evidence; inspect",false,,UNSUPPORTED,MULTI_SOURCE_CANDIDATE
EMP-10987,Linde plc,,USA,ats-scrapers,6b44a1badc9bfbf5cf176f75265cc5729e520e99,jazzhr,linde,linde,https://linde.applytojob.com,CANDIDATE,NAME_EXACT,"exact normalized name match, no domain evidence; inspect",false,,UNSUPPORTED,MULTI_SOURCE_CANDIDATE
EMP-10992,Lumentum,,USA,ats-scrapers,6b44a1badc9bfbf5cf176f75265cc5729e520e99,workday,Lumentum,lumentum/lite,https://lumentum.wd5.myworkdayjobs.com/lite,CANDIDATE,NAME_EXACT,"exact normalized name match, no domain evidence; inspect",false,,LEGACY_SUPPORTED,SINGLE_SOURCE_CANDIDATE
EMP-10993,LyondellBasell,,USA,ats-scrapers,6b44a1badc9bfbf5cf176f75265cc5729e520e99,successfactors,Lyondellbasell,LBI,https://careers.lyondellbasell.com,CANDIDATE,NAME_EXACT,"exact normalized name match, no domain evidence; inspect",false,,LEGACY_SUPPORTED,SINGLE_SOURCE_CANDIDATE
EMP-10996,Marriott International,,USA,ats-scrapers,6b44a1badc9bfbf5cf176f75265cc5729e520e99,moka,Marriott International,marriott/141002,https://app.mokahr.com/social-recruitment/marriott/141002,CANDIDATE,NAME_EXACT,"exact normalized name match, no domain evidence; inspect",false,,UNSUPPORTED,SINGLE_SOURCE_CANDIDATE
EMP-11002,Mettler Toledo,,USA,ats-scrapers,6b44a1badc9bfbf5cf176f75265cc5729e520e99,avature,METTLER TOLEDO,mt,https://mt.avature.net,CANDIDATE,NAME_EXACT,"exact normalized name match, no domain evidence; inspect",false,,LEGACY_SUPPORTED,SINGLE_SOURCE_CANDIDATE
EMP-11006,Mondelez International,,USA,ats-scrapers,6b44a1badc9bfbf5cf176f75265cc5729e520e99,workable,Mondelez International,mdlz,https://apply.workable.com/mdlz,CANDIDATE,NAME_EXACT,"exact normalized name match, no domain evidence; inspect",false,,UNSUPPORTED,SINGLE_SOURCE_CANDIDATE
EMP-11009,Moody's Corporation,,USA,ats-scrapers,6b44a1badc9bfbf5cf176f75265cc5729e520e99,successfactors,Moody's,MoodysProd,https://career8.successfactors.com/career?company=MoodysProd,CANDIDATE,NAME_EXACT,"exact normalized name match, no domain evidence; inspect",false,,LEGACY_SUPPORTED,SINGLE_SOURCE_CANDIDATE
EMP-11010,Morgan Stanley,morganstanley.com,USA,ats-scrapers,6b44a1badc9bfbf5cf176f75265cc5729e520e99,eightfold,Morgan Stanley,morganstanley,https://morganstanley.eightfold.ai/careers,HIGH_CONFIDENCE,SLUG_PLUS_NAME,board slug/host token equals domain company token + compatible names,false,,DECLARATIVE_SUPPORTED,MULTI_SOURCE_CANDIDATE
EMP-11010,Morgan Stanley,morganstanley.com,USA,ats-scrapers,6b44a1badc9bfbf5cf176f75265cc5729e520e99,smartrecruiters,Morgan stanley,morganstanley,https://careers.smartrecruiters.com/morganstanley,HIGH_CONFIDENCE,SLUG_PLUS_NAME,board slug/host token equals domain company token + compatible names,false,,LEGACY_SUPPORTED,MULTI_SOURCE_CANDIDATE
EMP-11012,Motorola Solutions,,USA,ats-scrapers,6b44a1badc9bfbf5cf176f75265cc5729e520e99,workday,Motorolasolutions,motorolasolutions/careers,https://motorolasolutions.wd5.myworkdayjobs.com/careers,CANDIDATE,NAME_EXACT,"exact normalized name match, no domain evidence; inspect",false,,LEGACY_SUPPORTED,SINGLE_SOURCE_CANDIDATE
EMP-11014,NetApp,,USA,ats-scrapers,6b44a1badc9bfbf5cf176f75265cc5729e520e99,eightfold,NetApp,netapp,https://netapp.eightfold.ai/careers,CANDIDATE,NAME_EXACT,"exact normalized name match, no domain evidence; inspect",false,,DECLARATIVE_SUPPORTED,MULTI_SOURCE_CANDIDATE
EMP-11014,NetApp,,USA,ats-scrapers,6b44a1badc9bfbf5cf176f75265cc5729e520e99,successfactors,NetApp,jobs,https://jobs.netapp.com,CANDIDATE,NAME_EXACT,"exact normalized name match, no domain evidence; inspect",false,,LEGACY_SUPPORTED,MULTI_SOURCE_CANDIDATE
EMP-11015,Newmont,,USA,ats-scrapers,6b44a1badc9bfbf5cf176f75265cc5729e520e99,successfactors,Newmont,newmont,https://newmont.jobs2web.com,CANDIDATE,NAME_EXACT,"exact normalized name match, no domain evidence; inspect",false,,LEGACY_SUPPORTED,SINGLE_SOURCE_CANDIDATE
EMP-11016,News Corp,,USA,ats-scrapers,6b44a1badc9bfbf5cf176f75265cc5729e520e99,teamtailor,news,news,https://news.teamtailor.com,CANDIDATE,NAME_EXACT,"exact normalized name match, no domain evidence; inspect",false,,UNSUPPORTED,MULTI_SOURCE_CANDIDATE
EMP-11016,News Corp,,USA,ats-scrapers,6b44a1badc9bfbf5cf176f75265cc5729e520e99,workday,News Corp,dowjones/news_corp_careers,https://dowjones.wd1.myworkdayjobs.com/news_corp_careers,CANDIDATE,NAME_EXACT,"exact normalized name match, no domain evidence; inspect",false,,LEGACY_SUPPORTED,MULTI_SOURCE_CANDIDATE
EMP-11016,News Corp,,USA,ats-scrapers,6b44a1badc9bfbf5cf176f75265cc5729e520e99,workday,News,nytimes/news,https://nytimes.wd5.myworkdayjobs.com/news,CANDIDATE,NAME_EXACT,"exact normalized name match, no domain evidence; inspect",false,,LEGACY_SUPPORTED,MULTI_SOURCE_CANDIDATE
EMP-11018,Nordson Corporation,,USA,ats-scrapers,6b44a1badc9bfbf5cf176f75265cc5729e520e99,workday,Nordson,nordsonhcm/nordsoncareers,https://nordsonhcm.wd501.myworkdayjobs.com/nordsoncareers,CANDIDATE,NAME_EXACT,"exact normalized name match, no domain evidence; inspect",false,,LEGACY_SUPPORTED,SINGLE_SOURCE_CANDIDATE
EMP-11019,Norfolk Southern,,USA,ats-scrapers,6b44a1badc9bfbf5cf176f75265cc5729e520e99,successfactors,Norfolk Southern,jobs,https://jobs.nscorp.com,CANDIDATE,NAME_EXACT,"exact normalized name match, no domain evidence; inspect",false,,LEGACY_SUPPORTED,SINGLE_SOURCE_CANDIDATE
EMP-11022,"NVR, Inc.",,USA,ats-scrapers,6b44a1badc9bfbf5cf176f75265cc5729e520e99,taleo,NVR Inc,https://phg.tbe.taleo.net/phg01/ats/careers/v2/searchResults?org=NVRINC&cws=65,https://phg.tbe.taleo.net/phg01/ats/careers/v2/searchResults?org=NVRINC&cws=65,CANDIDATE,NAME_EXACT,"exact normalized name match, no domain evidence; inspect",false,,UNSUPPORTED,SINGLE_SOURCE_CANDIDATE
EMP-11028,Oneok,,USA,ats-scrapers,6b44a1badc9bfbf5cf176f75265cc5729e520e99,workday,Oneok,oneok/oneok,https://oneok.wd1.myworkdayjobs.com/oneok,CANDIDATE,NAME_EXACT,"exact normalized name match, no domain evidence; inspect",false,,LEGACY_SUPPORTED,SINGLE_SOURCE_CANDIDATE
EMP-11030,Paccar,,USA,ats-scrapers,6b44a1badc9bfbf5cf176f75265cc5729e520e99,successfactors,PACCAR,jobs,https://jobs.paccar.com,CANDIDATE,NAME_EXACT,"exact normalized name match, no domain evidence; inspect",false,,LEGACY_SUPPORTED,SINGLE_SOURCE_CANDIDATE
EMP-11033,Paychex,,USA,ats-scrapers,6b44a1badc9bfbf5cf176f75265cc5729e520e99,icims,paychex,paychex,https://careers-paychex.icims.com,CANDIDATE,NAME_EXACT,"exact normalized name match, no domain evidence; inspect",false,,UNSUPPORTED,SINGLE_SOURCE_CANDIDATE
EMP-11034,Pentair,,USA,ats-scrapers,6b44a1badc9bfbf5cf176f75265cc5729e520e99,workday,Pentair,pentair/pentair_careers,https://pentair.wd5.myworkdayjobs.com/Pentair_Careers,CANDIDATE,NAME_EXACT,"exact normalized name match, no domain evidence; inspect",false,,LEGACY_SUPPORTED,SINGLE_SOURCE_CANDIDATE
EMP-11035,PepsiCo,,USA,ats-scrapers,6b44a1badc9bfbf5cf176f75265cc5729e520e99,icims,PepsiCo,https://dutchcareers-pepsico.icims.com,https://dutchcareers-pepsico.icims.com,CANDIDATE,NAME_EXACT,"exact normalized name match, no domain evidence; inspect",false,,UNSUPPORTED,MULTI_SOURCE_CANDIDATE
EMP-11035,PepsiCo,,USA,ats-scrapers,6b44a1badc9bfbf5cf176f75265cc5729e520e99,icims,PepsiCo,https://frenchcancareers-pepsico.icims.com,https://frenchcancareers-pepsico.icims.com,CANDIDATE,NAME_EXACT,"exact normalized name match, no domain evidence; inspect",false,,UNSUPPORTED,MULTI_SOURCE_CANDIDATE
EMP-11035,PepsiCo,,USA,ats-scrapers,6b44a1badc9bfbf5cf176f75265cc5729e520e99,icims,PepsiCo,https://frenchcareers-pepsico.icims.com,https://frenchcareers-pepsico.icims.com,CANDIDATE,NAME_EXACT,"exact normalized name match, no domain evidence; inspect",false,,UNSUPPORTED,MULTI_SOURCE_CANDIDATE
EMP-11035,PepsiCo,,USA,ats-scrapers,6b44a1badc9bfbf5cf176f75265cc5729e520e99,icims,PepsiCo,https://globalcampus-pepsico.icims.com,https://globalcampus-pepsico.icims.com,CANDIDATE,NAME_EXACT,"exact normalized name match, no domain evidence; inspect",false,,UNSUPPORTED,MULTI_SOURCE_CANDIDATE
EMP-11035,PepsiCo,,USA,ats-scrapers,6b44a1badc9bfbf5cf176f75265cc5729e520e99,icims,PepsiCo,https://globalcareers-pepsico.icims.com,https://globalcareers-pepsico.icims.com,CANDIDATE,NAME_EXACT,"exact normalized name match, no domain evidence; inspect",false,,UNSUPPORTED,MULTI_SOURCE_CANDIDATE
EMP-11035,PepsiCo,,USA,ats-scrapers,6b44a1badc9bfbf5cf176f75265cc5729e520e99,icims,PepsiCo,https://globalflcareers-pepsico.icims.com,https://globalflcareers-pepsico.icims.com,CANDIDATE,NAME_EXACT,"exact normalized name match, no domain evidence; inspect",false,,UNSUPPORTED,MULTI_SOURCE_CANDIDATE
EMP-11035,PepsiCo,,USA,ats-scrapers,6b44a1badc9bfbf5cf176f75265cc5729e520e99,icims,PepsiCo,https://polishcareers-pepsico.icims.com,https://polishcareers-pepsico.icims.com,CANDIDATE,NAME_EXACT,"exact normalized name match, no domain evidence; inspect",false,,UNSUPPORTED,MULTI_SOURCE_CANDIDATE
EMP-11035,PepsiCo,,USA,ats-scrapers,6b44a1badc9bfbf5cf176f75265cc5729e520e99,icims,PepsiCo,https://portuguesecareers-pepsico.icims.com,https://portuguesecareers-pepsico.icims.com,CANDIDATE,NAME_EXACT,"exact normalized name match, no domain evidence; inspect",false,,UNSUPPORTED,MULTI_SOURCE_CANDIDATE
EMP-11035,PepsiCo,,USA,ats-scrapers,6b44a1badc9bfbf5cf176f75265cc5729e520e99,icims,PepsiCo,https://romaniancareers-pepsico.icims.com,https://romaniancareers-pepsico.icims.com,CANDIDATE,NAME_EXACT,"exact normalized name match, no domain evidence; inspect",false,,UNSUPPORTED,MULTI_SOURCE_CANDIDATE
EMP-11035,PepsiCo,,USA,ats-scrapers,6b44a1badc9bfbf5cf176f75265cc5729e520e99,icims,PepsiCo,https://spanishcampus-pepsico.icims.com,https://spanishcampus-pepsico.icims.com,CANDIDATE,NAME_EXACT,"exact normalized name match, no domain evidence; inspect",false,,UNSUPPORTED,MULTI_SOURCE_CANDIDATE
EMP-11035,PepsiCo,,USA,ats-scrapers,6b44a1badc9bfbf5cf176f75265cc5729e520e99,icims,PepsiCo,https://spanishcareers-pepsico.icims.com,https://spanishcareers-pepsico.icims.com,CANDIDATE,NAME_EXACT,"exact normalized name match, no domain evidence; inspect",false,,UNSUPPORTED,MULTI_SOURCE_CANDIDATE
EMP-11035,PepsiCo,,USA,ats-scrapers,6b44a1badc9bfbf5cf176f75265cc5729e520e99,icims,PepsiCo,https://ukrainiancareers-pepsico.icims.com,https://ukrainiancareers-pepsico.icims.com,CANDIDATE,NAME_EXACT,"exact normalized name match, no domain evidence; inspect",false,,UNSUPPORTED,MULTI_SOURCE_CANDIDATE
EMP-11035,PepsiCo,,USA,ats-scrapers,6b44a1badc9bfbf5cf176f75265cc5729e520e99,icims,PepsiCo,https://uscampus-pepsico.icims.com,https://uscampus-pepsico.icims.com,CANDIDATE,NAME_EXACT,"exact normalized name match, no domain evidence; inspect",false,,UNSUPPORTED,MULTI_SOURCE_CANDIDATE
EMP-11035,PepsiCo,,USA,ats-scrapers,6b44a1badc9bfbf5cf176f75265cc5729e520e99,icims,PepsiCo,https://uscareers-pepsico.icims.com,https://uscareers-pepsico.icims.com,CANDIDATE,NAME_EXACT,"exact normalized name match, no domain evidence; inspect",false,,UNSUPPORTED,MULTI_SOURCE_CANDIDATE
EMP-11040,Principal Financial Group,,USA,ats-scrapers,6b44a1badc9bfbf5cf176f75265cc5729e520e99,icims,Principal Financial Group,https://careersmalaysiapam-principal.icims.com,https://careersmalaysiapam-principal.icims.com,CANDIDATE,NAME_EXACT,"exact normalized name match, no domain evidence; inspect",false,,UNSUPPORTED,SINGLE_SOURCE_CANDIDATE
EMP-11043,Prologis,,USA,ats-scrapers,6b44a1badc9bfbf5cf176f75265cc5729e520e99,workday,Prologis,prologis/prologis_external_careers,https://prologis.wd5.myworkdayjobs.com/prologis_external_careers,CANDIDATE,NAME_EXACT,"exact normalized name match, no domain evidence; inspect",false,,LEGACY_SUPPORTED,SINGLE_SOURCE_CANDIDATE
EMP-11045,PTC Inc.,,USA,ats-scrapers,6b44a1badc9bfbf5cf176f75265cc5729e520e99,bamboohr,Ptc,ptc,https://ptc.bamboohr.com/careers,CANDIDATE,NAME_EXACT,"exact normalized name match, no domain evidence; inspect",false,,UNSUPPORTED,MULTI_SOURCE_CANDIDATE
EMP-11045,PTC Inc.,,USA,ats-scrapers,6b44a1badc9bfbf5cf176f75265cc5729e520e99,eightfold,PTC,ptc,https://ptc.eightfold.ai/careers,CANDIDATE,NAME_EXACT,"exact normalized name match, no domain evidence; inspect",false,,DECLARATIVE_SUPPORTED,MULTI_SOURCE_CANDIDATE
EMP-11045,PTC Inc.,,USA,ats-scrapers,6b44a1badc9bfbf5cf176f75265cc5729e520e99,smartrecruiters,PTC,ptc,https://careers.smartrecruiters.com/ptc,CANDIDATE,NAME_EXACT,"exact normalized name match, no domain evidence; inspect",false,,LEGACY_SUPPORTED,MULTI_SOURCE_CANDIDATE
EMP-11045,PTC Inc.,,USA,ats-scrapers,6b44a1badc9bfbf5cf176f75265cc5729e520e99,workday,PTC,ptc/ptc,https://ptc.wd1.myworkdayjobs.com/ptc,CANDIDATE,NAME_EXACT,"exact normalized name match, no domain evidence; inspect",false,,LEGACY_SUPPORTED,MULTI_SOURCE_CANDIDATE
EMP-11046,Public Storage,,USA,ats-scrapers,6b44a1badc9bfbf5cf176f75265cc5729e520e99,smartrecruiters,Public Storage,publicstorage,https://careers.smartrecruiters.com/publicstorage,CANDIDATE,NAME_EXACT,"exact normalized name match, no domain evidence; inspect",false,,LEGACY_SUPPORTED,SINGLE_SOURCE_CANDIDATE
EMP-11047,PulteGroup,,USA,ats-scrapers,6b44a1badc9bfbf5cf176f75265cc5729e520e99,workday,Pultegroup,pultegroup/pgi,https://pultegroup.wd1.myworkdayjobs.com/pgi,CANDIDATE,NAME_EXACT,"exact normalized name match, no domain evidence; inspect",false,,LEGACY_SUPPORTED,SINGLE_SOURCE_CANDIDATE
EMP-11049,Quanta Services,,USA,ats-scrapers,6b44a1badc9bfbf5cf176f75265cc5729e520e99,icims,Quanta Services,aes,https://careers-aes.icims.com,CANDIDATE,NAME_EXACT,"exact normalized name match, no domain evidence; inspect",false,,UNSUPPORTED,MULTI_SOURCE_CANDIDATE
EMP-11049,Quanta Services,,USA,ats-scrapers,6b44a1badc9bfbf5cf176f75265cc5729e520e99,icims,Quanta Services,https://careers2-quanta.icims.com,https://careers2-quanta.icims.com,CANDIDATE,NAME_EXACT,"exact normalized name match, no domain evidence; inspect",false,,UNSUPPORTED,MULTI_SOURCE_CANDIDATE
EMP-11049,Quanta Services,,USA,ats-scrapers,6b44a1badc9bfbf5cf176f75265cc5729e520e99,icims,Quanta Services,quanta,https://careers-quanta.icims.com,CANDIDATE,NAME_EXACT,"exact normalized name match, no domain evidence; inspect",false,,UNSUPPORTED,MULTI_SOURCE_CANDIDATE
EMP-11049,Quanta Services,,USA,ats-scrapers,6b44a1badc9bfbf5cf176f75265cc5729e520e99,icims,Quanta Services,ufs,https://careers-ufs.icims.com,CANDIDATE,NAME_EXACT,"exact normalized name match, no domain evidence; inspect",false,,UNSUPPORTED,MULTI_SOURCE_CANDIDATE
EMP-11050,Quest Diagnostics,,USA,ats-scrapers,6b44a1badc9bfbf5cf176f75265cc5729e520e99,smartrecruiters,Quest Diagnostics,questdiagnostics7,https://careers.smartrecruiters.com/questdiagnostics7,CANDIDATE,NAME_EXACT,"exact normalized name match, no domain evidence; inspect",false,,LEGACY_SUPPORTED,SINGLE_SOURCE_CANDIDATE
EMP-11053,Realty Income,,USA,ats-scrapers,6b44a1badc9bfbf5cf176f75265cc5729e520e99,workday,Realty Income,realtyincome/realty_income_careers,https://realtyincome.wd108.myworkdayjobs.com/realty_income_careers,CANDIDATE,NAME_EXACT,"exact normalized name match, no domain evidence; inspect",false,,LEGACY_SUPPORTED,SINGLE_SOURCE_CANDIDATE
EMP-11054,Reddit,,USA,ats-scrapers,6b44a1badc9bfbf5cf176f75265cc5729e520e99,ashby,Reddit,reddit,https://jobs.ashbyhq.com/reddit,CANDIDATE,NAME_EXACT,"exact normalized name match, no domain evidence; inspect",false,,LEGACY_SUPPORTED,MULTI_SOURCE_CANDIDATE
EMP-11054,Reddit,,USA,ats-scrapers,6b44a1badc9bfbf5cf176f75265cc5729e520e99,greenhouse,Reddit,reddit,https://job-boards.greenhouse.io/reddit,CANDIDATE,NAME_EXACT,"exact normalized name match, no domain evidence; inspect",false,,LEGACY_SUPPORTED,MULTI_SOURCE_CANDIDATE
EMP-11059,Revvity,,USA,ats-scrapers,6b44a1badc9bfbf5cf176f75265cc5729e520e99,workday,Revvity,revvity/external,https://revvity.wd103.myworkdayjobs.com/external,CANDIDATE,NAME_EXACT,"exact normalized name match, no domain evidence; inspect",false,,LEGACY_SUPPORTED,SINGLE_SOURCE_CANDIDATE
EMP-11061,"Rollins, Inc.",,USA,ats-scrapers,6b44a1badc9bfbf5cf176f75265cc5729e520e99,icims,rollins,rollins,https://careers-rollins.icims.com,CANDIDATE,NAME_EXACT,"exact normalized name match, no domain evidence; inspect",false,,UNSUPPORTED,SINGLE_SOURCE_CANDIDATE
EMP-11064,Royal Caribbean Group,,USA,ats-scrapers,6b44a1badc9bfbf5cf176f75265cc5729e520e99,successfactors,Royal Caribbean Group,royalcarib,https://career4.successfactors.com/career?company=royalcarib,CANDIDATE,NAME_EXACT,"exact normalized name match, no domain evidence; inspect",false,,LEGACY_SUPPORTED,SINGLE_SOURCE_CANDIDATE
EMP-11070,Sherwin-Williams,,USA,ats-scrapers,6b44a1badc9bfbf5cf176f75265cc5729e520e99,oracle,Sherwin-Williams,ejhp,https://ejhp.fa.us6.oraclecloud.com/hcmUI/CandidateExperience/en/sites/CX_1,CANDIDATE,NAME_EXACT,"exact normalized name match, no domain evidence; inspect",false,,LEGACY_SUPPORTED,MULTI_SOURCE_CANDIDATE
EMP-11070,Sherwin-Williams,,USA,ats-scrapers,6b44a1badc9bfbf5cf176f75265cc5729e520e99,smartrecruiters,Sherwin-Williams,sherwinwilliams,https://careers.smartrecruiters.com/sherwinwilliams,CANDIDATE,NAME_EXACT,"exact normalized name match, no domain evidence; inspect",false,,LEGACY_SUPPORTED,MULTI_SOURCE_CANDIDATE
EMP-11072,Smurfit Westrock,,USA,ats-scrapers,6b44a1badc9bfbf5cf176f75265cc5729e520e99,avature,Smurfit Westrock,smurfitwestrockta,https://smurfitwestrockta.avature.net/careers/SearchJobs,CANDIDATE,NAME_EXACT,"exact normalized name match, no domain evidence; inspect",false,,LEGACY_SUPPORTED,SINGLE_SOURCE_CANDIDATE
EMP-11073,Snap-on,,USA,ats-scrapers,6b44a1badc9bfbf5cf176f75265cc5729e520e99,icims,Snap-on,snapon,https://careers-snapon.icims.com,CANDIDATE,NAME_EXACT,"exact normalized name match, no domain evidence; inspect",false,,UNSUPPORTED,SINGLE_SOURCE_CANDIDATE
EMP-11075,Starbucks,,USA,ats-scrapers,6b44a1badc9bfbf5cf176f75265cc5729e520e99,eightfold,Starbucks,starbucks,https://starbucks.eightfold.ai/careers,CANDIDATE,NAME_EXACT,"exact normalized name match, no domain evidence; inspect",false,,DECLARATIVE_SUPPORTED,MULTI_SOURCE_CANDIDATE
EMP-11075,Starbucks,,USA,ats-scrapers,6b44a1badc9bfbf5cf176f75265cc5729e520e99,smartrecruiters,Starbucks,StarbucksAU,https://careers.smartrecruiters.com/StarbucksAU,CANDIDATE,NAME_EXACT,"exact normalized name match, no domain evidence; inspect",false,,LEGACY_SUPPORTED,MULTI_SOURCE_CANDIDATE
EMP-11075,Starbucks,,USA,ats-scrapers,6b44a1badc9bfbf5cf176f75265cc5729e520e99,smartrecruiters,Starbucks,starbucks,https://careers.smartrecruiters.com/starbucks,CANDIDATE,NAME_EXACT,"exact normalized name match, no domain evidence; inspect",false,,LEGACY_SUPPORTED,MULTI_SOURCE_CANDIDATE
EMP-11075,Starbucks,,USA,ats-scrapers,6b44a1badc9bfbf5cf176f75265cc5729e520e99,successfactors,Starbucks,careers,https://careers.starbucks.in,CANDIDATE,NAME_EXACT,"exact normalized name match, no domain evidence; inspect",false,,LEGACY_SUPPORTED,MULTI_SOURCE_CANDIDATE
EMP-11079,Synchrony Financial,,USA,ats-scrapers,6b44a1badc9bfbf5cf176f75265cc5729e520e99,workday,Synchronyfinancial,synchronyfinancial/careers,https://synchronyfinancial.wd5.myworkdayjobs.com/careers,CANDIDATE,NAME_EXACT,"exact normalized name match, no domain evidence; inspect",false,,LEGACY_SUPPORTED,SINGLE_SOURCE_CANDIDATE
EMP-11080,Sysco,,USA,ats-scrapers,6b44a1badc9bfbf5cf176f75265cc5729e520e99,workday,Sysco,sysco/syscocareers,https://sysco.wd5.myworkdayjobs.com/syscocareers,CANDIDATE,NAME_EXACT,"exact normalized name match, no domain evidence; inspect",false,,LEGACY_SUPPORTED,SINGLE_SOURCE_CANDIDATE
EMP-11082,T. Rowe Price,,USA,ats-scrapers,6b44a1badc9bfbf5cf176f75265cc5729e520e99,workday,T. Rowe Price,troweprice/troweprice,https://troweprice.wd5.myworkdayjobs.com/troweprice,CANDIDATE,NAME_EXACT,"exact normalized name match, no domain evidence; inspect",false,,LEGACY_SUPPORTED,SINGLE_SOURCE_CANDIDATE
EMP-11083,"Tapestry, Inc.",,USA,ats-scrapers,6b44a1badc9bfbf5cf176f75265cc5729e520e99,workday,Tapestry,tapestry/Tapestry_Careers,https://tapestry.wd108.myworkdayjobs.com/Tapestry_Careers,CANDIDATE,NAME_EXACT,"exact normalized name match, no domain evidence; inspect",false,,LEGACY_SUPPORTED,SINGLE_SOURCE_CANDIDATE
EMP-11092,Trade Desk,,USA,ats-scrapers,6b44a1badc9bfbf5cf176f75265cc5729e520e99,workday,Trade Desk,thetradedesk/ttdexternalsite,https://thetradedesk.wd5.myworkdayjobs.com/ttdexternalsite,CANDIDATE,NAME_EXACT,"exact normalized name match, no domain evidence; inspect",false,,LEGACY_SUPPORTED,SINGLE_SOURCE_CANDIDATE
EMP-11093,Trane Technologies,,USA,ats-scrapers,6b44a1badc9bfbf5cf176f75265cc5729e520e99,workday,Trane Technologies,tranetechnologies/trane_technologies_careers,https://tranetechnologies.wd12.myworkdayjobs.com/Trane_Technologies_Careers,CANDIDATE,NAME_EXACT,"exact normalized name match, no domain evidence; inspect",false,,LEGACY_SUPPORTED,SINGLE_SOURCE_CANDIDATE
EMP-11095,Trimble Inc.,,USA,ats-scrapers,6b44a1badc9bfbf5cf176f75265cc5729e520e99,eightfold,Trimble,trimble,https://trimble.eightfold.ai/careers,CANDIDATE,NAME_EXACT,"exact normalized name match, no domain evidence; inspect",false,,DECLARATIVE_SUPPORTED,MULTI_SOURCE_CANDIDATE
EMP-11095,Trimble Inc.,,USA,ats-scrapers,6b44a1badc9bfbf5cf176f75265cc5729e520e99,smartrecruiters,Trimble,trimble,https://careers.smartrecruiters.com/trimble,CANDIDATE,NAME_EXACT,"exact normalized name match, no domain evidence; inspect",false,,LEGACY_SUPPORTED,MULTI_SOURCE_CANDIDATE
EMP-11095,Trimble Inc.,,USA,ats-scrapers,6b44a1badc9bfbf5cf176f75265cc5729e520e99,workday,Trimble,trimble/trimblecareers,https://trimble.wd1.myworkdayjobs.com/trimblecareers,CANDIDATE,NAME_EXACT,"exact normalized name match, no domain evidence; inspect",false,,LEGACY_SUPPORTED,MULTI_SOURCE_CANDIDATE
EMP-11096,Tyler Technologies,,USA,ats-scrapers,6b44a1badc9bfbf5cf176f75265cc5729e520e99,jobvite,Tyler Technologies,tylertech,https://jobs.jobvite.com/tylertech,CANDIDATE,NAME_EXACT,"exact normalized name match, no domain evidence; inspect",false,,UNSUPPORTED,SINGLE_SOURCE_CANDIDATE
EMP-11097,Tyson Foods,,USA,ats-scrapers,6b44a1badc9bfbf5cf176f75265cc5729e520e99,workday,Tysonfoods,tysonfoods/cvt,https://tysonfoods.wd5.myworkdayjobs.com/cvt,CANDIDATE,NAME_EXACT,"exact normalized name match, no domain evidence; inspect",false,,LEGACY_SUPPORTED,SINGLE_SOURCE_CANDIDATE
EMP-11103,Universal Health Services,,USA,ats-scrapers,6b44a1badc9bfbf5cf176f75265cc5729e520e99,icims,Universal Health Services,universalhealthservices,https://careers-universalhealthservices.icims.com,CANDIDATE,NAME_EXACT,"exact normalized name match, no domain evidence; inspect",false,,UNSUPPORTED,SINGLE_SOURCE_CANDIDATE
EMP-11105,Veeva Systems,,USA,ats-scrapers,6b44a1badc9bfbf5cf176f75265cc5729e520e99,join_com,Veeva Systems,veeva,https://join.com/companies/veeva,CANDIDATE,NAME_EXACT,"exact normalized name match, no domain evidence; inspect",false,,UNSUPPORTED,MULTI_SOURCE_CANDIDATE
EMP-11105,Veeva Systems,,USA,ats-scrapers,6b44a1badc9bfbf5cf176f75265cc5729e520e99,lever,Veeva Systems,veeva,https://jobs.lever.co/veeva,CANDIDATE,NAME_EXACT,"exact normalized name match, no domain evidence; inspect",false,,LEGACY_SUPPORTED,MULTI_SOURCE_CANDIDATE
EMP-11106,Ventas,,USA,ats-scrapers,6b44a1badc9bfbf5cf176f75265cc5729e520e99,workday,Ventas,ventas/ventas_careers,https://ventas.wd503.myworkdayjobs.com/ventas_careers,CANDIDATE,NAME_EXACT,"exact normalized name match, no domain evidence; inspect",false,,LEGACY_SUPPORTED,SINGLE_SOURCE_CANDIDATE
EMP-11107,Veralto,,USA,ats-scrapers,6b44a1badc9bfbf5cf176f75265cc5729e520e99,phenom,Veralto,,https://jobs.veralto.com,CANDIDATE,NAME_EXACT,"exact normalized name match, no domain evidence; inspect",false,,LEGACY_SUPPORTED,MULTI_SOURCE_CANDIDATE
EMP-11107,Veralto,,USA,ats-scrapers,6b44a1badc9bfbf5cf176f75265cc5729e520e99,workday,Veralto,veralto/veraltocorporatejobs,https://veralto.wd1.myworkdayjobs.com/veraltocorporatejobs,CANDIDATE,NAME_EXACT,"exact normalized name match, no domain evidence; inspect",false,,LEGACY_SUPPORTED,MULTI_SOURCE_CANDIDATE
EMP-11108,Verisign,,USA,ats-scrapers,6b44a1badc9bfbf5cf176f75265cc5729e520e99,greenhouse,Verisign,verisign,https://job-boards.greenhouse.io/verisign,CANDIDATE,NAME_EXACT,"exact normalized name match, no domain evidence; inspect",false,,LEGACY_SUPPORTED,MULTI_SOURCE_CANDIDATE
EMP-11108,Verisign,,USA,ats-scrapers,6b44a1badc9bfbf5cf176f75265cc5729e520e99,smartrecruiters,Verisign,verisign,https://careers.smartrecruiters.com/verisign,CANDIDATE,NAME_EXACT,"exact normalized name match, no domain evidence; inspect",false,,LEGACY_SUPPORTED,MULTI_SOURCE_CANDIDATE
EMP-11111,Vertiv,,USA,ats-scrapers,6b44a1badc9bfbf5cf176f75265cc5729e520e99,oracle,Vertiv,egup,https://egup.fa.us2.oraclecloud.com/hcmUI/CandidateExperience/en/sites/CX_1,CANDIDATE,NAME_EXACT,"exact normalized name match, no domain evidence; inspect",false,,LEGACY_SUPPORTED,SINGLE_SOURCE_CANDIDATE
EMP-11112,Viatris,,USA,ats-scrapers,6b44a1badc9bfbf5cf176f75265cc5729e520e99,workday,Viatris,viatris/external,https://viatris.wd5.myworkdayjobs.com/external,CANDIDATE,NAME_EXACT,"exact normalized name match, no domain evidence; inspect",false,,LEGACY_SUPPORTED,SINGLE_SOURCE_CANDIDATE
EMP-11114,Vistra Corp.,,USA,ats-scrapers,6b44a1badc9bfbf5cf176f75265cc5729e520e99,successfactors,Vistra,careers,https://careers.vistra.com,CANDIDATE,NAME_EXACT,"exact normalized name match, no domain evidence; inspect",false,,LEGACY_SUPPORTED,SINGLE_SOURCE_CANDIDATE
EMP-11119,Wabtec,,USA,ats-scrapers,6b44a1badc9bfbf5cf176f75265cc5729e520e99,smartrecruiters,Wabtec,wabtec,https://careers.smartrecruiters.com/wabtec,CANDIDATE,NAME_EXACT,"exact normalized name match, no domain evidence; inspect",false,,LEGACY_SUPPORTED,SINGLE_SOURCE_CANDIDATE
EMP-11121,Waste Management,,USA,ats-scrapers,6b44a1badc9bfbf5cf176f75265cc5729e520e99,smartrecruiters,Waste Management,wastemanagement8,https://careers.smartrecruiters.com/wastemanagement8,CANDIDATE,NAME_EXACT,"exact normalized name match, no domain evidence; inspect",false,,LEGACY_SUPPORTED,SINGLE_SOURCE_CANDIDATE
EMP-11122,Waters Corporation,,USA,ats-scrapers,6b44a1badc9bfbf5cf176f75265cc5729e520e99,icims,Waters Corporation,https://internationalcareers-waters.icims.com,https://internationalcareers-waters.icims.com,CANDIDATE,NAME_EXACT,"exact normalized name match, no domain evidence; inspect",false,,UNSUPPORTED,MULTI_SOURCE_CANDIDATE
EMP-11122,Waters Corporation,,USA,ats-scrapers,6b44a1badc9bfbf5cf176f75265cc5729e520e99,icims,Waters Corporation,https://tacareers-waters.icims.com,https://tacareers-waters.icims.com,CANDIDATE,NAME_EXACT,"exact normalized name match, no domain evidence; inspect",false,,UNSUPPORTED,MULTI_SOURCE_CANDIDATE
EMP-11122,Waters Corporation,,USA,ats-scrapers,6b44a1badc9bfbf5cf176f75265cc5729e520e99,icims,Waters Corporation,https://uscareers-waters.icims.com,https://uscareers-waters.icims.com,CANDIDATE,NAME_EXACT,"exact normalized name match, no domain evidence; inspect",false,,UNSUPPORTED,MULTI_SOURCE_CANDIDATE
EMP-11124,Welltower,,USA,ats-scrapers,6b44a1badc9bfbf5cf176f75265cc5729e520e99,ukg,Welltower,https://recruiting.ultipro.com/WEL1008WLLT/JobBoard/30969ce4-3b7e-40a6-b86c-34d3616fe0ed,https://recruiting.ultipro.com/WEL1008WLLT/JobBoard/30969ce4-3b7e-40a6-b86c-34d3616fe0ed,CANDIDATE,NAME_EXACT,"exact normalized name match, no domain evidence; inspect",false,,UNSUPPORTED,SINGLE_SOURCE_CANDIDATE
EMP-11126,Western Digital,,USA,ats-scrapers,6b44a1badc9bfbf5cf176f75265cc5729e520e99,smartrecruiters,Western Digital,westerndigital,https://careers.smartrecruiters.com/westerndigital,CANDIDATE,NAME_EXACT,"exact normalized name match, no domain evidence; inspect",false,,LEGACY_SUPPORTED,SINGLE_SOURCE_CANDIDATE
EMP-11129,"Williams-Sonoma, Inc.",,USA,ats-scrapers,6b44a1badc9bfbf5cf176f75265cc5729e520e99,oracle,Williams-Sonoma,ehac,https://ehac.fa.us6.oraclecloud.com/hcmUI/CandidateExperience/en/sites/CX_1,CANDIDATE,NAME_EXACT,"exact normalized name match, no domain evidence; inspect",false,,LEGACY_SUPPORTED,MULTI_SOURCE_CANDIDATE
EMP-11129,"Williams-Sonoma, Inc.",,USA,ats-scrapers,6b44a1badc9bfbf5cf176f75265cc5729e520e99,smartrecruiters,Williams-Sonoma,williams-sonoma,https://careers.smartrecruiters.com/williams-sonoma,CANDIDATE,NAME_EXACT,"exact normalized name match, no domain evidence; inspect",false,,LEGACY_SUPPORTED,MULTI_SOURCE_CANDIDATE
EMP-11129,"Williams-Sonoma, Inc.",,USA,ats-scrapers,6b44a1badc9bfbf5cf176f75265cc5729e520e99,smartrecruiters,Williams-Sonoma,williamssonoma,https://careers.smartrecruiters.com/williamssonoma,CANDIDATE,NAME_EXACT,"exact normalized name match, no domain evidence; inspect",false,,LEGACY_SUPPORTED,MULTI_SOURCE_CANDIDATE
EMP-11132,Xylem Inc.,,USA,ats-scrapers,6b44a1badc9bfbf5cf176f75265cc5729e520e99,join_com,Xylem,xylem,https://join.com/companies/xylem,CANDIDATE,NAME_EXACT,"exact normalized name match, no domain evidence; inspect",false,,UNSUPPORTED,MULTI_SOURCE_CANDIDATE
EMP-11132,Xylem Inc.,,USA,ats-scrapers,6b44a1badc9bfbf5cf176f75265cc5729e520e99,workday,Xylem,xylem/xylem-careers,https://xylem.wd5.myworkdayjobs.com/xylem-careers,CANDIDATE,NAME_EXACT,"exact normalized name match, no domain evidence; inspect",false,,LEGACY_SUPPORTED,MULTI_SOURCE_CANDIDATE
EMP-11134,Zimmer Biomet,,USA,ats-scrapers,6b44a1badc9bfbf5cf176f75265cc5729e520e99,phenom,Zimmer Biomet,,https://careers.zimmerbiomet.com,CANDIDATE,NAME_EXACT,"exact normalized name match, no domain evidence; inspect",false,,LEGACY_SUPPORTED,SINGLE_SOURCE_CANDIDATE
EMP-11135,Zoetis,,USA,ats-scrapers,6b44a1badc9bfbf5cf176f75265cc5729e520e99,workday,Zoetis,zoetis/zoetis,https://zoetis.wd5.myworkdayjobs.com/zoetis,CANDIDATE,NAME_EXACT,"exact normalized name match, no domain evidence; inspect",false,,LEGACY_SUPPORTED,MULTI_SOURCE_CANDIDATE
EMP-11135,Zoetis,,USA,ats-scrapers,6b44a1badc9bfbf5cf176f75265cc5729e520e99,workday,Zoetis,zoetis/zoetis_intl,https://zoetis.wd5.myworkdayjobs.com/zoetis_intl,CANDIDATE,NAME_EXACT,"exact normalized name match, no domain evidence; inspect",false,,LEGACY_SUPPORTED,MULTI_SOURCE_CANDIDATE
EMP-11136,Cummins,cummins.com,USA,ats-scrapers,6b44a1badc9bfbf5cf176f75265cc5729e520e99,oracle,Cummins,fa-espx-saasfaprod1/cx_1007,https://fa-espx-saasfaprod1.fa.ocs.oraclecloud.com/hcmUI/CandidateExperience/en/sites/cx_1007,CANDIDATE,NAME_EXACT,"exact normalized name match, no domain evidence; inspect",false,,LEGACY_SUPPORTED,SINGLE_SOURCE_CANDIDATE
EMP-11137,Huntington Ingalls Industries,hii.com,USA,ats-scrapers,6b44a1badc9bfbf5cf176f75265cc5729e520e99,successfactors,HII - Build Your Career,huntingt01P2,https://careers.huntingtoningalls.com,HIGH_CONFIDENCE,URL_EXACT,internal resolved portal URL equals external board URL,false,,LEGACY_SUPPORTED,SINGLE_SOURCE_CANDIDATE
EMP-11138,Nucor,nucor.com,USA,ats-scrapers,6b44a1badc9bfbf5cf176f75265cc5729e520e99,successfactors,Nucor,jobs,https://jobs.nucor.com,CANDIDATE,NAME_EXACT,"exact normalized name match, no domain evidence; inspect",false,,LEGACY_SUPPORTED,SINGLE_SOURCE_CANDIDATE
EMP-11139,Truist Financial,truist.com,USA,ats-scrapers,6b44a1badc9bfbf5cf176f75265cc5729e520e99,workday,Truist,truist/careers,https://truist.wd1.myworkdayjobs.com/careers,HIGH_CONFIDENCE,SLUG_PLUS_NAME,board slug/host token equals domain company token + compatible names,false,,LEGACY_SUPPORTED,SINGLE_SOURCE_CANDIDATE
EMP-11144,Wiz,,USA,ats-scrapers,6b44a1badc9bfbf5cf176f75265cc5729e520e99,ashby,Wiz,wiz,https://jobs.ashbyhq.com/wiz,CANDIDATE,NAME_EXACT,"exact normalized name match, no domain evidence; inspect",false,,LEGACY_SUPPORTED,SINGLE_SOURCE_CANDIDATE
EMP-11145,Charter Communications,corporate.charter.com,USA,ats-scrapers,6b44a1badc9bfbf5cf176f75265cc5729e520e99,bamboohr,charter,charter,https://charter.bamboohr.com/careers,HIGH_CONFIDENCE,SLUG_PLUS_NAME,board slug/host token equals domain company token + compatible names,false,,UNSUPPORTED,SINGLE_SOURCE_CANDIDATE
EMP-11146,Broadcom,broadcom.com,USA,ats-scrapers,6b44a1badc9bfbf5cf176f75265cc5729e520e99,workday,Broadcom,broadcom/external_career,https://broadcom.wd1.myworkdayjobs.com/external_career,HIGH_CONFIDENCE,SLUG_PLUS_NAME,board slug/host token equals domain company token + compatible names,false,,LEGACY_SUPPORTED,SINGLE_SOURCE_CANDIDATE
EMP-11156,Accenture Federal Services,accenture.com,USA,ats-scrapers,6b44a1badc9bfbf5cf176f75265cc5729e520e99,bamboohr,accenture,accenture,https://accenture.bamboohr.com/careers,HIGH_CONFIDENCE,SLUG_PLUS_NAME,board slug/host token equals domain company token + compatible names,false,,UNSUPPORTED,MULTI_SOURCE_CANDIDATE
EMP-11156,Accenture Federal Services,accenture.com,USA,ats-scrapers,6b44a1badc9bfbf5cf176f75265cc5729e520e99,breezy,Accenture,accenture,https://accenture.breezy.hr,HIGH_CONFIDENCE,SLUG_PLUS_NAME,board slug/host token equals domain company token + compatible names,false,,UNSUPPORTED,MULTI_SOURCE_CANDIDATE
EMP-11156,Accenture Federal Services,accenture.com,USA,ats-scrapers,6b44a1badc9bfbf5cf176f75265cc5729e520e99,greenhouse,Accenture Federal Services,accenturefederalservices,https://job-boards.greenhouse.io/accenturefederalservices,CANDIDATE,NAME_EXACT,"exact normalized name match, no domain evidence; inspect",false,,LEGACY_SUPPORTED,MULTI_SOURCE_CANDIDATE
EMP-11156,Accenture Federal Services,accenture.com,USA,ats-scrapers,6b44a1badc9bfbf5cf176f75265cc5729e520e99,join_com,Accenture,accenture,https://join.com/companies/accenture,HIGH_CONFIDENCE,SLUG_PLUS_NAME,board slug/host token equals domain company token + compatible names,false,,UNSUPPORTED,MULTI_SOURCE_CANDIDATE
EMP-11156,Accenture Federal Services,accenture.com,USA,ats-scrapers,6b44a1badc9bfbf5cf176f75265cc5729e520e99,pinpoint,Accenture,accenture,https://accenture.pinpointhq.com,HIGH_CONFIDENCE,SLUG_PLUS_NAME,board slug/host token equals domain company token + compatible names,false,,UNSUPPORTED,MULTI_SOURCE_CANDIDATE
EMP-11156,Accenture Federal Services,accenture.com,USA,ats-scrapers,6b44a1badc9bfbf5cf176f75265cc5729e520e99,smartrecruiters,accenture,accenture,https://careers.smartrecruiters.com/accenture,HIGH_CONFIDENCE,SLUG_PLUS_NAME,board slug/host token equals domain company token + compatible names,false,,LEGACY_SUPPORTED,MULTI_SOURCE_CANDIDATE
EMP-11156,Accenture Federal Services,accenture.com,USA,ats-scrapers,6b44a1badc9bfbf5cf176f75265cc5729e520e99,smartrecruiters,Accenture Federal Services,accenturefederalservices,https://careers.smartrecruiters.com/accenturefederalservices,CANDIDATE,NAME_EXACT,"exact normalized name match, no domain evidence; inspect",false,,LEGACY_SUPPORTED,MULTI_SOURCE_CANDIDATE
EMP-11156,Accenture Federal Services,accenture.com,USA,ats-scrapers,6b44a1badc9bfbf5cf176f75265cc5729e520e99,workable,Accenture,accenture,https://apply.workable.com/accenture,HIGH_CONFIDENCE,SLUG_PLUS_NAME,board slug/host token equals domain company token + compatible names,false,,UNSUPPORTED,MULTI_SOURCE_CANDIDATE
EMP-11156,Accenture Federal Services,accenture.com,USA,ats-scrapers,6b44a1badc9bfbf5cf176f75265cc5729e520e99,workday,Accenture (AvanadeLeadershipCareers),accenture/AvanadeLeadershipCareers,https://accenture.wd103.myworkdayjobs.com/AvanadeLeadershipCareers,CANDIDATE,SLUG,board slug/host token equals domain company token but names differ; inspect,false,,LEGACY_SUPPORTED,MULTI_SOURCE_CANDIDATE
EMP-11156,Accenture Federal Services,accenture.com,USA,ats-scrapers,6b44a1badc9bfbf5cf176f75265cc5729e520e99,workday,Accenture,accenture/accenturecareers,https://accenture.wd103.myworkdayjobs.com/accenturecareers,HIGH_CONFIDENCE,SLUG_PLUS_NAME,board slug/host token equals domain company token + compatible names,false,,LEGACY_SUPPORTED,MULTI_SOURCE_CANDIDATE
EMP-11156,Accenture Federal Services,accenture.com,USA,ats-scrapers,6b44a1badc9bfbf5cf176f75265cc5729e520e99,workday,Avanade,accenture/avanadecareers,https://accenture.wd103.myworkdayjobs.com/avanadecareers,CANDIDATE,SLUG,board slug/host token equals domain company token but names differ; inspect,false,,LEGACY_SUPPORTED,MULTI_SOURCE_CANDIDATE
EMP-11162,ACT1 Federal LLC,,USA,ats-scrapers,6b44a1badc9bfbf5cf176f75265cc5729e520e99,workable,ACT1 Federal,act1federal,https://apply.workable.com/act1federal,CANDIDATE,NAME_EXACT,"exact normalized name match, no domain evidence; inspect",false,,UNSUPPORTED,SINGLE_SOURCE_CANDIDATE
EMP-11169,"ADS, Inc.",,USA,ats-scrapers,6b44a1badc9bfbf5cf176f75265cc5729e520e99,join_com,ADS,ads-bricolage,https://join.com/companies/ads-bricolage,CANDIDATE,NAME_EXACT,"exact normalized name match, no domain evidence; inspect",false,,UNSUPPORTED,MULTI_SOURCE_CANDIDATE
EMP-11169,"ADS, Inc.",,USA,ats-scrapers,6b44a1badc9bfbf5cf176f75265cc5729e520e99,personio,ads,ads,https://ads.jobs.personio.com,CANDIDATE,NAME_EXACT,"exact normalized name match, no domain evidence; inspect",false,,UNSUPPORTED,MULTI_SOURCE_CANDIDATE
EMP-11190,AI Squared,,USA,ats-scrapers,6b44a1badc9bfbf5cf176f75265cc5729e520e99,greenhouse,AI Squared,aisquared,https://job-boards.greenhouse.io/aisquared,CANDIDATE,NAME_EXACT,"exact normalized name match, no domain evidence; inspect",false,,LEGACY_SUPPORTED,SINGLE_SOURCE_CANDIDATE
EMP-11195,"Airbus U.S. Space & Defense, Inc.",airbus.com,USA,ats-scrapers,6b44a1badc9bfbf5cf176f75265cc5729e520e99,bamboohr,airbus,airbus,https://airbus.bamboohr.com/careers,HIGH_CONFIDENCE,SLUG_PLUS_NAME,board slug/host token equals domain company token + compatible names,false,,UNSUPPORTED,SINGLE_SOURCE_CANDIDATE
EMP-11196,AIRCO,,USA,ats-scrapers,6b44a1badc9bfbf5cf176f75265cc5729e520e99,greenhouse,AIRCO,aircompany,https://job-boards.greenhouse.io/aircompany,CANDIDATE,NAME_EXACT,"exact normalized name match, no domain evidence; inspect",false,,LEGACY_SUPPORTED,SINGLE_SOURCE_CANDIDATE
EMP-11210,Allen Control Systems,,USA,ats-scrapers,6b44a1badc9bfbf5cf176f75265cc5729e520e99,greenhouse,Allen Control Systems,allencontrolsystems,https://job-boards.greenhouse.io/allencontrolsystems,CANDIDATE,NAME_EXACT,"exact normalized name match, no domain evidence; inspect",false,,LEGACY_SUPPORTED,SINGLE_SOURCE_CANDIDATE
EMP-11215,"Alluvionic, Inc.",,USA,ats-scrapers,6b44a1badc9bfbf5cf176f75265cc5729e520e99,jazzhr,Alluvionic,alluvionic,https://alluvionic.applytojob.com,CANDIDATE,NAME_EXACT,"exact normalized name match, no domain evidence; inspect",false,,UNSUPPORTED,SINGLE_SOURCE_CANDIDATE
EMP-11227,American Systems,,USA,ats-scrapers,6b44a1badc9bfbf5cf176f75265cc5729e520e99,icims,AMERICAN SYSTEMS,americansystems,https://careers-americansystems.icims.com,CANDIDATE,NAME_EXACT,"exact normalized name match, no domain evidence; inspect",false,,UNSUPPORTED,MULTI_SOURCE_CANDIDATE
EMP-11227,American Systems,,USA,ats-scrapers,6b44a1badc9bfbf5cf176f75265cc5729e520e99,icims,AMERICAN SYSTEMS,epsilon,https://careers-epsilon.icims.com,CANDIDATE,NAME_EXACT,"exact normalized name match, no domain evidence; inspect",false,,UNSUPPORTED,MULTI_SOURCE_CANDIDATE
EMP-11238,Anduril Industries,,USA,ats-scrapers,6b44a1badc9bfbf5cf176f75265cc5729e520e99,greenhouse,Anduril Industries,andurilindustries,https://job-boards.greenhouse.io/andurilindustries,CANDIDATE,NAME_EXACT,"exact normalized name match, no domain evidence; inspect",false,,LEGACY_SUPPORTED,SINGLE_SOURCE_CANDIDATE
EMP-11243,BAE Systems OneARC,baesystems.com,USA,ats-scrapers,6b44a1badc9bfbf5cf176f75265cc5729e520e99,bamboohr,baesystems,baesystems,https://baesystems.bamboohr.com/careers,HIGH_CONFIDENCE,SLUG_PLUS_NAME,board slug/host token equals domain company token + compatible names,false,,UNSUPPORTED,SINGLE_SOURCE_CANDIDATE
EMP-11245,Baker Tilly,,USA,ats-scrapers,6b44a1badc9bfbf5cf176f75265cc5729e520e99,bamboohr,bakertilly,bakertilly,https://bakertilly.bamboohr.com/careers,CANDIDATE,NAME_EXACT,"exact normalized name match, no domain evidence; inspect",false,,UNSUPPORTED,MULTI_SOURCE_CANDIDATE
EMP-11245,Baker Tilly,,USA,ats-scrapers,6b44a1badc9bfbf5cf176f75265cc5729e520e99,join_com,Baker Tilly,bakertilly,https://join.com/companies/bakertilly,CANDIDATE,NAME_EXACT,"exact normalized name match, no domain evidence; inspect",false,,UNSUPPORTED,MULTI_SOURCE_CANDIDATE
EMP-11245,Baker Tilly,,USA,ats-scrapers,6b44a1badc9bfbf5cf176f75265cc5729e520e99,teamtailor,Baker Tilly,bakertilly,https://bakertilly.teamtailor.com,CANDIDATE,NAME_EXACT,"exact normalized name match, no domain evidence; inspect",false,,UNSUPPORTED,MULTI_SOURCE_CANDIDATE
EMP-11245,Baker Tilly,,USA,ats-scrapers,6b44a1badc9bfbf5cf176f75265cc5729e520e99,workday,Baker Tilly,bakertilly/btcareers,https://bakertilly.wd5.myworkdayjobs.com/btcareers,CANDIDATE,NAME_EXACT,"exact normalized name match, no domain evidence; inspect",false,,LEGACY_SUPPORTED,MULTI_SOURCE_CANDIDATE
EMP-11262,Beehive Industries,,USA,ats-scrapers,6b44a1badc9bfbf5cf176f75265cc5729e520e99,rippling,Beehive Industries,beehive-industries,https://ats.rippling.com/beehive-industries/jobs,CANDIDATE,NAME_EXACT,"exact normalized name match, no domain evidence; inspect",false,,UNSUPPORTED,SINGLE_SOURCE_CANDIDATE
EMP-11285,"Blue Sky Innovators, Inc.",,USA,ats-scrapers,6b44a1badc9bfbf5cf176f75265cc5729e520e99,greenhouse,Blue Sky Innovators,blueskyinnovators,https://job-boards.greenhouse.io/blueskyinnovators,CANDIDATE,NAME_EXACT,"exact normalized name match, no domain evidence; inspect",false,,LEGACY_SUPPORTED,MULTI_SOURCE_CANDIDATE
EMP-11285,"Blue Sky Innovators, Inc.",,USA,ats-scrapers,6b44a1badc9bfbf5cf176f75265cc5729e520e99,smartrecruiters,Blue Sky Innovators,blueskyinnovators,https://careers.smartrecruiters.com/blueskyinnovators,CANDIDATE,NAME_EXACT,"exact normalized name match, no domain evidence; inspect",false,,LEGACY_SUPPORTED,MULTI_SOURCE_CANDIDATE
EMP-11292,BluestoneLogic,,USA,ats-scrapers,6b44a1badc9bfbf5cf176f75265cc5729e520e99,recruitee,BluestoneLogic,bluestonelogic,https://bluestonelogic.recruitee.com,CANDIDATE,NAME_EXACT,"exact normalized name match, no domain evidence; inspect",false,,UNSUPPORTED,SINGLE_SOURCE_CANDIDATE
EMP-11308,"BryceTech, LLC",,USA,ats-scrapers,6b44a1badc9bfbf5cf176f75265cc5729e520e99,smartrecruiters,BryceTech,brycetech,https://careers.smartrecruiters.com/brycetech,CANDIDATE,NAME_EXACT,"exact normalized name match, no domain evidence; inspect",false,,LEGACY_SUPPORTED,SINGLE_SOURCE_CANDIDATE
EMP-11315,C3 Integrated Solutions,,USA,ats-scrapers,6b44a1badc9bfbf5cf176f75265cc5729e520e99,greenhouse,C3 Integrated Solutions,c3integratedsolutions,https://job-boards.greenhouse.io/c3integratedsolutions,CANDIDATE,NAME_EXACT,"exact normalized name match, no domain evidence; inspect",false,,LEGACY_SUPPORTED,SINGLE_SOURCE_CANDIDATE
EMP-11365,Cloudera,,USA,ats-scrapers,6b44a1badc9bfbf5cf176f75265cc5729e520e99,workday,Cloudera,cloudera/external_career,https://cloudera.wd5.myworkdayjobs.com/external_career,CANDIDATE,NAME_EXACT,"exact normalized name match, no domain evidence; inspect",false,,LEGACY_SUPPORTED,SINGLE_SOURCE_CANDIDATE
EMP-11367,Coalfire Federal,,USA,ats-scrapers,6b44a1badc9bfbf5cf176f75265cc5729e520e99,icims,Coalfire Federal,https://federal-coalfire.icims.com,https://federal-coalfire.icims.com,CANDIDATE,NAME_EXACT,"exact normalized name match, no domain evidence; inspect",false,,UNSUPPORTED,SINGLE_SOURCE_CANDIDATE
EMP-11390,Concurrent Technologies Corporation,,USA,ats-scrapers,6b44a1badc9bfbf5cf176f75265cc5729e520e99,breezy,Concurrent Technologies Corporation,concurrent-technologies-corporation,https://concurrent-technologies-corporation.breezy.hr,CANDIDATE,NAME_EXACT,"exact normalized name match, no domain evidence; inspect",false,,UNSUPPORTED,SINGLE_SOURCE_CANDIDATE
EMP-11402,"Cornerstone Government Affairs, Inc.",,USA,ats-scrapers,6b44a1badc9bfbf5cf176f75265cc5729e520e99,paycom,CORNERSTONE GOVERNMENT AFFAIRS INC,f1bc0d33ec9f016a4de8354d6c4d3e20,https://paycomonline.net/v4/ats/web.php/portal/f1bc0d33ec9f016a4de8354d6c4d3e20/career-page,CANDIDATE,NAME_EXACT,"exact normalized name match, no domain evidence; inspect",false,,UNSUPPORTED,SINGLE_SOURCE_CANDIDATE
EMP-11423,Cubic Corporation,,USA,ats-scrapers,6b44a1badc9bfbf5cf176f75265cc5729e520e99,ashby,Cubic³,cubic3,https://jobs.ashbyhq.com/cubic3,CANDIDATE,NAME_EXACT,"exact normalized name match, no domain evidence; inspect",false,,LEGACY_SUPPORTED,MULTI_SOURCE_CANDIDATE
EMP-11423,Cubic Corporation,,USA,ats-scrapers,6b44a1badc9bfbf5cf176f75265cc5729e520e99,workday,Cubic,cubic/cubic_usa_careers,https://cubic.wd1.myworkdayjobs.com/cubic_usa_careers,CANDIDATE,NAME_EXACT,"exact normalized name match, no domain evidence; inspect",false,,LEGACY_SUPPORTED,MULTI_SOURCE_CANDIDATE
EMP-11425,Culmen International LLC,,USA,ats-scrapers,6b44a1badc9bfbf5cf176f75265cc5729e520e99,icims,Culmen International LLC,culmen,https://careers-culmen.icims.com,CANDIDATE,NAME_EXACT,"exact normalized name match, no domain evidence; inspect",false,,UNSUPPORTED,SINGLE_SOURCE_CANDIDATE
EMP-11452,DCS Corporation,,USA,ats-scrapers,6b44a1badc9bfbf5cf176f75265cc5729e520e99,bamboohr,dcs,dcs,https://dcs.bamboohr.com/careers,CANDIDATE,NAME_EXACT,"exact normalized name match, no domain evidence; inspect",false,,UNSUPPORTED,MULTI_SOURCE_CANDIDATE
EMP-11452,DCS Corporation,,USA,ats-scrapers,6b44a1badc9bfbf5cf176f75265cc5729e520e99,taleo,DCS Corporation,https://phg.tbe.taleo.net/phg01/ats/careers/v2/searchResults?org=DCSCORP&cws=1,https://phg.tbe.taleo.net/phg01/ats/careers/v2/searchResults?org=DCSCORP&cws=1,CANDIDATE,NAME_EXACT,"exact normalized name match, no domain evidence; inspect",false,,UNSUPPORTED,MULTI_SOURCE_CANDIDATE
EMP-11452,DCS Corporation,,USA,ats-scrapers,6b44a1badc9bfbf5cf176f75265cc5729e520e99,taleo,DCS Corporation,https://phh.tbe.taleo.net/phh04/ats/careers/v2/searchResults?org=DCSCORP2&cws=37,https://phh.tbe.taleo.net/phh04/ats/careers/v2/searchResults?org=DCSCORP2&cws=37,CANDIDATE,NAME_EXACT,"exact normalized name match, no domain evidence; inspect",false,,UNSUPPORTED,MULTI_SOURCE_CANDIDATE
EMP-11461,Defense Trade Solutions,,USA,ats-scrapers,6b44a1badc9bfbf5cf176f75265cc5729e520e99,recruiterbox,Defense Trade Solutions,defensetrade,https://defensetrade.hire.trakstar.com/jobs,CANDIDATE,NAME_EXACT,"exact normalized name match, no domain evidence; inspect",false,,UNSUPPORTED,SINGLE_SOURCE_CANDIDATE
EMP-11466,Dentons,,USA,ats-scrapers,6b44a1badc9bfbf5cf176f75265cc5729e520e99,successfactors,Dentons,dentonsgro,https://careers.dentons.com,CANDIDATE,NAME_EXACT,"exact normalized name match, no domain evidence; inspect",false,,LEGACY_SUPPORTED,MULTI_SOURCE_CANDIDATE
EMP-11466,Dentons,,USA,ats-scrapers,6b44a1badc9bfbf5cf176f75265cc5729e520e99,workable,Dentons,dentons-europe,https://apply.workable.com/dentons-europe,CANDIDATE,NAME_EXACT,"exact normalized name match, no domain evidence; inspect",false,,UNSUPPORTED,MULTI_SOURCE_CANDIDATE
EMP-11470,Destinus,,USA,ats-scrapers,6b44a1badc9bfbf5cf176f75265cc5729e520e99,workable,Destinus,destinusgroup,https://apply.workable.com/destinusgroup,CANDIDATE,NAME_EXACT,"exact normalized name match, no domain evidence; inspect",false,,UNSUPPORTED,SINGLE_SOURCE_CANDIDATE
EMP-11481,Dispel LLC,,USA,ats-scrapers,6b44a1badc9bfbf5cf176f75265cc5729e520e99,workable,Dispel,dispel,https://apply.workable.com/dispel,CANDIDATE,NAME_EXACT,"exact normalized name match, no domain evidence; inspect",false,,UNSUPPORTED,SINGLE_SOURCE_CANDIDATE
EMP-11482,Ditto,,USA,ats-scrapers,6b44a1badc9bfbf5cf176f75265cc5729e520e99,ashby,Ditto,ditto,https://jobs.ashbyhq.com/ditto,CANDIDATE,NAME_EXACT,"exact normalized name match, no domain evidence; inspect",false,,LEGACY_SUPPORTED,MULTI_SOURCE_CANDIDATE
EMP-11482,Ditto,,USA,ats-scrapers,6b44a1badc9bfbf5cf176f75265cc5729e520e99,bamboohr,ditto,ditto,https://ditto.bamboohr.com/careers,CANDIDATE,NAME_EXACT,"exact normalized name match, no domain evidence; inspect",false,,UNSUPPORTED,MULTI_SOURCE_CANDIDATE
EMP-11498,Dynatrace,,USA,ats-scrapers,6b44a1badc9bfbf5cf176f75265cc5729e520e99,successfactors,Dynatrace,dynatracel,https://career41.sapsf.com/career?company=dynatracel,CANDIDATE,NAME_EXACT,"exact normalized name match, no domain evidence; inspect",false,,LEGACY_SUPPORTED,SINGLE_SOURCE_CANDIDATE
EMP-11501,"EaglePicher Technologies, LLC",,USA,ats-scrapers,6b44a1badc9bfbf5cf176f75265cc5729e520e99,icims,EaglePicher Technologies,eaglepicher,https://careers-eaglepicher.icims.com,CANDIDATE,NAME_EXACT,"exact normalized name match, no domain evidence; inspect",false,,UNSUPPORTED,SINGLE_SOURCE_CANDIDATE
EMP-11505,Echodyne Corp.,,USA,ats-scrapers,6b44a1badc9bfbf5cf176f75265cc5729e520e99,greenhouse,Echodyne Corp,echodynecorp,https://job-boards.greenhouse.io/echodynecorp,CANDIDATE,NAME_EXACT,"exact normalized name match, no domain evidence; inspect",false,,LEGACY_SUPPORTED,SINGLE_SOURCE_CANDIDATE
EMP-11506,ECU Corporation,,USA,ats-scrapers,6b44a1badc9bfbf5cf176f75265cc5729e520e99,workday,Ecu,ecu/everwise_careers,https://ecu.wd12.myworkdayjobs.com/everwise_careers,CANDIDATE,NAME_EXACT,"exact normalized name match, no domain evidence; inspect",false,,LEGACY_SUPPORTED,SINGLE_SOURCE_CANDIDATE
EMP-11511,"Electric Power Systems, Inc.",,USA,ats-scrapers,6b44a1badc9bfbf5cf176f75265cc5729e520e99,icims,Electric Power Systems,https://eps-careers-epsii.icims.com,https://eps-careers-epsii.icims.com,CANDIDATE,NAME_EXACT,"exact normalized name match, no domain evidence; inspect",false,,UNSUPPORTED,MULTI_SOURCE_CANDIDATE
EMP-11511,"Electric Power Systems, Inc.",,USA,ats-scrapers,6b44a1badc9bfbf5cf176f75265cc5729e520e99,icims,Electric Power Systems,nassusa-epsii,https://careers-nassusa-epsii.icims.com,CANDIDATE,NAME_EXACT,"exact normalized name match, no domain evidence; inspect",false,,UNSUPPORTED,MULTI_SOURCE_CANDIDATE
EMP-11511,"Electric Power Systems, Inc.",,USA,ats-scrapers,6b44a1badc9bfbf5cf176f75265cc5729e520e99,icims,Electric Power Systems,tls,https://careers-tls.icims.com,CANDIDATE,NAME_EXACT,"exact normalized name match, no domain evidence; inspect",false,,UNSUPPORTED,MULTI_SOURCE_CANDIDATE
EMP-11517,"Empirical Systems Aerospace, Inc.",,USA,ats-scrapers,6b44a1badc9bfbf5cf176f75265cc5729e520e99,jazzhr,"Empirical Systems Aerospace, Inc.",esaero,https://esaero.applytojob.com,CANDIDATE,NAME_EXACT,"exact normalized name match, no domain evidence; inspect",false,,UNSUPPORTED,SINGLE_SOURCE_CANDIDATE
EMP-11522,EnerSys,,USA,ats-scrapers,6b44a1badc9bfbf5cf176f75265cc5729e520e99,successfactors,EnerSys,jobs,https://jobs.enersys.com,CANDIDATE,NAME_EXACT,"exact normalized name match, no domain evidence; inspect",false,,LEGACY_SUPPORTED,SINGLE_SOURCE_CANDIDATE
EMP-11528,"ENSCO, Inc.",,USA,ats-scrapers,6b44a1badc9bfbf5cf176f75265cc5729e520e99,greenhouse,"ENSCO, Inc.",ensco,https://job-boards.greenhouse.io/ensco,CANDIDATE,NAME_EXACT,"exact normalized name match, no domain evidence; inspect",false,,LEGACY_SUPPORTED,MULTI_SOURCE_CANDIDATE
EMP-11528,"ENSCO, Inc.",,USA,ats-scrapers,6b44a1badc9bfbf5cf176f75265cc5729e520e99,smartrecruiters,Ensco,ensco,https://careers.smartrecruiters.com/ensco,CANDIDATE,NAME_EXACT,"exact normalized name match, no domain evidence; inspect",false,,LEGACY_SUPPORTED,MULTI_SOURCE_CANDIDATE
EMP-11533,ESRI,,USA,ats-scrapers,6b44a1badc9bfbf5cf176f75265cc5729e520e99,greenhouse,Esri,esri,https://job-boards.greenhouse.io/esri,CANDIDATE,NAME_EXACT,"exact normalized name match, no domain evidence; inspect",false,,LEGACY_SUPPORTED,MULTI_SOURCE_CANDIDATE
EMP-11533,ESRI,,USA,ats-scrapers,6b44a1badc9bfbf5cf176f75265cc5729e520e99,join_com,Esri,esri,https://join.com/companies/esri,CANDIDATE,NAME_EXACT,"exact normalized name match, no domain evidence; inspect",false,,UNSUPPORTED,MULTI_SOURCE_CANDIDATE
EMP-11535,Estes Energetics,,USA,ats-scrapers,6b44a1badc9bfbf5cf176f75265cc5729e520e99,jazzhr,estesenergetics,estesenergetics,https://estesenergetics.applytojob.com,CANDIDATE,NAME_EXACT,"exact normalized name match, no domain evidence; inspect",false,,UNSUPPORTED,MULTI_SOURCE_CANDIDATE
EMP-11535,Estes Energetics,,USA,ats-scrapers,6b44a1badc9bfbf5cf176f75265cc5729e520e99,rippling,Estes Energetics,estes-energetics,https://ats.rippling.com/estes-energetics/jobs,CANDIDATE,NAME_EXACT,"exact normalized name match, no domain evidence; inspect",false,,UNSUPPORTED,MULTI_SOURCE_CANDIDATE
EMP-11557,FluidLogic,,USA,ats-scrapers,6b44a1badc9bfbf5cf176f75265cc5729e520e99,rippling,Fluidlogic,fluidlogic,https://ats.rippling.com/fluidlogic/jobs,CANDIDATE,NAME_EXACT,"exact normalized name match, no domain evidence; inspect",false,,UNSUPPORTED,SINGLE_SOURCE_CANDIDATE
EMP-11566,Forterra,,USA,ats-scrapers,6b44a1badc9bfbf5cf176f75265cc5729e520e99,bamboohr,Forterra,forterra,https://forterra.bamboohr.com/careers,CANDIDATE,NAME_EXACT,"exact normalized name match, no domain evidence; inspect",false,,UNSUPPORTED,MULTI_SOURCE_CANDIDATE
EMP-11566,Forterra,,USA,ats-scrapers,6b44a1badc9bfbf5cf176f75265cc5729e520e99,lever,Forterra,forterra,https://jobs.lever.co/forterra,CANDIDATE,NAME_EXACT,"exact normalized name match, no domain evidence; inspect",false,,LEGACY_SUPPORTED,MULTI_SOURCE_CANDIDATE
EMP-11566,Forterra,,USA,ats-scrapers,6b44a1badc9bfbf5cf176f75265cc5729e520e99,rippling,Forterra,forterra,https://ats.rippling.com/forterra/jobs,CANDIDATE,NAME_EXACT,"exact normalized name match, no domain evidence; inspect",false,,UNSUPPORTED,MULTI_SOURCE_CANDIDATE
EMP-11586,Gecko Robotics,,USA,ats-scrapers,6b44a1badc9bfbf5cf176f75265cc5729e520e99,ashby,Gecko Robotics,gecko-robotics,https://jobs.ashbyhq.com/gecko-robotics,CANDIDATE,NAME_EXACT,"exact normalized name match, no domain evidence; inspect",false,,LEGACY_SUPPORTED,SINGLE_SOURCE_CANDIDATE
EMP-11588,"Geissele Automatics, Inc.",,USA,ats-scrapers,6b44a1badc9bfbf5cf176f75265cc5729e520e99,workable,Geissele Automatics Inc.,geissele-automatics-inc,https://apply.workable.com/geissele-automatics-inc,CANDIDATE,NAME_EXACT,"exact normalized name match, no domain evidence; inspect",false,,UNSUPPORTED,SINGLE_SOURCE_CANDIDATE
EMP-11615,Google Public Sector LLC,abc.xyz,USA,ats-scrapers,6b44a1badc9bfbf5cf176f75265cc5729e520e99,breezy,abc,abc,https://abc.breezy.hr,CANDIDATE,SLUG,board slug/host token equals domain company token but names differ; inspect,false,,UNSUPPORTED,MULTI_SOURCE_CANDIDATE
EMP-11615,Google Public Sector LLC,abc.xyz,USA,ats-scrapers,6b44a1badc9bfbf5cf176f75265cc5729e520e99,greenhouse,ThoughtWorks_new,abc,https://job-boards.greenhouse.io/abc,CANDIDATE,SLUG,board slug/host token equals domain company token but names differ; inspect,false,,LEGACY_SUPPORTED,MULTI_SOURCE_CANDIDATE
EMP-11615,Google Public Sector LLC,abc.xyz,USA,ats-scrapers,6b44a1badc9bfbf5cf176f75265cc5729e520e99,hrmos,株式会社アートブレーンカンパニー（ABC）,abc,https://hrmos.co/pages/abc/jobs,CANDIDATE,SLUG,board slug/host token equals domain company token but names differ; inspect,false,,UNSUPPORTED,MULTI_SOURCE_CANDIDATE
EMP-11615,Google Public Sector LLC,abc.xyz,USA,ats-scrapers,6b44a1badc9bfbf5cf176f75265cc5729e520e99,rippling,abc,abc,https://ats.rippling.com/abc/jobs,CANDIDATE,SLUG,board slug/host token equals domain company token but names differ; inspect,false,,UNSUPPORTED,MULTI_SOURCE_CANDIDATE
EMP-11615,Google Public Sector LLC,abc.xyz,USA,ats-scrapers,6b44a1badc9bfbf5cf176f75265cc5729e520e99,smartrecruiters,Bacalaoo AG,abc,https://careers.smartrecruiters.com/abc,CANDIDATE,SLUG,board slug/host token equals domain company token but names differ; inspect,false,,LEGACY_SUPPORTED,MULTI_SOURCE_CANDIDATE
EMP-11630,GRVTY,,USA,ats-scrapers,6b44a1badc9bfbf5cf176f75265cc5729e520e99,greenhouse,GRVTY,grvty,https://job-boards.greenhouse.io/grvty,CANDIDATE,NAME_EXACT,"exact normalized name match, no domain evidence; inspect",false,,LEGACY_SUPPORTED,SINGLE_SOURCE_CANDIDATE
EMP-11634,"GXO, Inc.",,USA,ats-scrapers,6b44a1badc9bfbf5cf176f75265cc5729e520e99,successfactors,GXO,xpologisti,https://jobs.gxo.com,CANDIDATE,NAME_EXACT,"exact normalized name match, no domain evidence; inspect",false,,LEGACY_SUPPORTED,SINGLE_SOURCE_CANDIDATE
EMP-11635,Hanwha Corporation,,USA,ats-scrapers,6b44a1badc9bfbf5cf176f75265cc5729e520e99,jazzhr,hanwha,hanwha,https://hanwha.applytojob.com,CANDIDATE,NAME_EXACT,"exact normalized name match, no domain evidence; inspect",false,,UNSUPPORTED,SINGLE_SOURCE_CANDIDATE
EMP-11636,Harvard University,,USA,ats-scrapers,6b44a1badc9bfbf5cf176f75265cc5729e520e99,smartrecruiters,Harvard University,HarvardUniversity,https://careers.smartrecruiters.com/HarvardUniversity,CANDIDATE,NAME_EXACT,"exact normalized name match, no domain evidence; inspect",false,,LEGACY_SUPPORTED,SINGLE_SOURCE_CANDIDATE
EMP-11663,Holtec International,,USA,ats-scrapers,6b44a1badc9bfbf5cf176f75265cc5729e520e99,adp,Holtec International,28ec91d9-a9c6-49f2-8003-6fdcef75d1c5/19000101_000001,https://workforcenow.adp.com/mascsr/default/mdf/recruitment/recruitment.html?cid=28ec91d9-a9c6-49f2-8003-6fdcef75d1c5&ccId=19000101_000001&lang=en_US,CANDIDATE,NAME_EXACT,"exact normalized name match, no domain evidence; inspect",false,,UNSUPPORTED,SINGLE_SOURCE_CANDIDATE
EMP-11676,IB3 Global Solutions,,USA,ats-scrapers,6b44a1badc9bfbf5cf176f75265cc5729e520e99,workable,IB3 Global Solutions,ib3-global-solutions,https://apply.workable.com/ib3-global-solutions,CANDIDATE,NAME_EXACT,"exact normalized name match, no domain evidence; inspect",false,,UNSUPPORTED,SINGLE_SOURCE_CANDIDATE
EMP-11689,Impulse Space,,USA,ats-scrapers,6b44a1badc9bfbf5cf176f75265cc5729e520e99,pinpoint,Impulse Space,impulsespace,https://impulsespace.pinpointhq.com,CANDIDATE,NAME_EXACT,"exact normalized name match, no domain evidence; inspect",false,,UNSUPPORTED,SINGLE_SOURCE_CANDIDATE
EMP-11694,"INDUS Technology, Inc.",,USA,ats-scrapers,6b44a1badc9bfbf5cf176f75265cc5729e520e99,icims,"INDUS Technology, Inc.",industechnology,https://careers-industechnology.icims.com,CANDIDATE,NAME_EXACT,"exact normalized name match, no domain evidence; inspect",false,,UNSUPPORTED,SINGLE_SOURCE_CANDIDATE
EMP-11705,Institute for Defense Analyses,,USA,ats-scrapers,6b44a1badc9bfbf5cf176f75265cc5729e520e99,taleo,Institute for Defense Analyses,https://phh.tbe.taleo.net/phh01/ats/careers/v2/searchResults?org=INSTITUTEDA&cws=39,https://phh.tbe.taleo.net/phh01/ats/careers/v2/searchResults?org=INSTITUTEDA&cws=39,CANDIDATE,NAME_EXACT,"exact normalized name match, no domain evidence; inspect",false,,UNSUPPORTED,SINGLE_SOURCE_CANDIDATE
EMP-11708,"Integral Federal, Inc.",,USA,ats-scrapers,6b44a1badc9bfbf5cf176f75265cc5729e520e99,icims,Integral Federal,integralfed,https://careers-integralfed.icims.com,CANDIDATE,NAME_EXACT,"exact normalized name match, no domain evidence; inspect",false,,UNSUPPORTED,SINGLE_SOURCE_CANDIDATE
EMP-11715,IntelliTech LLC,,USA,ats-scrapers,6b44a1badc9bfbf5cf176f75265cc5729e520e99,jazzhr,IntelliTech LLC,intellitech,https://intellitech.applytojob.com,CANDIDATE,NAME_EXACT,"exact normalized name match, no domain evidence; inspect",false,,UNSUPPORTED,SINGLE_SOURCE_CANDIDATE
EMP-11721,"Intra Management Solutions, Inc.",,USA,ats-scrapers,6b44a1badc9bfbf5cf176f75265cc5729e520e99,jazzhr,Intra Management Solutions,intramanagementsolutions,https://intramanagementsolutions.applytojob.com,CANDIDATE,NAME_EXACT,"exact normalized name match, no domain evidence; inspect",false,,UNSUPPORTED,SINGLE_SOURCE_CANDIDATE
EMP-11722,Intrinsic,,USA,ats-scrapers,6b44a1badc9bfbf5cf176f75265cc5729e520e99,ashby,Intrinsic,intrinsic,https://jobs.ashbyhq.com/intrinsic,CANDIDATE,NAME_EXACT,"exact normalized name match, no domain evidence; inspect",false,,LEGACY_SUPPORTED,SINGLE_SOURCE_CANDIDATE
EMP-11729,JCS Solutions LLC,,USA,ats-scrapers,6b44a1badc9bfbf5cf176f75265cc5729e520e99,bamboohr,jcssolutions,jcssolutions,https://jcssolutions.bamboohr.com/careers,CANDIDATE,NAME_EXACT,"exact normalized name match, no domain evidence; inspect",false,,UNSUPPORTED,MULTI_SOURCE_CANDIDATE
EMP-11729,JCS Solutions LLC,,USA,ats-scrapers,6b44a1badc9bfbf5cf176f75265cc5729e520e99,jazzhr,JCS Solutions LLC,jcssolutions,https://jcssolutions.applytojob.com,CANDIDATE,NAME_EXACT,"exact normalized name match, no domain evidence; inspect",false,,UNSUPPORTED,MULTI_SOURCE_CANDIDATE
EMP-11750,K2 Space,,USA,ats-scrapers,6b44a1badc9bfbf5cf176f75265cc5729e520e99,greenhouse,K2 Space,k2spacecorporation,https://job-boards.greenhouse.io/k2spacecorporation,CANDIDATE,NAME_EXACT,"exact normalized name match, no domain evidence; inspect",false,,LEGACY_SUPPORTED,SINGLE_SOURCE_CANDIDATE
EMP-11751,"Kairos, Inc.",,USA,ats-scrapers,6b44a1badc9bfbf5cf176f75265cc5729e520e99,ashby,Kairos,kairos-project,https://jobs.ashbyhq.com/kairos-project,CANDIDATE,NAME_EXACT,"exact normalized name match, no domain evidence; inspect",false,,LEGACY_SUPPORTED,MULTI_SOURCE_CANDIDATE
EMP-11751,"Kairos, Inc.",,USA,ats-scrapers,6b44a1badc9bfbf5cf176f75265cc5729e520e99,jazzhr,KAIROS Inc,kairosinc,https://kairosinc.applytojob.com,CANDIDATE,NAME_EXACT,"exact normalized name match, no domain evidence; inspect",false,,UNSUPPORTED,MULTI_SOURCE_CANDIDATE
EMP-11760,Kennametal Inc.,,USA,ats-scrapers,6b44a1badc9bfbf5cf176f75265cc5729e520e99,successfactors,Kennametal,jobs,https://jobs.kennametal.com,CANDIDATE,NAME_EXACT,"exact normalized name match, no domain evidence; inspect",false,,LEGACY_SUPPORTED,SINGLE_SOURCE_CANDIDATE
EMP-11764,"KIHOMAC, Inc.",,USA,ats-scrapers,6b44a1badc9bfbf5cf176f75265cc5729e520e99,bamboohr,Kihomac,kihomac,https://kihomac.bamboohr.com/careers,CANDIDATE,NAME_EXACT,"exact normalized name match, no domain evidence; inspect",false,,UNSUPPORTED,MULTI_SOURCE_CANDIDATE
EMP-11764,"KIHOMAC, Inc.",,USA,ats-scrapers,6b44a1badc9bfbf5cf176f75265cc5729e520e99,workable,KIHOMAC,kihomac,https://apply.workable.com/kihomac,CANDIDATE,NAME_EXACT,"exact normalized name match, no domain evidence; inspect",false,,UNSUPPORTED,MULTI_SOURCE_CANDIDATE
EMP-11785,Leadership Connect,,USA,ats-scrapers,6b44a1badc9bfbf5cf176f75265cc5729e520e99,lever,Leadership Connect,leadershipconnect,https://jobs.lever.co/leadershipconnect,CANDIDATE,NAME_EXACT,"exact normalized name match, no domain evidence; inspect",false,,LEGACY_SUPPORTED,SINGLE_SOURCE_CANDIDATE
EMP-11787,Leap,,USA,ats-scrapers,6b44a1badc9bfbf5cf176f75265cc5729e520e99,ashby,Leap,leap,https://jobs.ashbyhq.com/leap,CANDIDATE,NAME_EXACT,"exact normalized name match, no domain evidence; inspect",false,,LEGACY_SUPPORTED,MULTI_SOURCE_CANDIDATE
EMP-11787,Leap,,USA,ats-scrapers,6b44a1badc9bfbf5cf176f75265cc5729e520e99,bamboohr,Leap,leap,https://leap.bamboohr.com/careers,CANDIDATE,NAME_EXACT,"exact normalized name match, no domain evidence; inspect",false,,UNSUPPORTED,MULTI_SOURCE_CANDIDATE
EMP-11787,Leap,,USA,ats-scrapers,6b44a1badc9bfbf5cf176f75265cc5729e520e99,jazzhr,Leap,leap,https://leap.applytojob.com,CANDIDATE,NAME_EXACT,"exact normalized name match, no domain evidence; inspect",false,,UNSUPPORTED,MULTI_SOURCE_CANDIDATE
EMP-11787,Leap,,USA,ats-scrapers,6b44a1badc9bfbf5cf176f75265cc5729e520e99,personio,leap,leap,https://leap.jobs.personio.com,CANDIDATE,NAME_EXACT,"exact normalized name match, no domain evidence; inspect",false,,UNSUPPORTED,MULTI_SOURCE_CANDIDATE
EMP-11787,Leap,,USA,ats-scrapers,6b44a1badc9bfbf5cf176f75265cc5729e520e99,smartrecruiters,Leap,leap,https://careers.smartrecruiters.com/leap,CANDIDATE,NAME_EXACT,"exact normalized name match, no domain evidence; inspect",false,,LEGACY_SUPPORTED,MULTI_SOURCE_CANDIDATE
EMP-11791,"Leupold & Stevens, Inc.",,USA,ats-scrapers,6b44a1badc9bfbf5cf176f75265cc5729e520e99,workable,"Leupold + Stevens, Inc.",leupold,https://apply.workable.com/leupold,CANDIDATE,NAME_EXACT,"exact normalized name match, no domain evidence; inspect",false,,UNSUPPORTED,SINGLE_SOURCE_CANDIDATE
EMP-11798,LINK,,USA,ats-scrapers,6b44a1badc9bfbf5cf176f75265cc5729e520e99,greenhouse,LINK,link,https://job-boards.greenhouse.io/link,CANDIDATE,NAME_EXACT,"exact normalized name match, no domain evidence; inspect",false,,LEGACY_SUPPORTED,SINGLE_SOURCE_CANDIDATE
EMP-11801,LMI,,USA,ats-scrapers,6b44a1badc9bfbf5cf176f75265cc5729e520e99,icims,LMI,lmi,https://careers-lmi.icims.com,CANDIDATE,NAME_EXACT,"exact normalized name match, no domain evidence; inspect",false,,UNSUPPORTED,SINGLE_SOURCE_CANDIDATE
EMP-11803,"Lodestar Consulting, Inc.",,USA,ats-scrapers,6b44a1badc9bfbf5cf176f75265cc5729e520e99,recruiterbox,"Lodestar Consulting, Inc.",lodestar,https://lodestar.recruiterbox.com,CANDIDATE,NAME_EXACT,"exact normalized name match, no domain evidence; inspect",false,,UNSUPPORTED,SINGLE_SOURCE_CANDIDATE
EMP-11804,"Logiqal, Inc.",,USA,ats-scrapers,6b44a1badc9bfbf5cf176f75265cc5729e520e99,ashby,Logiqal,logiqal,https://jobs.ashbyhq.com/logiqal,CANDIDATE,NAME_EXACT,"exact normalized name match, no domain evidence; inspect",false,,LEGACY_SUPPORTED,SINGLE_SOURCE_CANDIDATE
EMP-11810,"LSI, Inc.",,USA,ats-scrapers,6b44a1badc9bfbf5cf176f75265cc5729e520e99,workday,Lsi,lsi/arxada_careers,https://lsi.wd3.myworkdayjobs.com/arxada_careers,CANDIDATE,NAME_EXACT,"exact normalized name match, no domain evidence; inspect",false,,LEGACY_SUPPORTED,SINGLE_SOURCE_CANDIDATE
EMP-11820,Mach Industries,,USA,ats-scrapers,6b44a1badc9bfbf5cf176f75265cc5729e520e99,ashby,Mach Industries,mach,https://jobs.ashbyhq.com/mach,CANDIDATE,NAME_EXACT,"exact normalized name match, no domain evidence; inspect",false,,LEGACY_SUPPORTED,SINGLE_SOURCE_CANDIDATE
EMP-11821,Machina Labs,,USA,ats-scrapers,6b44a1badc9bfbf5cf176f75265cc5729e520e99,lever,Machina Labs,MachinaLabs,https://jobs.lever.co/MachinaLabs,CANDIDATE,NAME_EXACT,"exact normalized name match, no domain evidence; inspect",false,,LEGACY_SUPPORTED,SINGLE_SOURCE_CANDIDATE
EMP-11825,MAG Aerospace,,USA,ats-scrapers,6b44a1badc9bfbf5cf176f75265cc5729e520e99,icims,MAG Aerospace,https://priority-magaero.icims.com,https://priority-magaero.icims.com,CANDIDATE,NAME_EXACT,"exact normalized name match, no domain evidence; inspect",false,,UNSUPPORTED,MULTI_SOURCE_CANDIDATE
EMP-11825,MAG Aerospace,,USA,ats-scrapers,6b44a1badc9bfbf5cf176f75265cc5729e520e99,icims,MAG Aerospace,magaero,https://careers-magaero.icims.com,CANDIDATE,NAME_EXACT,"exact normalized name match, no domain evidence; inspect",false,,UNSUPPORTED,MULTI_SOURCE_CANDIDATE
EMP-11831,MANTECH,,USA,ats-scrapers,6b44a1badc9bfbf5cf176f75265cc5729e520e99,avature,ManTech,mantech,https://mantech.avature.net/careers/SearchJobs,CANDIDATE,NAME_EXACT,"exact normalized name match, no domain evidence; inspect",false,,LEGACY_SUPPORTED,MULTI_SOURCE_CANDIDATE
EMP-11831,MANTECH,,USA,ats-scrapers,6b44a1badc9bfbf5cf176f75265cc5729e520e99,workday,Mantech,mantech/external,https://mantech.wd1.myworkdayjobs.com/external,CANDIDATE,NAME_EXACT,"exact normalized name match, no domain evidence; inspect",false,,LEGACY_SUPPORTED,MULTI_SOURCE_CANDIDATE
EMP-11837,Massachusetts Institute of Technology,,USA,ats-scrapers,6b44a1badc9bfbf5cf176f75265cc5729e520e99,lever,Massachusetts Institute of Technology,mit,https://jobs.lever.co/mit,CANDIDATE,NAME_EXACT,"exact normalized name match, no domain evidence; inspect",false,,LEGACY_SUPPORTED,SINGLE_SOURCE_CANDIDATE
EMP-11840,Maximus,,USA,ats-scrapers,6b44a1badc9bfbf5cf176f75265cc5729e520e99,avature,Maximus,maximus,https://maximus.avature.net/careers/SearchJobs,CANDIDATE,NAME_EXACT,"exact normalized name match, no domain evidence; inspect",false,,LEGACY_SUPPORTED,MULTI_SOURCE_CANDIDATE
EMP-11840,Maximus,,USA,ats-scrapers,6b44a1badc9bfbf5cf176f75265cc5729e520e99,cornerstone,Maximus,maximusinc,https://maximusinc.csod.com/ux/ats/careersite/1/home?c=maximusinc,CANDIDATE,NAME_EXACT,"exact normalized name match, no domain evidence; inspect",false,,UNSUPPORTED,MULTI_SOURCE_CANDIDATE
EMP-11840,Maximus,,USA,ats-scrapers,6b44a1badc9bfbf5cf176f75265cc5729e520e99,smartrecruiters,Maximus,maximus,https://careers.smartrecruiters.com/maximus,CANDIDATE,NAME_EXACT,"exact normalized name match, no domain evidence; inspect",false,,LEGACY_SUPPORTED,MULTI_SOURCE_CANDIDATE
EMP-11861,"Metron, Inc.",,USA,ats-scrapers,6b44a1badc9bfbf5cf176f75265cc5729e520e99,greenhouse,metron,metron,https://job-boards.greenhouse.io/metron,CANDIDATE,NAME_EXACT,"exact normalized name match, no domain evidence; inspect",false,,LEGACY_SUPPORTED,SINGLE_SOURCE_CANDIDATE
EMP-11887,NI/Emerson,emerson.com,USA,ats-scrapers,6b44a1badc9bfbf5cf176f75265cc5729e520e99,workday,Staff,emerson/emerson_college_staff,https://emerson.wd5.myworkdayjobs.com/Emerson_College_Staff,CANDIDATE,SLUG,board slug/host token equals domain company token but names differ; inspect,false,,LEGACY_SUPPORTED,SINGLE_SOURCE_CANDIDATE
EMP-11895,Nominal,,USA,ats-scrapers,6b44a1badc9bfbf5cf176f75265cc5729e520e99,gem,Nominal,nominal,https://jobs.gem.com/nominal,CANDIDATE,NAME_EXACT,"exact normalized name match, no domain evidence; inspect",false,,UNSUPPORTED,MULTI_SOURCE_CANDIDATE
EMP-11895,Nominal,,USA,ats-scrapers,6b44a1badc9bfbf5cf176f75265cc5729e520e99,lever,Nominal,nominal,https://jobs.lever.co/nominal,CANDIDATE,NAME_EXACT,"exact normalized name match, no domain evidence; inspect",false,,LEGACY_SUPPORTED,MULTI_SOURCE_CANDIDATE
EMP-11896,nooks LLC,,USA,ats-scrapers,6b44a1badc9bfbf5cf176f75265cc5729e520e99,ashby,Nooks,nooks,https://jobs.ashbyhq.com/nooks,CANDIDATE,NAME_EXACT,"exact normalized name match, no domain evidence; inspect",false,,LEGACY_SUPPORTED,MULTI_SOURCE_CANDIDATE
EMP-11896,nooks LLC,,USA,ats-scrapers,6b44a1badc9bfbf5cf176f75265cc5729e520e99,breezy,Nooks,nooks,https://nooks.breezy.hr,CANDIDATE,NAME_EXACT,"exact normalized name match, no domain evidence; inspect",false,,UNSUPPORTED,MULTI_SOURCE_CANDIDATE
EMP-11896,nooks LLC,,USA,ats-scrapers,6b44a1badc9bfbf5cf176f75265cc5729e520e99,greenhouse,Nooks,nooks,https://job-boards.greenhouse.io/nooks,CANDIDATE,NAME_EXACT,"exact normalized name match, no domain evidence; inspect",false,,LEGACY_SUPPORTED,MULTI_SOURCE_CANDIDATE
EMP-11913,Obviant,,USA,ats-scrapers,6b44a1badc9bfbf5cf176f75265cc5729e520e99,ashby,Obviant,obviant,https://jobs.ashbyhq.com/obviant,CANDIDATE,NAME_EXACT,"exact normalized name match, no domain evidence; inspect",false,,LEGACY_SUPPORTED,SINGLE_SOURCE_CANDIDATE
EMP-11919,"Odyssey Systems Consulting Group, Ltd.",,USA,ats-scrapers,6b44a1badc9bfbf5cf176f75265cc5729e520e99,icims,"Odyssey Systems Consulting Group, Ltd.",odysseyconsult,https://careers-odysseyconsult.icims.com,CANDIDATE,NAME_EXACT,"exact normalized name match, no domain evidence; inspect",false,,UNSUPPORTED,SINGLE_SOURCE_CANDIDATE
EMP-11933,Overland AI,,USA,ats-scrapers,6b44a1badc9bfbf5cf176f75265cc5729e520e99,rippling,Overland AI,overland-ai,https://ats.rippling.com/overland-ai/jobs,CANDIDATE,NAME_EXACT,"exact normalized name match, no domain evidence; inspect",false,,UNSUPPORTED,SINGLE_SOURCE_CANDIDATE
EMP-11945,Parallel Wireless,,USA,ats-scrapers,6b44a1badc9bfbf5cf176f75265cc5729e520e99,lever,Parallel Wireless,parallelwireless,https://jobs.lever.co/parallelwireless,CANDIDATE,NAME_EXACT,"exact normalized name match, no domain evidence; inspect",false,,LEGACY_SUPPORTED,SINGLE_SOURCE_CANDIDATE
EMP-11964,"PeopleTec, Inc.",,USA,ats-scrapers,6b44a1badc9bfbf5cf176f75265cc5729e520e99,icims,PeopleTec,https://futurecareers-peopletec.icims.com,https://futurecareers-peopletec.icims.com,CANDIDATE,NAME_EXACT,"exact normalized name match, no domain evidence; inspect",false,,UNSUPPORTED,SINGLE_SOURCE_CANDIDATE
EMP-11965,Peraton,,USA,ats-scrapers,6b44a1badc9bfbf5cf176f75265cc5729e520e99,icims,Peraton,peraton,https://careers-peraton.icims.com,CANDIDATE,NAME_EXACT,"exact normalized name match, no domain evidence; inspect",false,,UNSUPPORTED,SINGLE_SOURCE_CANDIDATE
EMP-11979,"Planned Systems International, Inc.",,USA,ats-scrapers,6b44a1badc9bfbf5cf176f75265cc5729e520e99,icims,Planned Systems International,atl,https://careers-atl.icims.com,CANDIDATE,NAME_EXACT,"exact normalized name match, no domain evidence; inspect",false,,UNSUPPORTED,MULTI_SOURCE_CANDIDATE
EMP-11979,"Planned Systems International, Inc.",,USA,ats-scrapers,6b44a1badc9bfbf5cf176f75265cc5729e520e99,icims,Planned Systems International,plansys,https://careers-plansys.icims.com,CANDIDATE,NAME_EXACT,"exact normalized name match, no domain evidence; inspect",false,,UNSUPPORTED,MULTI_SOURCE_CANDIDATE
EMP-11979,"Planned Systems International, Inc.",,USA,ats-scrapers,6b44a1badc9bfbf5cf176f75265cc5729e520e99,icims,Planned Systems International,pst,https://careers-pst.icims.com,CANDIDATE,NAME_EXACT,"exact normalized name match, no domain evidence; inspect",false,,UNSUPPORTED,MULTI_SOURCE_CANDIDATE
EMP-11979,"Planned Systems International, Inc.",,USA,ats-scrapers,6b44a1badc9bfbf5cf176f75265cc5729e520e99,icims,Planned Systems International,ql,https://careers-ql.icims.com,CANDIDATE,NAME_EXACT,"exact normalized name match, no domain evidence; inspect",false,,UNSUPPORTED,MULTI_SOURCE_CANDIDATE
EMP-11996,RAND Corporation,,USA,ats-scrapers,6b44a1badc9bfbf5cf176f75265cc5729e520e99,workday,RAND,rand/external_career_site,https://rand.wd5.myworkdayjobs.com/external_career_site,CANDIDATE,NAME_EXACT,"exact normalized name match, no domain evidence; inspect",false,,LEGACY_SUPPORTED,SINGLE_SOURCE_CANDIDATE
EMP-12002,"RDA, Inc",,USA,ats-scrapers,6b44a1badc9bfbf5cf176f75265cc5729e520e99,jazzhr,rda,rda,https://rda.applytojob.com,CANDIDATE,NAME_EXACT,"exact normalized name match, no domain evidence; inspect",false,,UNSUPPORTED,SINGLE_SOURCE_CANDIDATE
EMP-12009,Redhorse Corporation,,USA,ats-scrapers,6b44a1badc9bfbf5cf176f75265cc5729e520e99,lever,Redhorse Corporation,redhorsecorp,https://jobs.lever.co/redhorsecorp,CANDIDATE,NAME_EXACT,"exact normalized name match, no domain evidence; inspect",false,,LEGACY_SUPPORTED,SINGLE_SOURCE_CANDIDATE
EMP-12010,"Redwood Strategy Group, Inc.",,USA,ats-scrapers,6b44a1badc9bfbf5cf176f75265cc5729e520e99,lever,"Redwood Strategy Group, Inc.",redwoodstrategygroup,https://jobs.lever.co/redwoodstrategygroup,CANDIDATE,NAME_EXACT,"exact normalized name match, no domain evidence; inspect",false,,LEGACY_SUPPORTED,SINGLE_SOURCE_CANDIDATE
EMP-12046,SAP National Security Services,sap.com,USA,ats-scrapers,6b44a1badc9bfbf5cf176f75265cc5729e520e99,bamboohr,sap,sap,https://sap.bamboohr.com/careers,CANDIDATE,SLUG,board slug/host token equals domain company token but names differ; inspect,false,,UNSUPPORTED,MULTI_SOURCE_CANDIDATE
EMP-12046,SAP National Security Services,sap.com,USA,ats-scrapers,6b44a1badc9bfbf5cf176f75265cc5729e520e99,smartrecruiters,SAP,sap,https://careers.smartrecruiters.com/sap,CANDIDATE,SLUG,board slug/host token equals domain company token but names differ; inspect,false,,LEGACY_SUPPORTED,MULTI_SOURCE_CANDIDATE
EMP-12046,SAP National Security Services,sap.com,USA,ats-scrapers,6b44a1badc9bfbf5cf176f75265cc5729e520e99,successfactors,SAP,jobs,https://jobs.sap.com,HIGH_CONFIDENCE,URL_EXACT,internal resolved portal URL equals external board URL,false,,LEGACY_SUPPORTED,MULTI_SOURCE_CANDIDATE
EMP-12048,Saronic Technologies,,USA,ats-scrapers,6b44a1badc9bfbf5cf176f75265cc5729e520e99,ashby,Saronic Technologies,saronic,https://jobs.ashbyhq.com/saronic,CANDIDATE,NAME_EXACT,"exact normalized name match, no domain evidence; inspect",false,,LEGACY_SUPPORTED,SINGLE_SOURCE_CANDIDATE
EMP-12062,SDL,,USA,ats-scrapers,6b44a1badc9bfbf5cf176f75265cc5729e520e99,rippling,SDL,sdl,https://ats.rippling.com/sdl/jobs,CANDIDATE,NAME_EXACT,"exact normalized name match, no domain evidence; inspect",false,,UNSUPPORTED,SINGLE_SOURCE_CANDIDATE
EMP-12064,SEACORP,,USA,ats-scrapers,6b44a1badc9bfbf5cf176f75265cc5729e520e99,cornerstone,SEA CORP,seacorp,https://seacorp.csod.com/ux/ats/careersite/1/home?c=seacorp,CANDIDATE,NAME_EXACT,"exact normalized name match, no domain evidence; inspect",false,,UNSUPPORTED,SINGLE_SOURCE_CANDIDATE
EMP-12087,Shift5,,USA,ats-scrapers,6b44a1badc9bfbf5cf176f75265cc5729e520e99,greenhouse,Shift5,shift5,https://job-boards.greenhouse.io/shift5,CANDIDATE,NAME_EXACT,"exact normalized name match, no domain evidence; inspect",false,,LEGACY_SUPPORTED,SINGLE_SOURCE_CANDIDATE
EMP-12090,"Siemens Medical Solutions USA, Inc.",siemens.com,USA,ats-scrapers,6b44a1badc9bfbf5cf176f75265cc5729e520e99,teamtailor,Siemens,siemens,https://siemens.teamtailor.com,HIGH_CONFIDENCE,SLUG_PLUS_NAME,board slug/host token equals domain company token + compatible names,false,,UNSUPPORTED,SINGLE_SOURCE_CANDIDATE
EMP-12093,Sierra Space Corporation,,USA,ats-scrapers,6b44a1badc9bfbf5cf176f75265cc5729e520e99,workday,Sierra Space,sierraspace/sierra_space_external_career_site,https://sierraspace.wd1.myworkdayjobs.com/Sierra_Space_External_Career_Site,CANDIDATE,NAME_EXACT,"exact normalized name match, no domain evidence; inspect",false,,LEGACY_SUPPORTED,SINGLE_SOURCE_CANDIDATE
EMP-12095,Sigma Defense LLC,,USA,ats-scrapers,6b44a1badc9bfbf5cf176f75265cc5729e520e99,workable,Sigma Defense,sigmadefense,https://apply.workable.com/sigmadefense,CANDIDATE,NAME_EXACT,"exact normalized name match, no domain evidence; inspect",false,,UNSUPPORTED,SINGLE_SOURCE_CANDIDATE
EMP-12098,"Significance, Inc.",,USA,ats-scrapers,6b44a1badc9bfbf5cf176f75265cc5729e520e99,lever,"Significance, Inc.",significanceinc,https://jobs.lever.co/significanceinc,CANDIDATE,NAME_EXACT,"exact normalized name match, no domain evidence; inspect",false,,LEGACY_SUPPORTED,SINGLE_SOURCE_CANDIDATE
EMP-12099,Sikich LLC,,USA,ats-scrapers,6b44a1badc9bfbf5cf176f75265cc5729e520e99,jobvite,Sikich,sikichcareers,https://jobs.jobvite.com/sikichcareers,CANDIDATE,NAME_EXACT,"exact normalized name match, no domain evidence; inspect",false,,UNSUPPORTED,SINGLE_SOURCE_CANDIDATE
EMP-12101,"Silvus Technologies, Inc.",,USA,ats-scrapers,6b44a1badc9bfbf5cf176f75265cc5729e520e99,greenhouse,Silvus Technologies,silvus,https://job-boards.greenhouse.io/silvus,CANDIDATE,NAME_EXACT,"exact normalized name match, no domain evidence; inspect",false,,LEGACY_SUPPORTED,SINGLE_SOURCE_CANDIDATE
EMP-12108,"Skydio, Inc.",,USA,ats-scrapers,6b44a1badc9bfbf5cf176f75265cc5729e520e99,ashby,Skydio,skydio,https://jobs.ashbyhq.com/skydio,CANDIDATE,NAME_EXACT,"exact normalized name match, no domain evidence; inspect",false,,LEGACY_SUPPORTED,SINGLE_SOURCE_CANDIDATE
EMP-12125,"Sonalysts, Inc.",,USA,ats-scrapers,6b44a1badc9bfbf5cf176f75265cc5729e520e99,icims,"Sonalysts, Inc.",sonalysts,https://careers-sonalysts.icims.com,CANDIDATE,NAME_EXACT,"exact normalized name match, no domain evidence; inspect",false,,UNSUPPORTED,SINGLE_SOURCE_CANDIDATE
EMP-12134,Spear AI,,USA,ats-scrapers,6b44a1badc9bfbf5cf176f75265cc5729e520e99,ashby,Spear AI,spear-ai,https://jobs.ashbyhq.com/spear-ai,CANDIDATE,NAME_EXACT,"exact normalized name match, no domain evidence; inspect",false,,LEGACY_SUPPORTED,MULTI_SOURCE_CANDIDATE
EMP-12134,Spear AI,,USA,ats-scrapers,6b44a1badc9bfbf5cf176f75265cc5729e520e99,lever,Spear AI,spear-ai,https://jobs.lever.co/spear-ai,CANDIDATE,NAME_EXACT,"exact normalized name match, no domain evidence; inspect",false,,LEGACY_SUPPORTED,MULTI_SOURCE_CANDIDATE
EMP-12141,Sphinx Defense,,USA,ats-scrapers,6b44a1badc9bfbf5cf176f75265cc5729e520e99,greenhouse,sphinxdefense,sphinxdefense,https://job-boards.greenhouse.io/sphinxdefense,CANDIDATE,NAME_EXACT,"exact normalized name match, no domain evidence; inspect",false,,LEGACY_SUPPORTED,SINGLE_SOURCE_CANDIDATE
EMP-12144,SpyCloud,,USA,ats-scrapers,6b44a1badc9bfbf5cf176f75265cc5729e520e99,greenhouse,SpyCloud,spycloud,https://job-boards.greenhouse.io/spycloud,CANDIDATE,NAME_EXACT,"exact normalized name match, no domain evidence; inspect",false,,LEGACY_SUPPORTED,SINGLE_SOURCE_CANDIDATE
EMP-12147,SRI International,,USA,ats-scrapers,6b44a1badc9bfbf5cf176f75265cc5729e520e99,icims,SRI International,sri,https://careers-sri.icims.com,CANDIDATE,NAME_EXACT,"exact normalized name match, no domain evidence; inspect",false,,UNSUPPORTED,SINGLE_SOURCE_CANDIDATE
EMP-12154,"Stellar Solutions, Inc.",,USA,ats-scrapers,6b44a1badc9bfbf5cf176f75265cc5729e520e99,icims,"Stellar Solutions, Inc.",stellarsolutions,https://careers-stellarsolutions.icims.com,CANDIDATE,NAME_EXACT,"exact normalized name match, no domain evidence; inspect",false,,UNSUPPORTED,SINGLE_SOURCE_CANDIDATE
EMP-12157,Stevens Institute of Technology,,USA,ats-scrapers,6b44a1badc9bfbf5cf176f75265cc5729e520e99,workday,Stevens Institute of Technology,stevens/external,https://stevens.wd5.myworkdayjobs.com/external,CANDIDATE,NAME_EXACT,"exact normalized name match, no domain evidence; inspect",false,,LEGACY_SUPPORTED,SINGLE_SOURCE_CANDIDATE
EMP-12168,"Stratom, Inc.",,USA,ats-scrapers,6b44a1badc9bfbf5cf176f75265cc5729e520e99,pinpoint,Stratom,stratom,https://stratom.pinpointhq.com,CANDIDATE,NAME_EXACT,"exact normalized name match, no domain evidence; inspect",false,,UNSUPPORTED,SINGLE_SOURCE_CANDIDATE
EMP-12171,"Strider Technologies, Inc.",,USA,ats-scrapers,6b44a1badc9bfbf5cf176f75265cc5729e520e99,ashby,Strider Technologies,strider-technologies,https://jobs.ashbyhq.com/strider-technologies,CANDIDATE,NAME_EXACT,"exact normalized name match, no domain evidence; inspect",false,,LEGACY_SUPPORTED,SINGLE_SOURCE_CANDIDATE
EMP-12182,"Tangram Flex, Inc.",,USA,ats-scrapers,6b44a1badc9bfbf5cf176f75265cc5729e520e99,bamboohr,tangramflex,tangramflex,https://tangramflex.bamboohr.com/careers,CANDIDATE,NAME_EXACT,"exact normalized name match, no domain evidence; inspect",false,,UNSUPPORTED,SINGLE_SOURCE_CANDIDATE
EMP-12183,TAPE,,USA,ats-scrapers,6b44a1badc9bfbf5cf176f75265cc5729e520e99,bamboohr,tape,tape,https://tape.bamboohr.com/careers,CANDIDATE,NAME_EXACT,"exact normalized name match, no domain evidence; inspect",false,,UNSUPPORTED,SINGLE_SOURCE_CANDIDATE
EMP-12188,"TechFlow, Inc.",,USA,ats-scrapers,6b44a1badc9bfbf5cf176f75265cc5729e520e99,workable,"TechFlow, Inc.",techflow,https://apply.workable.com/techflow,CANDIDATE,NAME_EXACT,"exact normalized name match, no domain evidence; inspect",false,,UNSUPPORTED,SINGLE_SOURCE_CANDIDATE
EMP-12200,Temper Inc.,,USA,ats-scrapers,6b44a1badc9bfbf5cf176f75265cc5729e520e99,bamboohr,temper,temper,https://temper.bamboohr.com/careers,CANDIDATE,NAME_EXACT,"exact normalized name match, no domain evidence; inspect",false,,UNSUPPORTED,SINGLE_SOURCE_CANDIDATE
EMP-12237,"THOR Solutions, LLC.",,USA,ats-scrapers,6b44a1badc9bfbf5cf176f75265cc5729e520e99,jazzhr,"THOR Solutions, LLC",thorsolutionsllc,https://thorsolutionsllc.applytojob.com,CANDIDATE,NAME_EXACT,"exact normalized name match, no domain evidence; inspect",false,,UNSUPPORTED,SINGLE_SOURCE_CANDIDATE
EMP-12252,Trexon,,USA,ats-scrapers,6b44a1badc9bfbf5cf176f75265cc5729e520e99,greenhouse,Trexon,tpcengineeringholdingsllc,https://job-boards.greenhouse.io/tpcengineeringholdingsllc,CANDIDATE,NAME_EXACT,"exact normalized name match, no domain evidence; inspect",false,,LEGACY_SUPPORTED,SINGLE_SOURCE_CANDIDATE
EMP-12255,Trident Solutions,,USA,ats-scrapers,6b44a1badc9bfbf5cf176f75265cc5729e520e99,paycom,TRIDENT SOLUTIONS,06c29f81159e4a6dd357bbd5016b7def,https://paycomonline.net/v4/ats/web.php/portal/06c29f81159e4a6dd357bbd5016b7def/career-page,CANDIDATE,NAME_EXACT,"exact normalized name match, no domain evidence; inspect",false,,UNSUPPORTED,SINGLE_SOURCE_CANDIDATE
EMP-12266,"TSI, Inc.",,USA,ats-scrapers,6b44a1badc9bfbf5cf176f75265cc5729e520e99,successfactors,tsi,careers,https://careers.tsi.com,CANDIDATE,NAME_EXACT,"exact normalized name match, no domain evidence; inspect",false,,LEGACY_SUPPORTED,SINGLE_SOURCE_CANDIDATE
EMP-12268,TurbineOne,,USA,ats-scrapers,6b44a1badc9bfbf5cf176f75265cc5729e520e99,greenhouse,TurbineOne,turbineone,https://job-boards.greenhouse.io/turbineone,CANDIDATE,NAME_EXACT,"exact normalized name match, no domain evidence; inspect",false,,LEGACY_SUPPORTED,SINGLE_SOURCE_CANDIDATE
EMP-12271,Two Six Technologies,,USA,ats-scrapers,6b44a1badc9bfbf5cf176f75265cc5729e520e99,greenhouse,Two Six Technologies,twosixtechnologies,https://job-boards.greenhouse.io/twosixtechnologies,CANDIDATE,NAME_EXACT,"exact normalized name match, no domain evidence; inspect",false,,LEGACY_SUPPORTED,SINGLE_SOURCE_CANDIDATE
EMP-12279,Unanet,,USA,ats-scrapers,6b44a1badc9bfbf5cf176f75265cc5729e520e99,greenhouse,unanet,unanet,https://job-boards.greenhouse.io/unanet,CANDIDATE,NAME_EXACT,"exact normalized name match, no domain evidence; inspect",false,,LEGACY_SUPPORTED,SINGLE_SOURCE_CANDIDATE
EMP-12281,Union Technologies,,USA,ats-scrapers,6b44a1badc9bfbf5cf176f75265cc5729e520e99,ashby,Union Technologies,union-tech,https://jobs.ashbyhq.com/union-tech,CANDIDATE,NAME_EXACT,"exact normalized name match, no domain evidence; inspect",false,,LEGACY_SUPPORTED,SINGLE_SOURCE_CANDIDATE
EMP-12286,University of Arizona,,USA,ats-scrapers,6b44a1badc9bfbf5cf176f75265cc5729e520e99,cornerstone,University of Arizona,arizona,https://arizona.csod.com/ux/ats/careersite/1/home?c=arizona,CANDIDATE,NAME_EXACT,"exact normalized name match, no domain evidence; inspect",false,,UNSUPPORTED,MULTI_SOURCE_CANDIDATE
EMP-12286,University of Arizona,,USA,ats-scrapers,6b44a1badc9bfbf5cf176f75265cc5729e520e99,cornerstone,University of Arizona,https://arizona.csod.com/ux/ats/careersite/4/home?c=arizona,https://arizona.csod.com/ux/ats/careersite/4/home?c=arizona,CANDIDATE,NAME_EXACT,"exact normalized name match, no domain evidence; inspect",false,,UNSUPPORTED,MULTI_SOURCE_CANDIDATE
EMP-12292,University of Notre Dame,,USA,ats-scrapers,6b44a1badc9bfbf5cf176f75265cc5729e520e99,smartrecruiters,University of Notre Dame,universityofnotredame,https://careers.smartrecruiters.com/universityofnotredame,CANDIDATE,NAME_EXACT,"exact normalized name match, no domain evidence; inspect",false,,LEGACY_SUPPORTED,SINGLE_SOURCE_CANDIDATE
EMP-12304,"Vanta, Inc.",,USA,ats-scrapers,6b44a1badc9bfbf5cf176f75265cc5729e520e99,ashby,Vanta,vanta,https://jobs.ashbyhq.com/vanta,CANDIDATE,NAME_EXACT,"exact normalized name match, no domain evidence; inspect",false,,LEGACY_SUPPORTED,SINGLE_SOURCE_CANDIDATE
EMP-12307,Varda Space Industries,,USA,ats-scrapers,6b44a1badc9bfbf5cf176f75265cc5729e520e99,greenhouse,Varda Space Industries,vardaspace,https://job-boards.greenhouse.io/vardaspace,CANDIDATE,NAME_EXACT,"exact normalized name match, no domain evidence; inspect",false,,LEGACY_SUPPORTED,SINGLE_SOURCE_CANDIDATE
EMP-12318,Virtru,,USA,ats-scrapers,6b44a1badc9bfbf5cf176f75265cc5729e520e99,greenhouse,Virtru,virtru,https://job-boards.greenhouse.io/virtru,CANDIDATE,NAME_EXACT,"exact normalized name match, no domain evidence; inspect",false,,LEGACY_SUPPORTED,SINGLE_SOURCE_CANDIDATE
EMP-12347,"Whoop, Inc.",,USA,ats-scrapers,6b44a1badc9bfbf5cf176f75265cc5729e520e99,ashby,Whoop,whoop,https://jobs.ashbyhq.com/whoop,CANDIDATE,NAME_EXACT,"exact normalized name match, no domain evidence; inspect",false,,LEGACY_SUPPORTED,MULTI_SOURCE_CANDIDATE
EMP-12347,"Whoop, Inc.",,USA,ats-scrapers,6b44a1badc9bfbf5cf176f75265cc5729e520e99,lever,Whoop,whoop,https://jobs.lever.co/whoop,CANDIDATE,NAME_EXACT,"exact normalized name match, no domain evidence; inspect",false,,LEGACY_SUPPORTED,MULTI_SOURCE_CANDIDATE
EMP-12352,Windward,,USA,ats-scrapers,6b44a1badc9bfbf5cf176f75265cc5729e520e99,join_com,WINDWARD,otwindwardcom,https://join.com/companies/otwindwardcom,CANDIDATE,NAME_EXACT,"exact normalized name match, no domain evidence; inspect",false,,UNSUPPORTED,SINGLE_SOURCE_CANDIDATE
EMP-12373,Dominion Energy,,USA,ats-scrapers,6b44a1badc9bfbf5cf176f75265cc5729e520e99,successfactors,Dominion Energy,careers,https://careers.dominionenergy.com,CANDIDATE,NAME_EXACT,"exact normalized name match, no domain evidence; inspect",false,,LEGACY_SUPPORTED,SINGLE_SOURCE_CANDIDATE
EMP-12382,Portland General Electric,,USA,ats-scrapers,6b44a1badc9bfbf5cf176f75265cc5729e520e99,workday,Portland General Electric,portlandgeneral/pgn,https://portlandgeneral.wd5.myworkdayjobs.com/pgn,CANDIDATE,NAME_EXACT,"exact normalized name match, no domain evidence; inspect",false,,LEGACY_SUPPORTED,SINGLE_SOURCE_CANDIDATE
EMP-12384,Alliant Energy,,USA,ats-scrapers,6b44a1badc9bfbf5cf176f75265cc5729e520e99,workday,Alliantenergy,alliantenergy/alliant,https://alliantenergy.wd1.myworkdayjobs.com/alliant,CANDIDATE,NAME_EXACT,"exact normalized name match, no domain evidence; inspect",false,,LEGACY_SUPPORTED,SINGLE_SOURCE_CANDIDATE
EMP-12385,Ameren,,USA,ats-scrapers,6b44a1badc9bfbf5cf176f75265cc5729e520e99,workday,Ameren,ameren/external,https://ameren.wd1.myworkdayjobs.com/external,CANDIDATE,NAME_EXACT,"exact normalized name match, no domain evidence; inspect",false,,LEGACY_SUPPORTED,SINGLE_SOURCE_CANDIDATE
EMP-12387,CenterPoint Energy,,USA,ats-scrapers,6b44a1badc9bfbf5cf176f75265cc5729e520e99,successfactors,Centerpointenergy,centerpoin,https://careers.centerpointenergy.com,CANDIDATE,NAME_EXACT,"exact normalized name match, no domain evidence; inspect",false,,LEGACY_SUPPORTED,SINGLE_SOURCE_CANDIDATE
EMP-12390,DTE Energy,,USA,ats-scrapers,6b44a1badc9bfbf5cf176f75265cc5729e520e99,successfactors,DTE Energy,careers,https://careers.dteenergy.com,CANDIDATE,NAME_EXACT,"exact normalized name match, no domain evidence; inspect",false,,LEGACY_SUPPORTED,SINGLE_SOURCE_CANDIDATE
EMP-12391,Duke Energy,,USA,ats-scrapers,6b44a1badc9bfbf5cf176f75265cc5729e520e99,workday,Dukeenergy,dukeenergy/search,https://dukeenergy.wd1.myworkdayjobs.com/search,CANDIDATE,NAME_EXACT,"exact normalized name match, no domain evidence; inspect",false,,LEGACY_SUPPORTED,SINGLE_SOURCE_CANDIDATE
EMP-12393,Entergy,,USA,ats-scrapers,6b44a1badc9bfbf5cf176f75265cc5729e520e99,successfactors,Entergy,jobs,https://jobs.entergy.com,CANDIDATE,NAME_EXACT,"exact normalized name match, no domain evidence; inspect",false,,LEGACY_SUPPORTED,SINGLE_SOURCE_CANDIDATE
EMP-12397,FirstEnergy,,USA,ats-scrapers,6b44a1badc9bfbf5cf176f75265cc5729e520e99,oracle,FirstEnergy,fa-etjd-saasfaprod1/firstenergycareers,https://fa-etjd-saasfaprod1.fa.ocs.oraclecloud.com/hcmUI/CandidateExperience/en/sites/firstenergycareers,CANDIDATE,NAME_EXACT,"exact normalized name match, no domain evidence; inspect",false,,LEGACY_SUPPORTED,SINGLE_SOURCE_CANDIDATE
EMP-12398,NextEra Energy,,USA,ats-scrapers,6b44a1badc9bfbf5cf176f75265cc5729e520e99,successfactors,NextEra Energy,jobs,https://jobs.nexteraenergy.com,CANDIDATE,NAME_EXACT,"exact normalized name match, no domain evidence; inspect",false,,LEGACY_SUPPORTED,SINGLE_SOURCE_CANDIDATE
EMP-12399,NiSource,,USA,ats-scrapers,6b44a1badc9bfbf5cf176f75265cc5729e520e99,workday,NiSource,nisource/nisource,https://nisource.wd1.myworkdayjobs.com/NiSource,CANDIDATE,NAME_EXACT,"exact normalized name match, no domain evidence; inspect",false,,LEGACY_SUPPORTED,SINGLE_SOURCE_CANDIDATE
EMP-12402,PPL Corporation,,USA,ats-scrapers,6b44a1badc9bfbf5cf176f75265cc5729e520e99,bamboohr,ppl,ppl,https://ppl.bamboohr.com/careers,CANDIDATE,NAME_EXACT,"exact normalized name match, no domain evidence; inspect",false,,UNSUPPORTED,MULTI_SOURCE_CANDIDATE
EMP-12402,PPL Corporation,,USA,ats-scrapers,6b44a1badc9bfbf5cf176f75265cc5729e520e99,icims,PPL Corporation,https://intern-pplweb.icims.com,https://intern-pplweb.icims.com,CANDIDATE,NAME_EXACT,"exact normalized name match, no domain evidence; inspect",false,,UNSUPPORTED,MULTI_SOURCE_CANDIDATE
EMP-12405,Southern Company,,USA,ats-scrapers,6b44a1badc9bfbf5cf176f75265cc5729e520e99,oracle,Southern Company,emje,https://emje.fa.us6.oraclecloud.com/hcmUI/CandidateExperience/en/sites/CX_1,CANDIDATE,NAME_EXACT,"exact normalized name match, no domain evidence; inspect",false,,LEGACY_SUPPORTED,MULTI_SOURCE_CANDIDATE
EMP-12405,Southern Company,,USA,ats-scrapers,6b44a1badc9bfbf5cf176f75265cc5729e520e99,oracle,Southern Company,emje,https://emje.fa.us6.oraclecloud.com/hcmUI/CandidateExperience/en/sites/SouthernCompanyJobs,CANDIDATE,NAME_EXACT,"exact normalized name match, no domain evidence; inspect",false,,LEGACY_SUPPORTED,MULTI_SOURCE_CANDIDATE
EMP-12405,Southern Company,,USA,ats-scrapers,6b44a1badc9bfbf5cf176f75265cc5729e520e99,smartrecruiters,Southern Company,southerncompany,https://careers.smartrecruiters.com/southerncompany,CANDIDATE,NAME_EXACT,"exact normalized name match, no domain evidence; inspect",false,,LEGACY_SUPPORTED,MULTI_SOURCE_CANDIDATE
EMP-12407,Xcel Energy,,USA,ats-scrapers,6b44a1badc9bfbf5cf176f75265cc5729e520e99,workday,Xcelenergy,xcelenergy/external,https://xcelenergy.wd1.myworkdayjobs.com/external,CANDIDATE,NAME_EXACT,"exact normalized name match, no domain evidence; inspect",false,,LEGACY_SUPPORTED,SINGLE_SOURCE_CANDIDATE
EMP-12409,Alkermes,,USA,ats-scrapers,6b44a1badc9bfbf5cf176f75265cc5729e520e99,oracle,Alkermes,hbap/cx_1,https://hbap.fa.us1.oraclecloud.com/hcmUI/CandidateExperience/en/sites/cx_1,CANDIDATE,NAME_EXACT,"exact normalized name match, no domain evidence; inspect",false,,LEGACY_SUPPORTED,SINGLE_SOURCE_CANDIDATE
EMP-12412,Eli Lilly and Company,lilly.com,USA,ats-scrapers,6b44a1badc9bfbf5cf176f75265cc5729e520e99,phenom,Lilly,,https://careers.lilly.com,HIGH_CONFIDENCE,URL_EXACT,internal resolved portal URL equals external board URL,false,,LEGACY_SUPPORTED,MULTI_SOURCE_CANDIDATE
EMP-12412,Eli Lilly and Company,lilly.com,USA,ats-scrapers,6b44a1badc9bfbf5cf176f75265cc5729e520e99,workday,Lilly,lilly/cmp,https://lilly.wd5.myworkdayjobs.com/cmp,HIGH_CONFIDENCE,SLUG_PLUS_NAME,board slug/host token equals domain company token + compatible names,false,,LEGACY_SUPPORTED,MULTI_SOURCE_CANDIDATE
EMP-12412,Eli Lilly and Company,lilly.com,USA,ats-scrapers,6b44a1badc9bfbf5cf176f75265cc5729e520e99,workday,Lilly,lilly/lly,https://lilly.wd5.myworkdayjobs.com/lly,HIGH_CONFIDENCE,SLUG_PLUS_NAME,board slug/host token equals domain company token + compatible names,false,,LEGACY_SUPPORTED,MULTI_SOURCE_CANDIDATE
EMP-12415,Novartis,novartis.com,USA,ats-scrapers,6b44a1badc9bfbf5cf176f75265cc5729e520e99,workday,Novartis (Internal Careers for Acquired Entities),novartis/Internal_Careers_for_Acquired_Entities,https://novartis.wd3.myworkdayjobs.com/Internal_Careers_for_Acquired_Entities,HIGH_CONFIDENCE,SLUG_PLUS_NAME,board slug/host token equals domain company token + compatible names,false,,LEGACY_SUPPORTED,MULTI_SOURCE_CANDIDATE
EMP-12415,Novartis,novartis.com,USA,ats-scrapers,6b44a1badc9bfbf5cf176f75265cc5729e520e99,workday,Novartis,novartis/novartis_careers,https://novartis.wd3.myworkdayjobs.com/novartis_careers,HIGH_CONFIDENCE,SLUG_PLUS_NAME,board slug/host token equals domain company token + compatible names,false,,LEGACY_SUPPORTED,MULTI_SOURCE_CANDIDATE
EMP-12418,Takeda,takeda.com,USA,ats-scrapers,6b44a1badc9bfbf5cf176f75265cc5729e520e99,workday,Takeda,takeda/external,https://takeda.wd3.myworkdayjobs.com/external,HIGH_CONFIDENCE,SLUG_PLUS_NAME,board slug/host token equals domain company token + compatible names,false,,LEGACY_SUPPORTED,SINGLE_SOURCE_CANDIDATE
EMP-12420,Biogen,,USA,ats-scrapers,6b44a1badc9bfbf5cf176f75265cc5729e520e99,smartrecruiters,Biogen,biogen,https://careers.smartrecruiters.com/biogen,CANDIDATE,NAME_EXACT,"exact normalized name match, no domain evidence; inspect",false,,LEGACY_SUPPORTED,SINGLE_SOURCE_CANDIDATE
EMP-12421,Incyte,,USA,ats-scrapers,6b44a1badc9bfbf5cf176f75265cc5729e520e99,icims,incyte,incyte,https://careers-incyte.icims.com,CANDIDATE,NAME_EXACT,"exact normalized name match, no domain evidence; inspect",false,,UNSUPPORTED,SINGLE_SOURCE_CANDIDATE
EMP-12422,Merck & Co.,merck.com,USA,ats-scrapers,6b44a1badc9bfbf5cf176f75265cc5729e520e99,phenom,Merck,,https://jobs.merck.com,HIGH_CONFIDENCE,URL_EXACT,internal resolved portal URL equals external board URL,false,,LEGACY_SUPPORTED,SINGLE_SOURCE_CANDIDATE
EMP-12427,Silicon Labs,,USA,ats-scrapers,6b44a1badc9bfbf5cf176f75265cc5729e520e99,workday,Silicon Labs,silabs/siliconlabscareers,https://silabs.wd1.myworkdayjobs.com/siliconlabscareers,CANDIDATE,NAME_EXACT,"exact normalized name match, no domain evidence; inspect",false,,LEGACY_SUPPORTED,SINGLE_SOURCE_CANDIDATE
EMP-12429,Analog Devices,,USA,ats-scrapers,6b44a1badc9bfbf5cf176f75265cc5729e520e99,workday,Analogdevices,analogdevices/external,https://analogdevices.wd1.myworkdayjobs.com/external,CANDIDATE,NAME_EXACT,"exact normalized name match, no domain evidence; inspect",false,,LEGACY_SUPPORTED,SINGLE_SOURCE_CANDIDATE
EMP-12431,Micron Technology,,USA,ats-scrapers,6b44a1badc9bfbf5cf176f75265cc5729e520e99,eightfold,Micron Technology,micron,https://micron.eightfold.ai/careers,CANDIDATE,NAME_EXACT,"exact normalized name match, no domain evidence; inspect",false,,DECLARATIVE_SUPPORTED,SINGLE_SOURCE_CANDIDATE
EMP-12432,NVIDIA,nvidia.com,USA,ats-scrapers,6b44a1badc9bfbf5cf176f75265cc5729e520e99,eightfold,NVIDIA Corporation,nvidia,https://nvidia.eightfold.ai/careers,HIGH_CONFIDENCE,SLUG_PLUS_NAME,board slug/host token equals domain company token + compatible names,false,,DECLARATIVE_SUPPORTED,MULTI_SOURCE_CANDIDATE
EMP-12432,NVIDIA,nvidia.com,USA,ats-scrapers,6b44a1badc9bfbf5cf176f75265cc5729e520e99,smartrecruiters,NVIDIA,nvidia,https://careers.smartrecruiters.com/nvidia,HIGH_CONFIDENCE,SLUG_PLUS_NAME,board slug/host token equals domain company token + compatible names,false,,LEGACY_SUPPORTED,MULTI_SOURCE_CANDIDATE
EMP-12432,NVIDIA,nvidia.com,USA,ats-scrapers,6b44a1badc9bfbf5cf176f75265cc5729e520e99,workday,NVIDIA,nvidia/nvidiaexternalcareersite,https://nvidia.wd5.myworkdayjobs.com/nvidiaexternalcareersite,HIGH_CONFIDENCE,SLUG_PLUS_NAME,board slug/host token equals domain company token + compatible names,false,,LEGACY_SUPPORTED,MULTI_SOURCE_CANDIDATE
EMP-12433,Sandisk,,USA,ats-scrapers,6b44a1badc9bfbf5cf176f75265cc5729e520e99,smartrecruiters,Sandisk,sandisk,https://careers.smartrecruiters.com/sandisk,CANDIDATE,NAME_EXACT,"exact normalized name match, no domain evidence; inspect",false,,LEGACY_SUPPORTED,SINGLE_SOURCE_CANDIDATE
EMP-12436,Viasat,,USA | Australia,ats-scrapers,6b44a1badc9bfbf5cf176f75265cc5729e520e99,icims,viasat,viasat,https://careers-viasat.icims.com,CANDIDATE,NAME_EXACT,"exact normalized name match, no domain evidence; inspect",false,,UNSUPPORTED,SINGLE_SOURCE_CANDIDATE
EMP-12437,Google Inc,abc.xyz,USA | Australia | EU / Europe,ats-scrapers,6b44a1badc9bfbf5cf176f75265cc5729e520e99,breezy,abc,abc,https://abc.breezy.hr,CANDIDATE,SLUG,board slug/host token equals domain company token but names differ; inspect,false,,UNSUPPORTED,MULTI_SOURCE_CANDIDATE
EMP-12437,Google Inc,abc.xyz,USA | Australia | EU / Europe,ats-scrapers,6b44a1badc9bfbf5cf176f75265cc5729e520e99,greenhouse,ThoughtWorks_new,abc,https://job-boards.greenhouse.io/abc,CANDIDATE,SLUG,board slug/host token equals domain company token but names differ; inspect,false,,LEGACY_SUPPORTED,MULTI_SOURCE_CANDIDATE
EMP-12437,Google Inc,abc.xyz,USA | Australia | EU / Europe,ats-scrapers,6b44a1badc9bfbf5cf176f75265cc5729e520e99,hrmos,株式会社アートブレーンカンパニー（ABC）,abc,https://hrmos.co/pages/abc/jobs,CANDIDATE,SLUG,board slug/host token equals domain company token but names differ; inspect,false,,UNSUPPORTED,MULTI_SOURCE_CANDIDATE
EMP-12437,Google Inc,abc.xyz,USA | Australia | EU / Europe,ats-scrapers,6b44a1badc9bfbf5cf176f75265cc5729e520e99,rippling,abc,abc,https://ats.rippling.com/abc/jobs,CANDIDATE,SLUG,board slug/host token equals domain company token but names differ; inspect,false,,UNSUPPORTED,MULTI_SOURCE_CANDIDATE
EMP-12437,Google Inc,abc.xyz,USA | Australia | EU / Europe,ats-scrapers,6b44a1badc9bfbf5cf176f75265cc5729e520e99,smartrecruiters,Bacalaoo AG,abc,https://careers.smartrecruiters.com/abc,CANDIDATE,SLUG,board slug/host token equals domain company token but names differ; inspect,false,,LEGACY_SUPPORTED,MULTI_SOURCE_CANDIDATE
EMP-12438,BAE Systems,baesystems.com,USA | Australia | Multi-region | Canada,ats-scrapers,6b44a1badc9bfbf5cf176f75265cc5729e520e99,bamboohr,baesystems,baesystems,https://baesystems.bamboohr.com/careers,HIGH_CONFIDENCE,SLUG_PLUS_NAME,board slug/host token equals domain company token + compatible names,false,,UNSUPPORTED,SINGLE_SOURCE_CANDIDATE
EMP-12441,Aireon LLC,,USA | Canada,ats-scrapers,6b44a1badc9bfbf5cf176f75265cc5729e520e99,icims,Aireon,aireon,https://careers-aireon.icims.com,CANDIDATE,NAME_EXACT,"exact normalized name match, no domain evidence; inspect",false,,UNSUPPORTED,MULTI_SOURCE_CANDIDATE
EMP-12441,Aireon LLC,,USA | Canada,ats-scrapers,6b44a1badc9bfbf5cf176f75265cc5729e520e99,pinpoint,Aireon,aireon,https://aireon.pinpointhq.com,CANDIDATE,NAME_EXACT,"exact normalized name match, no domain evidence; inspect",false,,UNSUPPORTED,MULTI_SOURCE_CANDIDATE
EMP-12444,StandardAero,,USA | Canada,ats-scrapers,6b44a1badc9bfbf5cf176f75265cc5729e520e99,oracle,Standard Aero,cva,https://cva.fa.us1.oraclecloud.com/hcmUI/CandidateExperience/en/sites/CX_1,CANDIDATE,NAME_EXACT,"exact normalized name match, no domain evidence; inspect",false,,LEGACY_SUPPORTED,SINGLE_SOURCE_CANDIDATE
EMP-12445,GE Aerospace,,USA | Canada,ats-scrapers,6b44a1badc9bfbf5cf176f75265cc5729e520e99,phenom,GE Aerospace,,https://careers.geaerospace.com,CANDIDATE,NAME_EXACT,"exact normalized name match, no domain evidence; inspect",false,,LEGACY_SUPPORTED,MULTI_SOURCE_CANDIDATE
EMP-12445,GE Aerospace,,USA | Canada,ats-scrapers,6b44a1badc9bfbf5cf176f75265cc5729e520e99,workday,GE Aerospace,geaerospace/ge_externalsite,https://geaerospace.wd5.myworkdayjobs.com/ge_externalsite,CANDIDATE,NAME_EXACT,"exact normalized name match, no domain evidence; inspect",false,,LEGACY_SUPPORTED,MULTI_SOURCE_CANDIDATE
EMP-12447,EVIO,,USA | Canada,ats-scrapers,6b44a1badc9bfbf5cf176f75265cc5729e520e99,greenhouse,Evio,evio,https://job-boards.greenhouse.io/evio,CANDIDATE,NAME_EXACT,"exact normalized name match, no domain evidence; inspect",false,,LEGACY_SUPPORTED,SINGLE_SOURCE_CANDIDATE
EMP-12448,Celestica Corporation,,USA | Canada,ats-scrapers,6b44a1badc9bfbf5cf176f75265cc5729e520e99,successfactors,Celestica,careers,https://careers.celestica.com,CANDIDATE,NAME_EXACT,"exact normalized name match, no domain evidence; inspect",false,,LEGACY_SUPPORTED,SINGLE_SOURCE_CANDIDATE
EMP-12449,Infor,,USA | Canada,ats-scrapers,6b44a1badc9bfbf5cf176f75265cc5729e520e99,avature,infor,infor,https://infor.avature.net/careers/SearchJobs,CANDIDATE,NAME_EXACT,"exact normalized name match, no domain evidence; inspect",false,,LEGACY_SUPPORTED,SINGLE_SOURCE_CANDIDATE
EMP-12450,"KPMG, LLP",kpmg.com,USA | Canada,ats-scrapers,6b44a1badc9bfbf5cf176f75265cc5729e520e99,lever,KPMG LLP,kpmg,https://jobs.lever.co/kpmg,HIGH_CONFIDENCE,SLUG_PLUS_NAME,board slug/host token equals domain company token + compatible names,false,,LEGACY_SUPPORTED,MULTI_SOURCE_CANDIDATE
EMP-12450,"KPMG, LLP",kpmg.com,USA | Canada,ats-scrapers,6b44a1badc9bfbf5cf176f75265cc5729e520e99,moka,KPMG,kpmg/74216,https://app.mokahr.com/social-recruitment/kpmg/74216,HIGH_CONFIDENCE,SLUG_PLUS_NAME,board slug/host token equals domain company token + compatible names,false,,UNSUPPORTED,MULTI_SOURCE_CANDIDATE
EMP-12450,"KPMG, LLP",kpmg.com,USA | Canada,ats-scrapers,6b44a1badc9bfbf5cf176f75265cc5729e520e99,successfactors,Kpmg,KPMGHITPRD,https://careers.kpmg.it,HIGH_CONFIDENCE,URL_EXACT,internal resolved portal URL equals external board URL,false,,LEGACY_SUPPORTED,MULTI_SOURCE_CANDIDATE
EMP-12451,Ernst & Young LLP,ey.com,USA | Canada,ats-scrapers,6b44a1badc9bfbf5cf176f75265cc5729e520e99,moka,EY (Ernst & Young),ey/47410,https://app.mokahr.com/social-recruitment/ey/47410,CANDIDATE,SLUG,board slug/host token equals domain company token but names differ; inspect,false,,UNSUPPORTED,MULTI_SOURCE_CANDIDATE
EMP-12451,Ernst & Young LLP,ey.com,USA | Canada,ats-scrapers,6b44a1badc9bfbf5cf176f75265cc5729e520e99,successfactors,Careers at EY: search jobs,EYHRISPRD1,https://careers.ey.com,HIGH_CONFIDENCE,URL_EXACT,internal resolved portal URL equals external board URL,false,,LEGACY_SUPPORTED,MULTI_SOURCE_CANDIDATE
EMP-12452,Amazon,amazon.com,USA | EU / Europe,ats-scrapers,6b44a1badc9bfbf5cf176f75265cc5729e520e99,breezy,Amazon,amazon,https://amazon.breezy.hr,HIGH_CONFIDENCE,SLUG_PLUS_NAME,board slug/host token equals domain company token + compatible names,false,,UNSUPPORTED,MULTI_SOURCE_CANDIDATE
EMP-12452,Amazon,amazon.com,USA | EU / Europe,ats-scrapers,6b44a1badc9bfbf5cf176f75265cc5729e520e99,personio,amazon,amazon,https://amazon.jobs.personio.com,HIGH_CONFIDENCE,SLUG_PLUS_NAME,board slug/host token equals domain company token + compatible names,false,,UNSUPPORTED,MULTI_SOURCE_CANDIDATE
EMP-12452,Amazon,amazon.com,USA | EU / Europe,ats-scrapers,6b44a1badc9bfbf5cf176f75265cc5729e520e99,smartrecruiters,Amazon,amazon,https://careers.smartrecruiters.com/amazon,HIGH_CONFIDENCE,SLUG_PLUS_NAME,board slug/host token equals domain company token + compatible names,false,,LEGACY_SUPPORTED,MULTI_SOURCE_CANDIDATE
EMP-12452,Amazon,amazon.com,USA | EU / Europe,ats-scrapers,6b44a1badc9bfbf5cf176f75265cc5729e520e99,workable,Amazon,amazon,https://apply.workable.com/amazon,HIGH_CONFIDENCE,SLUG_PLUS_NAME,board slug/host token equals domain company token + compatible names,false,,UNSUPPORTED,MULTI_SOURCE_CANDIDATE
EMP-12453,Iron Mountain,,USA | EU / Europe,ats-scrapers,6b44a1badc9bfbf5cf176f75265cc5729e520e99,join_com,Iron mountain,ironmountain1,https://join.com/companies/ironmountain1,CANDIDATE,NAME_EXACT,"exact normalized name match, no domain evidence; inspect",false,,UNSUPPORTED,MULTI_SOURCE_CANDIDATE
EMP-12453,Iron Mountain,,USA | EU / Europe,ats-scrapers,6b44a1badc9bfbf5cf176f75265cc5729e520e99,workday,Iron Mountain,ironmountain/iron-mountain-jobs,https://ironmountain.wd5.myworkdayjobs.com/iron-mountain-jobs,CANDIDATE,NAME_EXACT,"exact normalized name match, no domain evidence; inspect",false,,LEGACY_SUPPORTED,MULTI_SOURCE_CANDIDATE
EMP-12455,Intel,intel.com,USA | EU / Europe,ats-scrapers,6b44a1badc9bfbf5cf176f75265cc5729e520e99,teamtailor,Intel,intel,https://intel.teamtailor.com,HIGH_CONFIDENCE,SLUG_PLUS_NAME,board slug/host token equals domain company token + compatible names,false,,UNSUPPORTED,MULTI_SOURCE_CANDIDATE
EMP-12455,Intel,intel.com,USA | EU / Europe,ats-scrapers,6b44a1badc9bfbf5cf176f75265cc5729e520e99,workday,Intel,intel/external,https://intel.wd1.myworkdayjobs.com/external,HIGH_CONFIDENCE,SLUG_PLUS_NAME,board slug/host token equals domain company token + compatible names,false,,LEGACY_SUPPORTED,MULTI_SOURCE_CANDIDATE
EMP-12457,Cisco,cisco.com,USA | Europe | Italy,ats-scrapers,6b44a1badc9bfbf5cf176f75265cc5729e520e99,workday,Cisco,cisco/cisco_careers,https://cisco.wd5.myworkdayjobs.com/cisco_careers,HIGH_CONFIDENCE,SLUG_PLUS_NAME,board slug/host token equals domain company token + compatible names,false,,LEGACY_SUPPORTED,SINGLE_SOURCE_CANDIDATE
EMP-12459,Volkswagen,volkswagen-group.com,USA | Germany,ats-scrapers,6b44a1badc9bfbf5cf176f75265cc5729e520e99,successfactors,Your job at the Volkswagen Group,VWAGLPPROD10,https://jobs.volkswagen-group.com,HIGH_CONFIDENCE,URL_EXACT,internal resolved portal URL equals external board URL,false,,LEGACY_SUPPORTED,SINGLE_SOURCE_CANDIDATE
EMP-12463,Red Hat,,USA | Italy,ats-scrapers,6b44a1badc9bfbf5cf176f75265cc5729e520e99,workday,Red Hat,redhat/jobs,https://redhat.wd5.myworkdayjobs.com/jobs,CANDIDATE,NAME_EXACT,"exact normalized name match, no domain evidence; inspect",false,,LEGACY_SUPPORTED,SINGLE_SOURCE_CANDIDATE
EMP-12465,Infosys Limited,infosys.com,USA | Multi-region,ats-scrapers,6b44a1badc9bfbf5cf176f75265cc5729e520e99,workday,BLS,infosys/bls_careers,https://infosys.wd103.myworkdayjobs.com/BLS_Careers,CANDIDATE,SLUG,board slug/host token equals domain company token but names differ; inspect,false,,LEGACY_SUPPORTED,SINGLE_SOURCE_CANDIDATE
EMP-12467,Leidos Corporation,leidos.com,USA | Multi-region,ats-scrapers,6b44a1badc9bfbf5cf176f75265cc5729e520e99,bamboohr,leidos,leidos,https://leidos.bamboohr.com/careers,HIGH_CONFIDENCE,SLUG_PLUS_NAME,board slug/host token equals domain company token + compatible names,false,,UNSUPPORTED,MULTI_SOURCE_CANDIDATE
EMP-12467,Leidos Corporation,leidos.com,USA | Multi-region,ats-scrapers,6b44a1badc9bfbf5cf176f75265cc5729e520e99,workday,Leidos,leidos/external,https://leidos.wd5.myworkdayjobs.com/external,HIGH_CONFIDENCE,SLUG_PLUS_NAME,board slug/host token equals domain company token + compatible names,false,,LEGACY_SUPPORTED,MULTI_SOURCE_CANDIDATE
EMP-12468,Eaton Corporation,eaton.com,USA | Multi-region,ats-scrapers,6b44a1badc9bfbf5cf176f75265cc5729e520e99,eightfold,Eaton,eaton,https://eaton.eightfold.ai/careers,HIGH_CONFIDENCE,URL_EXACT,internal resolved portal URL equals external board URL,false,,DECLARATIVE_SUPPORTED,SINGLE_SOURCE_CANDIDATE
EMP-12469,Aptiv,aptiv.com,USA | Multi-region,ats-scrapers,6b44a1badc9bfbf5cf176f75265cc5729e520e99,join_com,Aptiv Services Deutschland GmbH,aptiv,https://join.com/companies/aptiv,HIGH_CONFIDENCE,SLUG_PLUS_NAME,board slug/host token equals domain company token + compatible names,false,,UNSUPPORTED,MULTI_SOURCE_CANDIDATE
EMP-12469,Aptiv,aptiv.com,USA | Multi-region,ats-scrapers,6b44a1badc9bfbf5cf176f75265cc5729e520e99,workday,Aptiv,aptiv/aptiv_careers,https://aptiv.wd5.myworkdayjobs.com/aptiv_careers,HIGH_CONFIDENCE,SLUG_PLUS_NAME,board slug/host token equals domain company token + compatible names,false,,LEGACY_SUPPORTED,MULTI_SOURCE_CANDIDATE
EMP-12471,Zscaler,zscaler.com,USA | Multi-region,ats-scrapers,6b44a1badc9bfbf5cf176f75265cc5729e520e99,greenhouse,Zscaler,zscaler,https://job-boards.greenhouse.io/zscaler,HIGH_CONFIDENCE,SLUG_PLUS_NAME,board slug/host token equals domain company token + compatible names,false,,LEGACY_SUPPORTED,SINGLE_SOURCE_CANDIDATE
EMP-12474,Salesforce,salesforce.com,USA | Multi-region | Italy,ats-scrapers,6b44a1badc9bfbf5cf176f75265cc5729e520e99,workday,Salesforce (Mulesoft Careersite),salesforce/Mulesoft_Careersite,https://salesforce.wd12.myworkdayjobs.com/Mulesoft_Careersite,HIGH_CONFIDENCE,SLUG_PLUS_NAME,board slug/host token equals domain company token + compatible names,false,,LEGACY_SUPPORTED,MULTI_SOURCE_CANDIDATE
EMP-12474,Salesforce,salesforce.com,USA | Multi-region | Italy,ats-scrapers,6b44a1badc9bfbf5cf176f75265cc5729e520e99,workday,Salesforce,salesforce/external_career_site,https://salesforce.wd12.myworkdayjobs.com/external_career_site,HIGH_CONFIDENCE,SLUG_PLUS_NAME,board slug/host token equals domain company token + compatible names,false,,LEGACY_SUPPORTED,MULTI_SOURCE_CANDIDATE
EMP-12474,Salesforce,salesforce.com,USA | Multi-region | Italy,ats-scrapers,6b44a1badc9bfbf5cf176f75265cc5729e520e99,workday,Slack,salesforce/slack,https://salesforce.wd12.myworkdayjobs.com/slack,CANDIDATE,SLUG,board slug/host token equals domain company token but names differ; inspect,false,,LEGACY_SUPPORTED,MULTI_SOURCE_CANDIDATE
EMP-12475,Schneider Electric,se.com,USA | Multi-region | Italy | Germany | France | UK | Singapore,ats-scrapers,6b44a1badc9bfbf5cf176f75265cc5729e520e99,icims,se,se,https://careers-se.icims.com,CANDIDATE,SLUG,board slug/host token equals domain company token but names differ; inspect,false,,UNSUPPORTED,SINGLE_SOURCE_CANDIDATE
EMP-12478,DroneShield,,USA | Netherlands,ats-scrapers,6b44a1badc9bfbf5cf176f75265cc5729e520e99,rippling,DroneShield,droneshield,https://ats.rippling.com/droneshield/jobs,CANDIDATE,NAME_EXACT,"exact normalized name match, no domain evidence; inspect",false,,UNSUPPORTED,MULTI_SOURCE_CANDIDATE
EMP-12478,DroneShield,,USA | Netherlands,ats-scrapers,6b44a1badc9bfbf5cf176f75265cc5729e520e99,smartrecruiters,DroneShield,droneshield,https://careers.smartrecruiters.com/droneshield,CANDIDATE,NAME_EXACT,"exact normalized name match, no domain evidence; inspect",false,,LEGACY_SUPPORTED,MULTI_SOURCE_CANDIDATE
EMP-12480,Lam Research,,USA | Singapore,ats-scrapers,6b44a1badc9bfbf5cf176f75265cc5729e520e99,eightfold,Lam Research,lamresearch,https://lamresearch.eightfold.ai/careers,CANDIDATE,NAME_EXACT,"exact normalized name match, no domain evidence; inspect",false,,DECLARATIVE_SUPPORTED,MULTI_SOURCE_CANDIDATE
EMP-12480,Lam Research,,USA | Singapore,ats-scrapers,6b44a1badc9bfbf5cf176f75265cc5729e520e99,smartrecruiters,Lam Research,lamresearch,https://careers.smartrecruiters.com/lamresearch,CANDIDATE,NAME_EXACT,"exact normalized name match, no domain evidence; inspect",false,,LEGACY_SUPPORTED,MULTI_SOURCE_CANDIDATE
EMP-12481,Synopsys,,USA | Singapore,ats-scrapers,6b44a1badc9bfbf5cf176f75265cc5729e520e99,avature,Synopsys,synopsys,https://synopsys.avature.net/careers/SearchJobs,CANDIDATE,NAME_EXACT,"exact normalized name match, no domain evidence; inspect",false,,LEGACY_SUPPORTED,MULTI_SOURCE_CANDIDATE
EMP-12481,Synopsys,,USA | Singapore,ats-scrapers,6b44a1badc9bfbf5cf176f75265cc5729e520e99,smartrecruiters,Synopsys,synopsys,https://careers.smartrecruiters.com/synopsys,CANDIDATE,NAME_EXACT,"exact normalized name match, no domain evidence; inspect",false,,LEGACY_SUPPORTED,MULTI_SOURCE_CANDIDATE
EMP-12485,GlobalFoundries,,USA | Singapore,ats-scrapers,6b44a1badc9bfbf5cf176f75265cc5729e520e99,eightfold,GlobalFoundries,globalfoundries,https://globalfoundries.eightfold.ai/careers,CANDIDATE,NAME_EXACT,"exact normalized name match, no domain evidence; inspect",false,,DECLARATIVE_SUPPORTED,MULTI_SOURCE_CANDIDATE
EMP-12485,GlobalFoundries,,USA | Singapore,ats-scrapers,6b44a1badc9bfbf5cf176f75265cc5729e520e99,workday,Globalfoundries,globalfoundries/external,https://globalfoundries.wd1.myworkdayjobs.com/external,CANDIDATE,NAME_EXACT,"exact normalized name match, no domain evidence; inspect",false,,LEGACY_SUPPORTED,MULTI_SOURCE_CANDIDATE
EMP-12487,Capital One,,USA | UK,ats-scrapers,6b44a1badc9bfbf5cf176f75265cc5729e520e99,workday,Capital One,capitalone/capital_one,https://capitalone.wd12.myworkdayjobs.com/capital_one,CANDIDATE,NAME_EXACT,"exact normalized name match, no domain evidence; inspect",false,,LEGACY_SUPPORTED,SINGLE_SOURCE_CANDIDATE
EMP-12490,Capstone LLC,,USA | UK,ats-scrapers,6b44a1badc9bfbf5cf176f75265cc5729e520e99,bamboohr,capstone,capstone,https://capstone.bamboohr.com/careers,CANDIDATE,NAME_EXACT,"exact normalized name match, no domain evidence; inspect",false,,UNSUPPORTED,MULTI_SOURCE_CANDIDATE
EMP-12490,Capstone LLC,,USA | UK,ats-scrapers,6b44a1badc9bfbf5cf176f75265cc5729e520e99,join_com,Capstone,agencylaunchpadio,https://join.com/companies/agencylaunchpadio,CANDIDATE,NAME_EXACT,"exact normalized name match, no domain evidence; inspect",false,,UNSUPPORTED,MULTI_SOURCE_CANDIDATE
EMP-12491,AbbVie,abbvie.com,USA | UK,ats-scrapers,6b44a1badc9bfbf5cf176f75265cc5729e520e99,smartrecruiters,AbbVie,abbvie,https://careers.smartrecruiters.com/abbvie,HIGH_CONFIDENCE,SLUG_PLUS_NAME,board slug/host token equals domain company token + compatible names,false,,LEGACY_SUPPORTED,SINGLE_SOURCE_CANDIDATE
EMP-12492,Amgen,amgen.com,USA | UK,ats-scrapers,6b44a1badc9bfbf5cf176f75265cc5729e520e99,workday,Amgen,amgen/careers,https://amgen.wd1.myworkdayjobs.com/careers,HIGH_CONFIDENCE,SLUG_PLUS_NAME,board slug/host token equals domain company token + compatible names,false,,LEGACY_SUPPORTED,SINGLE_SOURCE_CANDIDATE
EMP-12493,Gilead Sciences,gilead.com,USA | UK,ats-scrapers,6b44a1badc9bfbf5cf176f75265cc5729e520e99,workday,"Gilead Sciences, Inc",gilead/gileadcareers,https://gilead.wd1.myworkdayjobs.com/gileadcareers,HIGH_CONFIDENCE,SLUG_PLUS_NAME,board slug/host token equals domain company token + compatible names,false,,LEGACY_SUPPORTED,MULTI_SOURCE_CANDIDATE
EMP-12493,Gilead Sciences,gilead.com,USA | UK,ats-scrapers,6b44a1badc9bfbf5cf176f75265cc5729e520e99,workday,"Gilead Sciences, Inc (Gileadhotjobcareers)",gilead/gileadhotjobcareers,https://gilead.wd1.myworkdayjobs.com/gileadhotjobcareers,HIGH_CONFIDENCE,SLUG_PLUS_NAME,board slug/host token equals domain company token + compatible names,false,,LEGACY_SUPPORTED,MULTI_SOURCE_CANDIDATE
EMP-12493,Gilead Sciences,gilead.com,USA | UK,ats-scrapers,6b44a1badc9bfbf5cf176f75265cc5729e520e99,workday,"Gilead Sciences, Inc (Kitepharmacareers)",gilead/kitepharmacareers,https://gilead.wd1.myworkdayjobs.com/kitepharmacareers,HIGH_CONFIDENCE,SLUG_PLUS_NAME,board slug/host token equals domain company token + compatible names,false,,LEGACY_SUPPORTED,MULTI_SOURCE_CANDIDATE
EMP-12494,Pfizer,pfizer.com,USA | UK,ats-scrapers,6b44a1badc9bfbf5cf176f75265cc5729e520e99,workday,Pfizer (Internaljobs),pfizer/internaljobs,https://pfizer.wd1.myworkdayjobs.com/internaljobs,HIGH_CONFIDENCE,SLUG_PLUS_NAME,board slug/host token equals domain company token + compatible names,false,,LEGACY_SUPPORTED,MULTI_SOURCE_CANDIDATE
EMP-12494,Pfizer,pfizer.com,USA | UK,ats-scrapers,6b44a1badc9bfbf5cf176f75265cc5729e520e99,workday,Pfizer,pfizer/pfizercareers,https://pfizer.wd1.myworkdayjobs.com/pfizercareers,HIGH_CONFIDENCE,SLUG_PLUS_NAME,board slug/host token equals domain company token + compatible names,false,,LEGACY_SUPPORTED,MULTI_SOURCE_CANDIDATE
EMP-12496,AstraZeneca,astrazeneca.com,USA | UK,ats-scrapers,6b44a1badc9bfbf5cf176f75265cc5729e520e99,eightfold,AstraZeneca,astrazeneca,https://astrazeneca.eightfold.ai/careers,HIGH_CONFIDENCE,DOMAIN_EXACT,eightfold registry domain equals internal corporate domain,false,,DECLARATIVE_SUPPORTED,MULTI_SOURCE_CANDIDATE
EMP-12496,AstraZeneca,astrazeneca.com,USA | UK,ats-scrapers,6b44a1badc9bfbf5cf176f75265cc5729e520e99,workday,AstraZeneca (Alexion),astrazeneca/Alexion,https://astrazeneca.wd3.myworkdayjobs.com/Alexion,HIGH_CONFIDENCE,SLUG_PLUS_NAME,board slug/host token equals domain company token + compatible names,false,,LEGACY_SUPPORTED,MULTI_SOURCE_CANDIDATE
EMP-12496,AstraZeneca,astrazeneca.com,USA | UK,ats-scrapers,6b44a1badc9bfbf5cf176f75265cc5729e520e99,workday,AstraZeneca (Emerging Talent),astrazeneca/Emerging-Talent,https://astrazeneca.wd3.myworkdayjobs.com/Emerging-Talent,HIGH_CONFIDENCE,SLUG_PLUS_NAME,board slug/host token equals domain company token + compatible names,false,,LEGACY_SUPPORTED,MULTI_SOURCE_CANDIDATE
EMP-12496,AstraZeneca,astrazeneca.com,USA | UK,ats-scrapers,6b44a1badc9bfbf5cf176f75265cc5729e520e99,workday,AstraZeneca,astrazeneca/careers,https://astrazeneca.wd3.myworkdayjobs.com/careers,HIGH_CONFIDENCE,SLUG_PLUS_NAME,board slug/host token equals domain company token + compatible names,false,,LEGACY_SUPPORTED,MULTI_SOURCE_CANDIDATE
EMP-12498,Eisai,,USA | UK,ats-scrapers,6b44a1badc9bfbf5cf176f75265cc5729e520e99,workday,Eisai,eisai/eisai,https://eisai.wd5.myworkdayjobs.com/eisai,CANDIDATE,NAME_EXACT,"exact normalized name match, no domain evidence; inspect",false,,LEGACY_SUPPORTED,SINGLE_SOURCE_CANDIDATE
EMP-12500,Ipsen,,USA | UK,ats-scrapers,6b44a1badc9bfbf5cf176f75265cc5729e520e99,workday,Ipsen,ipsen/ipsen_careers,https://ipsen.wd103.myworkdayjobs.com/ipsen_careers,CANDIDATE,NAME_EXACT,"exact normalized name match, no domain evidence; inspect",false,,LEGACY_SUPPORTED,SINGLE_SOURCE_CANDIDATE
EMP-12502,Novo Nordisk,novonordisk.com,USA | UK,ats-scrapers,6b44a1badc9bfbf5cf176f75265cc5729e520e99,successfactors,Novo Nordisk,novonordisk,https://careers.novonordisk.com,HIGH_CONFIDENCE,SLUG_PLUS_NAME,board slug/host token equals domain company token + compatible names,false,,LEGACY_SUPPORTED,SINGLE_SOURCE_CANDIDATE
EMP-12503,Sanofi,sanofi.com,USA | UK | France,ats-scrapers,6b44a1badc9bfbf5cf176f75265cc5729e520e99,workday,Sanofi,sanofi/sanoficareers,https://sanofi.wd3.myworkdayjobs.com/sanoficareers,HIGH_CONFIDENCE,SLUG_PLUS_NAME,board slug/host token equals domain company token + compatible names,false,,LEGACY_SUPPORTED,SINGLE_SOURCE_CANDIDATE
