internal_company_id,internal_company_name,internal_domain,internal_country,external_provider,external_provider_commit,external_ats_family,external_company_name,external_slug,external_url,match_class,match_basis,confidence_reason,verified,verified_at,jrc_support,source_multiplicity
EMP-00020,HSBC Bank Australia,hsbc.com,Australia,ats-scrapers,6b44a1badc9bfbf5cf176f75265cc5729e520e99,eightfold,HSBC,hsbc,https://hsbc.eightfold.ai/careers,HIGH_CONFIDENCE,SLUG_PLUS_NAME,board slug/host token equals domain company token + compatible names,false,,DECLARATIVE_SUPPORTED,SINGLE_SOURCE_CANDIDATE
EMP-00026,PayPal Australia,paypal.com,Australia,ats-scrapers,6b44a1badc9bfbf5cf176f75265cc5729e520e99,eightfold,PayPal,paypal,https://paypal.eightfold.ai/careers,HIGH_CONFIDENCE,SLUG_PLUS_NAME,board slug/host token equals domain company token + compatible names,false,,DECLARATIVE_SUPPORTED,MULTI_SOURCE_CANDIDATE
EMP-00026,PayPal Australia,paypal.com,Australia,ats-scrapers,6b44a1badc9bfbf5cf176f75265cc5729e520e99,workday,PayPal,paypal/jobs,https://paypal.wd1.myworkdayjobs.com/jobs,HIGH_CONFIDENCE,URL_EXACT,internal resolved portal URL equals external board URL,false,,LEGACY_SUPPORTED,MULTI_SOURCE_CANDIDATE
EMP-00027,Rabobank Australia,rabobank.com.au,Australia,ats-scrapers,6b44a1badc9bfbf5cf176f75265cc5729e520e99,workday,Rabobank,rabobank/jobs,https://rabobank.wd3.myworkdayjobs.com/jobs,HIGH_CONFIDENCE,SLUG_PLUS_NAME,board slug/host token equals domain company token + compatible names,false,,LEGACY_SUPPORTED,SINGLE_SOURCE_CANDIDATE
EMP-00029,Suncorp Bank,suncorpbank.com.au,Australia,ats-scrapers,6b44a1badc9bfbf5cf176f75265cc5729e520e99,successfactors,ANZ Banking Careers,anzbanking,https://careers.anz.com,HIGH_CONFIDENCE,URL_EXACT,internal resolved portal URL equals external board URL,false,,LEGACY_SUPPORTED,SINGLE_SOURCE_CANDIDATE
EMP-00030,Wise Australia,wise.com,Australia,ats-scrapers,6b44a1badc9bfbf5cf176f75265cc5729e520e99,smartrecruiters,Wise,Wise,https://careers.smartrecruiters.com/Wise,HIGH_CONFIDENCE,SLUG_PLUS_NAME,board slug/host token equals domain company token + compatible names,false,,LEGACY_SUPPORTED,SINGLE_SOURCE_CANDIDATE
EMP-00105,Shell Energy Australia,shell.com,Australia,ats-scrapers,6b44a1badc9bfbf5cf176f75265cc5729e520e99,workday,Work at Shell,shell/shellcareers,https://shell.wd3.myworkdayjobs.com/shellcareers,HIGH_CONFIDENCE,URL_EXACT,internal resolved portal URL equals external board URL,false,,LEGACY_SUPPORTED,MULTI_SOURCE_CANDIDATE
EMP-00119,Avant Insurance,avant.org.au,Australia,ats-scrapers,6b44a1badc9bfbf5cf176f75265cc5729e520e99,workday,Avant,avant/external_careers,https://avant.wd503.myworkdayjobs.com/external_careers,HIGH_CONFIDENCE,SLUG_PLUS_NAME,board slug/host token equals domain company token + compatible names,false,,LEGACY_SUPPORTED,SINGLE_SOURCE_CANDIDATE
EMP-00120,Chubb Insurance Australia,chubb.com,Australia,ats-scrapers,6b44a1badc9bfbf5cf176f75265cc5729e520e99,hrmos,Chubb損害保険株式会社,chubb,https://hrmos.co/pages/chubb/jobs,HIGH_CONFIDENCE,SLUG_PLUS_NAME,board slug/host token equals domain company token + compatible names,false,,UNSUPPORTED,SINGLE_SOURCE_CANDIDATE
EMP-00137,Swiss Re Australia,swissre.com,Australia,ats-scrapers,6b44a1badc9bfbf5cf176f75265cc5729e520e99,successfactors,Swiss Re,careers,https://careers.swissre.com,HIGH_CONFIDENCE,URL_EXACT,internal resolved portal URL equals external board URL,false,,LEGACY_SUPPORTED,SINGLE_SOURCE_CANDIDATE
EMP-00143,Alcoa Australia,alcoa.com,Australia,ats-scrapers,6b44a1badc9bfbf5cf176f75265cc5729e520e99,workday,Alcoa,alcoa/careers,https://alcoa.wd5.myworkdayjobs.com/careers,HIGH_CONFIDENCE,SLUG_PLUS_NAME,board slug/host token equals domain company token + compatible names,false,,LEGACY_SUPPORTED,SINGLE_SOURCE_CANDIDATE
EMP-00154,Newmont Australia,newmont.com,Australia,ats-scrapers,6b44a1badc9bfbf5cf176f75265cc5729e520e99,successfactors,Newmont,newmont,https://newmont.jobs2web.com,HIGH_CONFIDENCE,SLUG_PLUS_NAME,board slug/host token equals domain company token + compatible names,false,,LEGACY_SUPPORTED,SINGLE_SOURCE_CANDIDATE
EMP-00159,South32,south32.net,Australia,ats-scrapers,6b44a1badc9bfbf5cf176f75265cc5729e520e99,successfactors,South32 Group Operations Pty Ltd,careers,https://careers.south32.net,HIGH_CONFIDENCE,URL_EXACT,internal resolved portal URL equals external board URL,false,,LEGACY_SUPPORTED,SINGLE_SOURCE_CANDIDATE
EMP-00160,Thiess,thiess.com,Australia,ats-scrapers,6b44a1badc9bfbf5cf176f75265cc5729e520e99,greenhouse,Thiess,thiess,https://job-boards.greenhouse.io/thiess,HIGH_CONFIDENCE,SLUG_PLUS_NAME,board slug/host token equals domain company token + compatible names,false,,LEGACY_SUPPORTED,SINGLE_SOURCE_CANDIDATE
EMP-00162,Yancoal Australia,yancoal.com.au,Australia,ats-scrapers,6b44a1badc9bfbf5cf176f75265cc5729e520e99,successfactors,Yancoal,careers,https://careers.yancoal.com.au,HIGH_CONFIDENCE,URL_EXACT,internal resolved portal URL equals external board URL,false,,LEGACY_SUPPORTED,SINGLE_SOURCE_CANDIDATE
EMP-00163,Accenture Australia,accenture.com,Australia,ats-scrapers,6b44a1badc9bfbf5cf176f75265cc5729e520e99,bamboohr,accenture,accenture,https://accenture.bamboohr.com/careers,HIGH_CONFIDENCE,SLUG_PLUS_NAME,board slug/host token equals domain company token + compatible names,false,,UNSUPPORTED,MULTI_SOURCE_CANDIDATE
EMP-00163,Accenture Australia,accenture.com,Australia,ats-scrapers,6b44a1badc9bfbf5cf176f75265cc5729e520e99,breezy,Accenture,accenture,https://accenture.breezy.hr,HIGH_CONFIDENCE,SLUG_PLUS_NAME,board slug/host token equals domain company token + compatible names,false,,UNSUPPORTED,MULTI_SOURCE_CANDIDATE
EMP-00163,Accenture Australia,accenture.com,Australia,ats-scrapers,6b44a1badc9bfbf5cf176f75265cc5729e520e99,join_com,Accenture,accenture,https://join.com/companies/accenture,HIGH_CONFIDENCE,SLUG_PLUS_NAME,board slug/host token equals domain company token + compatible names,false,,UNSUPPORTED,MULTI_SOURCE_CANDIDATE
EMP-00163,Accenture Australia,accenture.com,Australia,ats-scrapers,6b44a1badc9bfbf5cf176f75265cc5729e520e99,pinpoint,Accenture,accenture,https://accenture.pinpointhq.com,HIGH_CONFIDENCE,SLUG_PLUS_NAME,board slug/host token equals domain company token + compatible names,false,,UNSUPPORTED,MULTI_SOURCE_CANDIDATE
EMP-00163,Accenture Australia,accenture.com,Australia,ats-scrapers,6b44a1badc9bfbf5cf176f75265cc5729e520e99,smartrecruiters,accenture,accenture,https://careers.smartrecruiters.com/accenture,HIGH_CONFIDENCE,SLUG_PLUS_NAME,board slug/host token equals domain company token + compatible names,false,,LEGACY_SUPPORTED,MULTI_SOURCE_CANDIDATE
EMP-00163,Accenture Australia,accenture.com,Australia,ats-scrapers,6b44a1badc9bfbf5cf176f75265cc5729e520e99,workable,Accenture,accenture,https://apply.workable.com/accenture,HIGH_CONFIDENCE,SLUG_PLUS_NAME,board slug/host token equals domain company token + compatible names,false,,UNSUPPORTED,MULTI_SOURCE_CANDIDATE
EMP-00163,Accenture Australia,accenture.com,Australia,ats-scrapers,6b44a1badc9bfbf5cf176f75265cc5729e520e99,workday,Accenture,accenture/accenturecareers,https://accenture.wd103.myworkdayjobs.com/accenturecareers,HIGH_CONFIDENCE,SLUG_PLUS_NAME,board slug/host token equals domain company token + compatible names,false,,LEGACY_SUPPORTED,MULTI_SOURCE_CANDIDATE
EMP-00202,AWS – Amazon Web Services,amazon.com,Australia,ats-scrapers,6b44a1badc9bfbf5cf176f75265cc5729e520e99,breezy,Amazon,amazon,https://amazon.breezy.hr,HIGH_CONFIDENCE,SLUG_PLUS_NAME,board slug/host token equals domain company token + compatible names,false,,UNSUPPORTED,MULTI_SOURCE_CANDIDATE
EMP-00202,AWS – Amazon Web Services,amazon.com,Australia,ats-scrapers,6b44a1badc9bfbf5cf176f75265cc5729e520e99,personio,amazon,amazon,https://amazon.jobs.personio.com,HIGH_CONFIDENCE,SLUG_PLUS_NAME,board slug/host token equals domain company token + compatible names,false,,UNSUPPORTED,MULTI_SOURCE_CANDIDATE
EMP-00202,AWS – Amazon Web Services,amazon.com,Australia,ats-scrapers,6b44a1badc9bfbf5cf176f75265cc5729e520e99,smartrecruiters,Amazon,amazon,https://careers.smartrecruiters.com/amazon,HIGH_CONFIDENCE,SLUG_PLUS_NAME,board slug/host token equals domain company token + compatible names,false,,LEGACY_SUPPORTED,MULTI_SOURCE_CANDIDATE
EMP-00202,AWS – Amazon Web Services,amazon.com,Australia,ats-scrapers,6b44a1badc9bfbf5cf176f75265cc5729e520e99,workable,Amazon,amazon,https://apply.workable.com/amazon,HIGH_CONFIDENCE,SLUG_PLUS_NAME,board slug/host token equals domain company token + compatible names,false,,UNSUPPORTED,MULTI_SOURCE_CANDIDATE
EMP-00204,Canva,canva.com,Australia,ats-scrapers,6b44a1badc9bfbf5cf176f75265cc5729e520e99,smartrecruiters,Canva,canva,https://careers.smartrecruiters.com/canva,HIGH_CONFIDENCE,SLUG_PLUS_NAME,board slug/host token equals domain company token + compatible names,false,,LEGACY_SUPPORTED,MULTI_SOURCE_CANDIDATE
EMP-00204,Canva,canva.com,Australia,ats-scrapers,6b44a1badc9bfbf5cf176f75265cc5729e520e99,teamtailor,Canva,canva,https://canva.teamtailor.com,HIGH_CONFIDENCE,SLUG_PLUS_NAME,board slug/host token equals domain company token + compatible names,false,,UNSUPPORTED,MULTI_SOURCE_CANDIDATE
EMP-00241,Shopify,shopify.com,Australia,ats-scrapers,6b44a1badc9bfbf5cf176f75265cc5729e520e99,teamtailor,shopify,shopify,https://shopify.teamtailor.com,HIGH_CONFIDENCE,SLUG_PLUS_NAME,board slug/host token equals domain company token + compatible names,false,,UNSUPPORTED,SINGLE_SOURCE_CANDIDATE
EMP-00253,Telstra,telstra.com.au,Australia,ats-scrapers,6b44a1badc9bfbf5cf176f75265cc5729e520e99,workday,Telstra,telstra/telstra_careers,https://telstra.wd3.myworkdayjobs.com/Telstra_Careers,HIGH_CONFIDENCE,SLUG_PLUS_NAME,board slug/host token equals domain company token + compatible names,false,,LEGACY_SUPPORTED,SINGLE_SOURCE_CANDIDATE
EMP-00261,Cisco Systems Australia,cisco.com,Australia,ats-scrapers,6b44a1badc9bfbf5cf176f75265cc5729e520e99,workday,Cisco,cisco/cisco_careers,https://cisco.wd5.myworkdayjobs.com/cisco_careers,HIGH_CONFIDENCE,SLUG_PLUS_NAME,board slug/host token equals domain company token + compatible names,false,,LEGACY_SUPPORTED,SINGLE_SOURCE_CANDIDATE
EMP-00263,Ericsson Australia,ericsson.com,Australia,ats-scrapers,6b44a1badc9bfbf5cf176f75265cc5729e520e99,eightfold,Ericsson,ericsson,https://ericsson.eightfold.ai/careers,HIGH_CONFIDENCE,SLUG_PLUS_NAME,board slug/host token equals domain company token + compatible names,false,,DECLARATIVE_SUPPORTED,MULTI_SOURCE_CANDIDATE
EMP-00263,Ericsson Australia,ericsson.com,Australia,ats-scrapers,6b44a1badc9bfbf5cf176f75265cc5729e520e99,smartrecruiters,Ericsson,ericsson,https://careers.smartrecruiters.com/ericsson,HIGH_CONFIDENCE,SLUG_PLUS_NAME,board slug/host token equals domain company token + compatible names,false,,LEGACY_SUPPORTED,MULTI_SOURCE_CANDIDATE
EMP-00263,Ericsson Australia,ericsson.com,Australia,ats-scrapers,6b44a1badc9bfbf5cf176f75265cc5729e520e99,successfactors,Ericsson,Ericsson,https://career2.successfactors.eu/career?company=Ericsson,HIGH_CONFIDENCE,SLUG_PLUS_NAME,board slug/host token equals domain company token + compatible names,false,,LEGACY_SUPPORTED,MULTI_SOURCE_CANDIDATE
EMP-00280,Apple,apple.com,Australia | EU / Europe | USA,ats-scrapers,6b44a1badc9bfbf5cf176f75265cc5729e520e99,workable,Apple,apple,https://apply.workable.com/apple,HIGH_CONFIDENCE,SLUG_PLUS_NAME,board slug/host token equals domain company token + compatible names,false,,UNSUPPORTED,SINGLE_SOURCE_CANDIDATE
EMP-00283,Atlassian,atlassian.com,Australia | Multi-region,ats-scrapers,6b44a1badc9bfbf5cf176f75265cc5729e520e99,teamtailor,Atlassian,atlassian,https://atlassian.teamtailor.com,HIGH_CONFIDENCE,SLUG_PLUS_NAME,board slug/host token equals domain company token + compatible names,false,,UNSUPPORTED,SINGLE_SOURCE_CANDIDATE
EMP-00285,Stripe,stripe.com,Australia | Multi-region,ats-scrapers,6b44a1badc9bfbf5cf176f75265cc5729e520e99,greenhouse,Stripe,stripe,https://job-boards.greenhouse.io/stripe,HIGH_CONFIDENCE,URL_EXACT,internal resolved portal URL equals external board URL,false,,LEGACY_SUPPORTED,SINGLE_SOURCE_CANDIDATE
EMP-00286,NEXTDC,nextdc.com,Australia | Multi-region,ats-scrapers,6b44a1badc9bfbf5cf176f75265cc5729e520e99,smartrecruiters,NEXTDC,nextdc,https://careers.smartrecruiters.com/nextdc,HIGH_CONFIDENCE,SLUG_PLUS_NAME,board slug/host token equals domain company token + compatible names,false,,LEGACY_SUPPORTED,SINGLE_SOURCE_CANDIDATE
EMP-00287,Cloudflare,cloudflare.com,Australia | Multi-region | Canada,ats-scrapers,6b44a1badc9bfbf5cf176f75265cc5729e520e99,greenhouse,Cloudflare,cloudflare,https://job-boards.greenhouse.io/cloudflare,HIGH_CONFIDENCE,SLUG_PLUS_NAME,board slug/host token equals domain company token + compatible names,false,,LEGACY_SUPPORTED,MULTI_SOURCE_CANDIDATE
EMP-00287,Cloudflare,cloudflare.com,Australia | Multi-region | Canada,ats-scrapers,6b44a1badc9bfbf5cf176f75265cc5729e520e99,smartrecruiters,Cloudflare,cloudflare,https://careers.smartrecruiters.com/cloudflare,HIGH_CONFIDENCE,SLUG_PLUS_NAME,board slug/host token equals domain company token + compatible names,false,,LEGACY_SUPPORTED,MULTI_SOURCE_CANDIDATE
EMP-00291,Resmed,resmed.com,Australia | Multi-region | USA,ats-scrapers,6b44a1badc9bfbf5cf176f75265cc5729e520e99,workday,Resmed (MatrixCare External Careers),resmed/MatrixCare_External_Careers,https://resmed.wd3.myworkdayjobs.com/MatrixCare_External_Careers,HIGH_CONFIDENCE,SLUG_PLUS_NAME,board slug/host token equals domain company token + compatible names,false,,LEGACY_SUPPORTED,MULTI_SOURCE_CANDIDATE
EMP-00291,Resmed,resmed.com,Australia | Multi-region | USA,ats-scrapers,6b44a1badc9bfbf5cf176f75265cc5729e520e99,workday,Resmed,resmed/resmed_external_careers,https://resmed.wd3.myworkdayjobs.com/resmed_external_careers,HIGH_CONFIDENCE,SLUG_PLUS_NAME,board slug/host token equals domain company token + compatible names,false,,LEGACY_SUPPORTED,MULTI_SOURCE_CANDIDATE
EMP-00292,Block,block.xyz,Australia | Multi-region | USA,ats-scrapers,6b44a1badc9bfbf5cf176f75265cc5729e520e99,greenhouse,Block,block,https://job-boards.greenhouse.io/block,HIGH_CONFIDENCE,SLUG_PLUS_NAME,board slug/host token equals domain company token + compatible names,false,,LEGACY_SUPPORTED,SINGLE_SOURCE_CANDIDATE
EMP-00299,Uber,uber.com,Australia | USA,ats-scrapers,6b44a1badc9bfbf5cf176f75265cc5729e520e99,teamtailor,Uber,uber,https://uber.teamtailor.com,HIGH_CONFIDENCE,SLUG_PLUS_NAME,board slug/host token equals domain company token + compatible names,false,,UNSUPPORTED,SINGLE_SOURCE_CANDIDATE
EMP-00300,Adobe,adobe.com,Australia | USA,ats-scrapers,6b44a1badc9bfbf5cf176f75265cc5729e520e99,breezy,Adobe - Contract,adobe,https://adobe.breezy.hr,HIGH_CONFIDENCE,SLUG_PLUS_NAME,board slug/host token equals domain company token + compatible names,false,,UNSUPPORTED,MULTI_SOURCE_CANDIDATE
EMP-00300,Adobe,adobe.com,Australia | USA,ats-scrapers,6b44a1badc9bfbf5cf176f75265cc5729e520e99,teamtailor,adobe,adobe,https://adobe.teamtailor.com,HIGH_CONFIDENCE,SLUG_PLUS_NAME,board slug/host token equals domain company token + compatible names,false,,UNSUPPORTED,MULTI_SOURCE_CANDIDATE
EMP-00300,Adobe,adobe.com,Australia | USA,ats-scrapers,6b44a1badc9bfbf5cf176f75265cc5729e520e99,workday,Adobe,adobe/external_experienced,https://adobe.wd5.myworkdayjobs.com/external_experienced,HIGH_CONFIDENCE,SLUG_PLUS_NAME,board slug/host token equals domain company token + compatible names,false,,LEGACY_SUPPORTED,MULTI_SOURCE_CANDIDATE
EMP-00304,Coinbase,coinbase.com,Australia | USA | UK,ats-scrapers,6b44a1badc9bfbf5cf176f75265cc5729e520e99,greenhouse,Coinbase,coinbase,https://job-boards.greenhouse.io/coinbase,HIGH_CONFIDENCE,SLUG_PLUS_NAME,board slug/host token equals domain company token + compatible names,false,,LEGACY_SUPPORTED,SINGLE_SOURCE_CANDIDATE
EMP-00329,Generali Bank AG,generali.com,Austria,ats-scrapers,6b44a1badc9bfbf5cf176f75265cc5729e520e99,teamtailor,Generali,generali,https://generali.teamtailor.com,HIGH_CONFIDENCE,SLUG_PLUS_NAME,board slug/host token equals domain company token + compatible names,false,,UNSUPPORTED,SINGLE_SOURCE_CANDIDATE
EMP-00345,Santander Consumer Bank Austria,santander.com,Austria,ats-scrapers,6b44a1badc9bfbf5cf176f75265cc5729e520e99,workday,Santander,santander/santandercareers,https://santander.wd3.myworkdayjobs.com/santandercareers,HIGH_CONFIDENCE,SLUG_PLUS_NAME,board slug/host token equals domain company token + compatible names,false,,LEGACY_SUPPORTED,SINGLE_SOURCE_CANDIDATE
EMP-00443,Chubb Austria,chubb.com,Austria,ats-scrapers,6b44a1badc9bfbf5cf176f75265cc5729e520e99,hrmos,Chubb損害保険株式会社,chubb,https://hrmos.co/pages/chubb/jobs,HIGH_CONFIDENCE,SLUG_PLUS_NAME,board slug/host token equals domain company token + compatible names,false,,UNSUPPORTED,SINGLE_SOURCE_CANDIDATE
EMP-00448,Generali Versicherung Austria,generali.com,Austria,ats-scrapers,6b44a1badc9bfbf5cf176f75265cc5729e520e99,teamtailor,Generali,generali,https://generali.teamtailor.com,HIGH_CONFIDENCE,SLUG_PLUS_NAME,board slug/host token equals domain company token + compatible names,false,,UNSUPPORTED,SINGLE_SOURCE_CANDIDATE
EMP-00495,Santander Consumer Finance Belgium,santander.com,Belgium,ats-scrapers,6b44a1badc9bfbf5cf176f75265cc5729e520e99,workday,Santander,santander/santandercareers,https://santander.wd3.myworkdayjobs.com/santandercareers,HIGH_CONFIDENCE,SLUG_PLUS_NAME,board slug/host token equals domain company token + compatible names,false,,LEGACY_SUPPORTED,SINGLE_SOURCE_CANDIDATE
EMP-00496,Worldline Belgium,worldline.com,Belgium,ats-scrapers,6b44a1badc9bfbf5cf176f75265cc5729e520e99,successfactors,Worldline,jobs,https://jobs.worldline.com,HIGH_CONFIDENCE,URL_EXACT,internal resolved portal URL equals external board URL,false,,LEGACY_SUPPORTED,MULTI_SOURCE_CANDIDATE
EMP-00497,Accenture Belgium,accenture.com,Belgium,ats-scrapers,6b44a1badc9bfbf5cf176f75265cc5729e520e99,bamboohr,accenture,accenture,https://accenture.bamboohr.com/careers,HIGH_CONFIDENCE,SLUG_PLUS_NAME,board slug/host token equals domain company token + compatible names,false,,UNSUPPORTED,MULTI_SOURCE_CANDIDATE
EMP-00497,Accenture Belgium,accenture.com,Belgium,ats-scrapers,6b44a1badc9bfbf5cf176f75265cc5729e520e99,breezy,Accenture,accenture,https://accenture.breezy.hr,HIGH_CONFIDENCE,SLUG_PLUS_NAME,board slug/host token equals domain company token + compatible names,false,,UNSUPPORTED,MULTI_SOURCE_CANDIDATE
EMP-00497,Accenture Belgium,accenture.com,Belgium,ats-scrapers,6b44a1badc9bfbf5cf176f75265cc5729e520e99,join_com,Accenture,accenture,https://join.com/companies/accenture,HIGH_CONFIDENCE,SLUG_PLUS_NAME,board slug/host token equals domain company token + compatible names,false,,UNSUPPORTED,MULTI_SOURCE_CANDIDATE
EMP-00497,Accenture Belgium,accenture.com,Belgium,ats-scrapers,6b44a1badc9bfbf5cf176f75265cc5729e520e99,pinpoint,Accenture,accenture,https://accenture.pinpointhq.com,HIGH_CONFIDENCE,SLUG_PLUS_NAME,board slug/host token equals domain company token + compatible names,false,,UNSUPPORTED,MULTI_SOURCE_CANDIDATE
EMP-00497,Accenture Belgium,accenture.com,Belgium,ats-scrapers,6b44a1badc9bfbf5cf176f75265cc5729e520e99,smartrecruiters,accenture,accenture,https://careers.smartrecruiters.com/accenture,HIGH_CONFIDENCE,SLUG_PLUS_NAME,board slug/host token equals domain company token + compatible names,false,,LEGACY_SUPPORTED,MULTI_SOURCE_CANDIDATE
EMP-00497,Accenture Belgium,accenture.com,Belgium,ats-scrapers,6b44a1badc9bfbf5cf176f75265cc5729e520e99,workable,Accenture,accenture,https://apply.workable.com/accenture,HIGH_CONFIDENCE,SLUG_PLUS_NAME,board slug/host token equals domain company token + compatible names,false,,UNSUPPORTED,MULTI_SOURCE_CANDIDATE
EMP-00497,Accenture Belgium,accenture.com,Belgium,ats-scrapers,6b44a1badc9bfbf5cf176f75265cc5729e520e99,workday,Accenture,accenture/accenturecareers,https://accenture.wd103.myworkdayjobs.com/accenturecareers,HIGH_CONFIDENCE,SLUG_PLUS_NAME,board slug/host token equals domain company token + compatible names,false,,LEGACY_SUPPORTED,MULTI_SOURCE_CANDIDATE
EMP-00500,Atos Belgium,atos.net,Belgium,ats-scrapers,6b44a1badc9bfbf5cf176f75265cc5729e520e99,successfactors,Atos,jobs,https://jobs.atos.net,HIGH_CONFIDENCE,URL_EXACT,internal resolved portal URL equals external board URL,false,,LEGACY_SUPPORTED,SINGLE_SOURCE_CANDIDATE
EMP-00509,Deloitte Belgium,deloitte.com,Belgium,ats-scrapers,6b44a1badc9bfbf5cf176f75265cc5729e520e99,eightfold,Deloitte,deloitte,https://deloitte.eightfold.ai/careers,HIGH_CONFIDENCE,SLUG_PLUS_NAME,board slug/host token equals domain company token + compatible names,false,,DECLARATIVE_SUPPORTED,MULTI_SOURCE_CANDIDATE
EMP-00510,EY Belgium,ey.com,Belgium,ats-scrapers,6b44a1badc9bfbf5cf176f75265cc5729e520e99,successfactors,Careers at EY: search jobs,EYHRISPRD1,https://careers.ey.com,HIGH_CONFIDENCE,URL_EXACT,internal resolved portal URL equals external board URL,false,,LEGACY_SUPPORTED,MULTI_SOURCE_CANDIDATE
EMP-00515,KPMG Belgium,kpmg.com,Belgium,ats-scrapers,6b44a1badc9bfbf5cf176f75265cc5729e520e99,moka,KPMG,kpmg/74216,https://app.mokahr.com/social-recruitment/kpmg/74216,HIGH_CONFIDENCE,SLUG_PLUS_NAME,board slug/host token equals domain company token + compatible names,false,,UNSUPPORTED,MULTI_SOURCE_CANDIDATE
EMP-00515,KPMG Belgium,kpmg.com,Belgium,ats-scrapers,6b44a1badc9bfbf5cf176f75265cc5729e520e99,successfactors,Kpmg,KPMGHITPRD,https://careers.kpmg.it,HIGH_CONFIDENCE,URL_EXACT,internal resolved portal URL equals external board URL,false,,LEGACY_SUPPORTED,MULTI_SOURCE_CANDIDATE
EMP-00516,Mastercard Europe,mastercard.com,Belgium,ats-scrapers,6b44a1badc9bfbf5cf176f75265cc5729e520e99,smartrecruiters,MasterCard,mastercard,https://careers.smartrecruiters.com/mastercard,HIGH_CONFIDENCE,SLUG_PLUS_NAME,board slug/host token equals domain company token + compatible names,false,,LEGACY_SUPPORTED,MULTI_SOURCE_CANDIDATE
EMP-00516,Mastercard Europe,mastercard.com,Belgium,ats-scrapers,6b44a1badc9bfbf5cf176f75265cc5729e520e99,workday,Mastercard,mastercard/corporatecareers,https://mastercard.wd1.myworkdayjobs.com/corporatecareers,HIGH_CONFIDENCE,SLUG_PLUS_NAME,board slug/host token equals domain company token + compatible names,false,,LEGACY_SUPPORTED,MULTI_SOURCE_CANDIDATE
EMP-00547,Chubb Belgium,chubb.com,Belgium,ats-scrapers,6b44a1badc9bfbf5cf176f75265cc5729e520e99,hrmos,Chubb損害保険株式会社,chubb,https://hrmos.co/pages/chubb/jobs,HIGH_CONFIDENCE,SLUG_PLUS_NAME,board slug/host token equals domain company token + compatible names,false,,UNSUPPORTED,SINGLE_SOURCE_CANDIDATE
EMP-00565,AbbVie Belgium,abbvie.com,Belgium,ats-scrapers,6b44a1badc9bfbf5cf176f75265cc5729e520e99,smartrecruiters,AbbVie,abbvie,https://careers.smartrecruiters.com/abbvie,HIGH_CONFIDENCE,SLUG_PLUS_NAME,board slug/host token equals domain company token + compatible names,false,,LEGACY_SUPPORTED,SINGLE_SOURCE_CANDIDATE
EMP-00571,Amgen Belgium,amgen.com,Belgium,ats-scrapers,6b44a1badc9bfbf5cf176f75265cc5729e520e99,workday,Amgen,amgen/careers,https://amgen.wd1.myworkdayjobs.com/careers,HIGH_CONFIDENCE,SLUG_PLUS_NAME,board slug/host token equals domain company token + compatible names,false,,LEGACY_SUPPORTED,SINGLE_SOURCE_CANDIDATE
EMP-00574,AstraZeneca Belgium,astrazeneca.com,Belgium,ats-scrapers,6b44a1badc9bfbf5cf176f75265cc5729e520e99,eightfold,AstraZeneca,astrazeneca,https://astrazeneca.eightfold.ai/careers,HIGH_CONFIDENCE,DOMAIN_EXACT,eightfold registry domain equals internal corporate domain,false,,DECLARATIVE_SUPPORTED,MULTI_SOURCE_CANDIDATE
EMP-00574,AstraZeneca Belgium,astrazeneca.com,Belgium,ats-scrapers,6b44a1badc9bfbf5cf176f75265cc5729e520e99,workday,AstraZeneca,astrazeneca/careers,https://astrazeneca.wd3.myworkdayjobs.com/careers,HIGH_CONFIDENCE,SLUG_PLUS_NAME,board slug/host token equals domain company token + compatible names,false,,LEGACY_SUPPORTED,MULTI_SOURCE_CANDIDATE
EMP-00575,BASF Antwerpen,basf.com,Belgium,ats-scrapers,6b44a1badc9bfbf5cf176f75265cc5729e520e99,successfactors,Basf,basf,https://basf.jobs,HIGH_CONFIDENCE,SLUG_PLUS_NAME,board slug/host token equals domain company token + compatible names,false,,LEGACY_SUPPORTED,SINGLE_SOURCE_CANDIDATE
EMP-00598,MSD Animal Health Belgium,merck.com,Belgium,ats-scrapers,6b44a1badc9bfbf5cf176f75265cc5729e520e99,phenom,Merck,,https://jobs.merck.com,HIGH_CONFIDENCE,URL_EXACT,internal resolved portal URL equals external board URL,false,,LEGACY_SUPPORTED,SINGLE_SOURCE_CANDIDATE
EMP-00600,Novartis Manufacturing Belgium,novartis.com,Belgium,ats-scrapers,6b44a1badc9bfbf5cf176f75265cc5729e520e99,workday,Novartis,novartis/novartis_careers,https://novartis.wd3.myworkdayjobs.com/novartis_careers,HIGH_CONFIDENCE,SLUG_PLUS_NAME,board slug/host token equals domain company token + compatible names,false,,LEGACY_SUPPORTED,MULTI_SOURCE_CANDIDATE
EMP-00601,Novartis Pharma Belgium,novartis.com,Belgium,ats-scrapers,6b44a1badc9bfbf5cf176f75265cc5729e520e99,workday,Novartis,novartis/novartis_careers,https://novartis.wd3.myworkdayjobs.com/novartis_careers,HIGH_CONFIDENCE,SLUG_PLUS_NAME,board slug/host token equals domain company token + compatible names,false,,LEGACY_SUPPORTED,MULTI_SOURCE_CANDIDATE
EMP-00602,Novo Nordisk Belgium,novonordisk.com,Belgium,ats-scrapers,6b44a1badc9bfbf5cf176f75265cc5729e520e99,successfactors,Novo Nordisk,novonordisk,https://careers.novonordisk.com,HIGH_CONFIDENCE,SLUG_PLUS_NAME,board slug/host token equals domain company token + compatible names,false,,LEGACY_SUPPORTED,SINGLE_SOURCE_CANDIDATE
EMP-00603,Pfizer Belgium,pfizer.com,Belgium,ats-scrapers,6b44a1badc9bfbf5cf176f75265cc5729e520e99,workday,Pfizer,pfizer/pfizercareers,https://pfizer.wd1.myworkdayjobs.com/pfizercareers,HIGH_CONFIDENCE,SLUG_PLUS_NAME,board slug/host token equals domain company token + compatible names,false,,LEGACY_SUPPORTED,MULTI_SOURCE_CANDIDATE
EMP-00605,Roche Belgium,roche.com,Belgium,ats-scrapers,6b44a1badc9bfbf5cf176f75265cc5729e520e99,workday,Roche,roche/roche-ext,https://roche.wd3.myworkdayjobs.com/roche-ext,HIGH_CONFIDENCE,SLUG_PLUS_NAME,board slug/host token equals domain company token + compatible names,false,,LEGACY_SUPPORTED,MULTI_SOURCE_CANDIDATE
EMP-00605,Roche Belgium,roche.com,Belgium,ats-scrapers,6b44a1badc9bfbf5cf176f75265cc5729e520e99,workday,Roche,roche/rog-a2o-gene,https://roche.wd3.myworkdayjobs.com/rog-a2o-gene,HIGH_CONFIDENCE,SLUG_PLUS_NAME,board slug/host token equals domain company token + compatible names,false,,LEGACY_SUPPORTED,MULTI_SOURCE_CANDIDATE
EMP-00607,Sanofi Belgium,sanofi.com,Belgium,ats-scrapers,6b44a1badc9bfbf5cf176f75265cc5729e520e99,workday,Sanofi,sanofi/sanoficareers,https://sanofi.wd3.myworkdayjobs.com/sanoficareers,HIGH_CONFIDENCE,SLUG_PLUS_NAME,board slug/host token equals domain company token + compatible names,false,,LEGACY_SUPPORTED,SINGLE_SOURCE_CANDIDATE
EMP-00608,Takeda Belgium,takeda.com,Belgium,ats-scrapers,6b44a1badc9bfbf5cf176f75265cc5729e520e99,workday,Takeda,takeda/external,https://takeda.wd3.myworkdayjobs.com/external,HIGH_CONFIDENCE,SLUG_PLUS_NAME,board slug/host token equals domain company token + compatible names,false,,LEGACY_SUPPORTED,SINGLE_SOURCE_CANDIDATE
EMP-00609,TotalEnergies Antwerp,totalenergies.com,Belgium,ats-scrapers,6b44a1badc9bfbf5cf176f75265cc5729e520e99,bamboohr,totalenergies,totalenergies,https://totalenergies.bamboohr.com/careers,HIGH_CONFIDENCE,SLUG_PLUS_NAME,board slug/host token equals domain company token + compatible names,false,,UNSUPPORTED,MULTI_SOURCE_CANDIDATE
EMP-00609,TotalEnergies Antwerp,totalenergies.com,Belgium,ats-scrapers,6b44a1badc9bfbf5cf176f75265cc5729e520e99,moka,TotalEnergies,totalenergies/100441,https://app.mokahr.com/social-recruitment/totalenergies/100441,HIGH_CONFIDENCE,SLUG_PLUS_NAME,board slug/host token equals domain company token + compatible names,false,,UNSUPPORTED,MULTI_SOURCE_CANDIDATE
EMP-00630,EY Bulgaria,ey.com,Bulgaria,ats-scrapers,6b44a1badc9bfbf5cf176f75265cc5729e520e99,successfactors,Careers at EY: search jobs,EYHRISPRD1,https://careers.ey.com,HIGH_CONFIDENCE,URL_EXACT,internal resolved portal URL equals external board URL,false,,LEGACY_SUPPORTED,MULTI_SOURCE_CANDIDATE
EMP-00674,Bombardier,bombardier.com,Canada,ats-scrapers,6b44a1badc9bfbf5cf176f75265cc5729e520e99,successfactors,Bombardier,Bombardier,https://jobs.bombardier.com,HIGH_CONFIDENCE,URL_EXACT,internal resolved portal URL equals external board URL,false,,LEGACY_SUPPORTED,SINGLE_SOURCE_CANDIDATE
EMP-00695,General Dynamics Mission Systems Canada,gd.com,Canada,ats-scrapers,6b44a1badc9bfbf5cf176f75265cc5729e520e99,icims,General Dynamics Mission Systems,gd,https://careers-gd.icims.com,HIGH_CONFIDENCE,SLUG_PLUS_NAME,board slug/host token equals domain company token + compatible names,false,,UNSUPPORTED,SINGLE_SOURCE_CANDIDATE
EMP-00823,Arctic Shell,shell.com,Canada,ats-scrapers,6b44a1badc9bfbf5cf176f75265cc5729e520e99,workday,Work at Shell,shell/shellcareers,https://shell.wd3.myworkdayjobs.com/shellcareers,HIGH_CONFIDENCE,URL_EXACT,internal resolved portal URL equals external board URL,false,,LEGACY_SUPPORTED,MULTI_SOURCE_CANDIDATE
EMP-01253,Hydro-Québec,hydroquebec.com,Canada,ats-scrapers,6b44a1badc9bfbf5cf176f75265cc5729e520e99,successfactors,Hydro-Québec,HYDROQUEBEC,https://career17.sapsf.com/career?company=HYDROQUEBEC,HIGH_CONFIDENCE,SLUG_PLUS_NAME,board slug/host token equals domain company token + compatible names,false,,LEGACY_SUPPORTED,SINGLE_SOURCE_CANDIDATE
EMP-01291,CIBC,cibc.com,Canada,ats-scrapers,6b44a1badc9bfbf5cf176f75265cc5729e520e99,workday,CIBC (Campus),cibc/campus,https://cibc.wd3.myworkdayjobs.com/campus,HIGH_CONFIDENCE,SLUG_PLUS_NAME,board slug/host token equals domain company token + compatible names,false,,LEGACY_SUPPORTED,MULTI_SOURCE_CANDIDATE
EMP-01291,CIBC,cibc.com,Canada,ats-scrapers,6b44a1badc9bfbf5cf176f75265cc5729e520e99,workday,CIBC,cibc/search,https://cibc.wd3.myworkdayjobs.com/search,HIGH_CONFIDENCE,URL_EXACT,internal resolved portal URL equals external board URL,false,,LEGACY_SUPPORTED,MULTI_SOURCE_CANDIDATE
EMP-01294,Deloitte LLP,deloitte.com,Canada,ats-scrapers,6b44a1badc9bfbf5cf176f75265cc5729e520e99,eightfold,Deloitte,deloitte,https://deloitte.eightfold.ai/careers,HIGH_CONFIDENCE,SLUG_PLUS_NAME,board slug/host token equals domain company token + compatible names,false,,DECLARATIVE_SUPPORTED,SINGLE_SOURCE_CANDIDATE
EMP-01310,Microsoft Canada Co.,microsoft.com,Canada,ats-scrapers,6b44a1badc9bfbf5cf176f75265cc5729e520e99,eightfold,Microsoft,microsoft,https://microsoft.eightfold.ai/careers,HIGH_CONFIDENCE,SLUG_PLUS_NAME,board slug/host token equals domain company token + compatible names,false,,DECLARATIVE_SUPPORTED,MULTI_SOURCE_CANDIDATE
EMP-01310,Microsoft Canada Co.,microsoft.com,Canada,ats-scrapers,6b44a1badc9bfbf5cf176f75265cc5729e520e99,smartrecruiters,Microsoft,microsoft,https://careers.smartrecruiters.com/microsoft,HIGH_CONFIDENCE,SLUG_PLUS_NAME,board slug/host token equals domain company token + compatible names,false,,LEGACY_SUPPORTED,MULTI_SOURCE_CANDIDATE
EMP-01310,Microsoft Canada Co.,microsoft.com,Canada,ats-scrapers,6b44a1badc9bfbf5cf176f75265cc5729e520e99,workable,Microsoft,microsoft,https://apply.workable.com/microsoft,HIGH_CONFIDENCE,SLUG_PLUS_NAME,board slug/host token equals domain company token + compatible names,false,,UNSUPPORTED,MULTI_SOURCE_CANDIDATE
EMP-01314,Oracle Corporation Canada Inc.,oracle.com,Canada,ats-scrapers,6b44a1badc9bfbf5cf176f75265cc5729e520e99,smartrecruiters,Oracle,oracle,https://careers.smartrecruiters.com/oracle,HIGH_CONFIDENCE,SLUG_PLUS_NAME,board slug/host token equals domain company token + compatible names,false,,LEGACY_SUPPORTED,SINGLE_SOURCE_CANDIDATE
EMP-01322,Scotiabank Group,scotiabank.com,Canada,ats-scrapers,6b44a1badc9bfbf5cf176f75265cc5729e520e99,successfactors,The Bank of Nova Scotia P,jobs,https://jobs.scotiabank.com,HIGH_CONFIDENCE,URL_EXACT,internal resolved portal URL equals external board URL,false,,LEGACY_SUPPORTED,SINGLE_SOURCE_CANDIDATE
EMP-01332,Cisco Systems Canada,cisco.com,Canada,ats-scrapers,6b44a1badc9bfbf5cf176f75265cc5729e520e99,workday,Cisco,cisco/cisco_careers,https://cisco.wd5.myworkdayjobs.com/cisco_careers,HIGH_CONFIDENCE,SLUG_PLUS_NAME,board slug/host token equals domain company token + compatible names,false,,LEGACY_SUPPORTED,SINGLE_SOURCE_CANDIDATE
EMP-01335,Ericsson Canada Inc.,ericsson.com,Canada,ats-scrapers,6b44a1badc9bfbf5cf176f75265cc5729e520e99,eightfold,Ericsson,ericsson,https://ericsson.eightfold.ai/careers,HIGH_CONFIDENCE,SLUG_PLUS_NAME,board slug/host token equals domain company token + compatible names,false,,DECLARATIVE_SUPPORTED,MULTI_SOURCE_CANDIDATE
EMP-01335,Ericsson Canada Inc.,ericsson.com,Canada,ats-scrapers,6b44a1badc9bfbf5cf176f75265cc5729e520e99,smartrecruiters,Ericsson,ericsson,https://careers.smartrecruiters.com/ericsson,HIGH_CONFIDENCE,SLUG_PLUS_NAME,board slug/host token equals domain company token + compatible names,false,,LEGACY_SUPPORTED,MULTI_SOURCE_CANDIDATE
EMP-01335,Ericsson Canada Inc.,ericsson.com,Canada,ats-scrapers,6b44a1badc9bfbf5cf176f75265cc5729e520e99,successfactors,Ericsson,Ericsson,https://career2.successfactors.eu/career?company=Ericsson,HIGH_CONFIDENCE,SLUG_PLUS_NAME,board slug/host token equals domain company token + compatible names,false,,LEGACY_SUPPORTED,MULTI_SOURCE_CANDIDATE
EMP-01336,Rogers Communications Inc.,rogers.com,Canada,ats-scrapers,6b44a1badc9bfbf5cf176f75265cc5729e520e99,successfactors,Carrières chez Rogers,jobs,https://jobs.rogers.com,HIGH_CONFIDENCE,URL_EXACT,internal resolved portal URL equals external board URL,false,,LEGACY_SUPPORTED,SINGLE_SOURCE_CANDIDATE
EMP-01399,Nokia Canada,nokia.com,Canada,ats-scrapers,6b44a1badc9bfbf5cf176f75265cc5729e520e99,smartrecruiters,nokia,nokia,https://careers.smartrecruiters.com/nokia,HIGH_CONFIDENCE,SLUG_PLUS_NAME,board slug/host token equals domain company token + compatible names,false,,LEGACY_SUPPORTED,SINGLE_SOURCE_CANDIDATE
EMP-01456,Airbus,airbus.com,Canada | EU / Europe | Multi-region | UK / Ireland | Spain,ats-scrapers,6b44a1badc9bfbf5cf176f75265cc5729e520e99,bamboohr,airbus,airbus,https://airbus.bamboohr.com/careers,HIGH_CONFIDENCE,SLUG_PLUS_NAME,board slug/host token equals domain company token + compatible names,false,,UNSUPPORTED,SINGLE_SOURCE_CANDIDATE
EMP-01462,MongoDB,mongodb.com,Canada | Multi-region,ats-scrapers,6b44a1badc9bfbf5cf176f75265cc5729e520e99,greenhouse,mongodb,mongodb,https://job-boards.greenhouse.io/mongodb,HIGH_CONFIDENCE,SLUG_PLUS_NAME,board slug/host token equals domain company token + compatible names,false,,LEGACY_SUPPORTED,SINGLE_SOURCE_CANDIDATE
EMP-01465,ServiceNow,servicenow.com,Canada | Multi-region | USA,ats-scrapers,6b44a1badc9bfbf5cf176f75265cc5729e520e99,smartrecruiters,ServiceNow,servicenow,https://careers.smartrecruiters.com/servicenow,HIGH_CONFIDENCE,SLUG_PLUS_NAME,board slug/host token equals domain company token + compatible names,false,,LEGACY_SUPPORTED,SINGLE_SOURCE_CANDIDATE
EMP-01474,Dell Technologies,dell.com,Canada | USA,ats-scrapers,6b44a1badc9bfbf5cf176f75265cc5729e520e99,join_com,Dell Technologies,dell,https://join.com/companies/dell,HIGH_CONFIDENCE,SLUG_PLUS_NAME,board slug/host token equals domain company token + compatible names,false,,UNSUPPORTED,MULTI_SOURCE_CANDIDATE
EMP-01474,Dell Technologies,dell.com,Canada | USA,ats-scrapers,6b44a1badc9bfbf5cf176f75265cc5729e520e99,workday,Dell,dell/external,https://dell.wd1.myworkdayjobs.com/external,HIGH_CONFIDENCE,SLUG_PLUS_NAME,board slug/host token equals domain company token + compatible names,false,,LEGACY_SUPPORTED,MULTI_SOURCE_CANDIDATE
EMP-01482,Amazon Web Services (AWS),amazon.com,Canada | USA | Singapore,ats-scrapers,6b44a1badc9bfbf5cf176f75265cc5729e520e99,breezy,Amazon,amazon,https://amazon.breezy.hr,HIGH_CONFIDENCE,SLUG_PLUS_NAME,board slug/host token equals domain company token + compatible names,false,,UNSUPPORTED,MULTI_SOURCE_CANDIDATE
EMP-01482,Amazon Web Services (AWS),amazon.com,Canada | USA | Singapore,ats-scrapers,6b44a1badc9bfbf5cf176f75265cc5729e520e99,personio,amazon,amazon,https://amazon.jobs.personio.com,HIGH_CONFIDENCE,SLUG_PLUS_NAME,board slug/host token equals domain company token + compatible names,false,,UNSUPPORTED,MULTI_SOURCE_CANDIDATE
EMP-01482,Amazon Web Services (AWS),amazon.com,Canada | USA | Singapore,ats-scrapers,6b44a1badc9bfbf5cf176f75265cc5729e520e99,smartrecruiters,Amazon,amazon,https://careers.smartrecruiters.com/amazon,HIGH_CONFIDENCE,SLUG_PLUS_NAME,board slug/host token equals domain company token + compatible names,false,,LEGACY_SUPPORTED,MULTI_SOURCE_CANDIDATE
EMP-01482,Amazon Web Services (AWS),amazon.com,Canada | USA | Singapore,ats-scrapers,6b44a1badc9bfbf5cf176f75265cc5729e520e99,workable,Amazon,amazon,https://apply.workable.com/amazon,HIGH_CONFIDENCE,SLUG_PLUS_NAME,board slug/host token equals domain company token + compatible names,false,,UNSUPPORTED,MULTI_SOURCE_CANDIDATE
EMP-01490,Cisco Systems Hrvatska d.o.o.,cisco.com,Croatia,ats-scrapers,6b44a1badc9bfbf5cf176f75265cc5729e520e99,workday,Cisco,cisco/cisco_careers,https://cisco.wd5.myworkdayjobs.com/cisco_careers,HIGH_CONFIDENCE,SLUG_PLUS_NAME,board slug/host token equals domain company token + compatible names,false,,LEGACY_SUPPORTED,SINGLE_SOURCE_CANDIDATE
EMP-01502,Eviden Global Delivery Center d.o.o.,atos.net,Croatia,ats-scrapers,6b44a1badc9bfbf5cf176f75265cc5729e520e99,successfactors,Atos,jobs,https://jobs.atos.net,HIGH_CONFIDENCE,URL_EXACT,internal resolved portal URL equals external board URL,false,,LEGACY_SUPPORTED,SINGLE_SOURCE_CANDIDATE
EMP-01514,Microsoft Hrvatska d.o.o.,microsoft.com,Croatia,ats-scrapers,6b44a1badc9bfbf5cf176f75265cc5729e520e99,eightfold,Microsoft,microsoft,https://microsoft.eightfold.ai/careers,HIGH_CONFIDENCE,SLUG_PLUS_NAME,board slug/host token equals domain company token + compatible names,false,,DECLARATIVE_SUPPORTED,MULTI_SOURCE_CANDIDATE
EMP-01514,Microsoft Hrvatska d.o.o.,microsoft.com,Croatia,ats-scrapers,6b44a1badc9bfbf5cf176f75265cc5729e520e99,smartrecruiters,Microsoft,microsoft,https://careers.smartrecruiters.com/microsoft,HIGH_CONFIDENCE,SLUG_PLUS_NAME,board slug/host token equals domain company token + compatible names,false,,LEGACY_SUPPORTED,MULTI_SOURCE_CANDIDATE
EMP-01514,Microsoft Hrvatska d.o.o.,microsoft.com,Croatia,ats-scrapers,6b44a1badc9bfbf5cf176f75265cc5729e520e99,workable,Microsoft,microsoft,https://apply.workable.com/microsoft,HIGH_CONFIDENCE,SLUG_PLUS_NAME,board slug/host token equals domain company token + compatible names,false,,UNSUPPORTED,MULTI_SOURCE_CANDIDATE
EMP-01518,Oracle Hrvatska d.o.o.,oracle.com,Croatia,ats-scrapers,6b44a1badc9bfbf5cf176f75265cc5729e520e99,smartrecruiters,Oracle,oracle,https://careers.smartrecruiters.com/oracle,HIGH_CONFIDENCE,SLUG_PLUS_NAME,board slug/host token equals domain company token + compatible names,false,,LEGACY_SUPPORTED,SINGLE_SOURCE_CANDIDATE
EMP-01550,Deloitte Cyprus,deloitte.com,Cyprus,ats-scrapers,6b44a1badc9bfbf5cf176f75265cc5729e520e99,eightfold,Deloitte,deloitte,https://deloitte.eightfold.ai/careers,HIGH_CONFIDENCE,SLUG_PLUS_NAME,board slug/host token equals domain company token + compatible names,false,,DECLARATIVE_SUPPORTED,SINGLE_SOURCE_CANDIDATE
EMP-01596,KPMG Cyprus,kpmg.com,Cyprus,ats-scrapers,6b44a1badc9bfbf5cf176f75265cc5729e520e99,moka,KPMG,kpmg/74216,https://app.mokahr.com/social-recruitment/kpmg/74216,HIGH_CONFIDENCE,SLUG_PLUS_NAME,board slug/host token equals domain company token + compatible names,false,,UNSUPPORTED,MULTI_SOURCE_CANDIDATE
EMP-01596,KPMG Cyprus,kpmg.com,Cyprus,ats-scrapers,6b44a1badc9bfbf5cf176f75265cc5729e520e99,successfactors,Kpmg,KPMGHITPRD,https://careers.kpmg.it,HIGH_CONFIDENCE,URL_EXACT,internal resolved portal URL equals external board URL,false,,LEGACY_SUPPORTED,MULTI_SOURCE_CANDIDATE
EMP-01657,BAE SYSTEMS (INTERNATIONAL) LTD - organizační složka,baesystems.com,Czech Republic,ats-scrapers,6b44a1badc9bfbf5cf176f75265cc5729e520e99,bamboohr,baesystems,baesystems,https://baesystems.bamboohr.com/careers,HIGH_CONFIDENCE,SLUG_PLUS_NAME,board slug/host token equals domain company token + compatible names,false,,UNSUPPORTED,SINGLE_SOURCE_CANDIDATE
EMP-01775,Honeywell International s.r.o.,honeywell.com,Czech Republic | USA,ats-scrapers,6b44a1badc9bfbf5cf176f75265cc5729e520e99,oracle,Honeywell,ibqbjb,https://ibqbjb.fa.ocs.oraclecloud.com/hcmUI/CandidateExperience/en/sites/CX_1,HIGH_CONFIDENCE,URL_EXACT,internal resolved portal URL equals external board URL,false,,LEGACY_SUPPORTED,MULTI_SOURCE_CANDIDATE
EMP-01775,Honeywell International s.r.o.,honeywell.com,Czech Republic | USA,ats-scrapers,6b44a1badc9bfbf5cf176f75265cc5729e520e99,smartrecruiters,Honeywell,honeywell,https://careers.smartrecruiters.com/honeywell,HIGH_CONFIDENCE,SLUG_PLUS_NAME,board slug/host token equals domain company token + compatible names,false,,LEGACY_SUPPORTED,MULTI_SOURCE_CANDIDATE
EMP-01790,Mastercard Payment Services Denmark,mastercard.com,Denmark,ats-scrapers,6b44a1badc9bfbf5cf176f75265cc5729e520e99,smartrecruiters,MasterCard,mastercard,https://careers.smartrecruiters.com/mastercard,HIGH_CONFIDENCE,SLUG_PLUS_NAME,board slug/host token equals domain company token + compatible names,false,,LEGACY_SUPPORTED,MULTI_SOURCE_CANDIDATE
EMP-01790,Mastercard Payment Services Denmark,mastercard.com,Denmark,ats-scrapers,6b44a1badc9bfbf5cf176f75265cc5729e520e99,workday,Mastercard,mastercard/corporatecareers,https://mastercard.wd1.myworkdayjobs.com/corporatecareers,HIGH_CONFIDENCE,SLUG_PLUS_NAME,board slug/host token equals domain company token + compatible names,false,,LEGACY_SUPPORTED,MULTI_SOURCE_CANDIDATE
EMP-01797,Santander Consumer Bank Denmark,santander.com,Denmark,ats-scrapers,6b44a1badc9bfbf5cf176f75265cc5729e520e99,workday,Santander,santander/santandercareers,https://santander.wd3.myworkdayjobs.com/santandercareers,HIGH_CONFIDENCE,SLUG_PLUS_NAME,board slug/host token equals domain company token + compatible names,false,,LEGACY_SUPPORTED,SINGLE_SOURCE_CANDIDATE
EMP-01805,Accenture Denmark,accenture.com,Denmark,ats-scrapers,6b44a1badc9bfbf5cf176f75265cc5729e520e99,bamboohr,accenture,accenture,https://accenture.bamboohr.com/careers,HIGH_CONFIDENCE,SLUG_PLUS_NAME,board slug/host token equals domain company token + compatible names,false,,UNSUPPORTED,MULTI_SOURCE_CANDIDATE
EMP-01805,Accenture Denmark,accenture.com,Denmark,ats-scrapers,6b44a1badc9bfbf5cf176f75265cc5729e520e99,breezy,Accenture,accenture,https://accenture.breezy.hr,HIGH_CONFIDENCE,SLUG_PLUS_NAME,board slug/host token equals domain company token + compatible names,false,,UNSUPPORTED,MULTI_SOURCE_CANDIDATE
EMP-01805,Accenture Denmark,accenture.com,Denmark,ats-scrapers,6b44a1badc9bfbf5cf176f75265cc5729e520e99,join_com,Accenture,accenture,https://join.com/companies/accenture,HIGH_CONFIDENCE,SLUG_PLUS_NAME,board slug/host token equals domain company token + compatible names,false,,UNSUPPORTED,MULTI_SOURCE_CANDIDATE
EMP-01805,Accenture Denmark,accenture.com,Denmark,ats-scrapers,6b44a1badc9bfbf5cf176f75265cc5729e520e99,pinpoint,Accenture,accenture,https://accenture.pinpointhq.com,HIGH_CONFIDENCE,SLUG_PLUS_NAME,board slug/host token equals domain company token + compatible names,false,,UNSUPPORTED,MULTI_SOURCE_CANDIDATE
EMP-01805,Accenture Denmark,accenture.com,Denmark,ats-scrapers,6b44a1badc9bfbf5cf176f75265cc5729e520e99,smartrecruiters,accenture,accenture,https://careers.smartrecruiters.com/accenture,HIGH_CONFIDENCE,SLUG_PLUS_NAME,board slug/host token equals domain company token + compatible names,false,,LEGACY_SUPPORTED,MULTI_SOURCE_CANDIDATE
EMP-01805,Accenture Denmark,accenture.com,Denmark,ats-scrapers,6b44a1badc9bfbf5cf176f75265cc5729e520e99,workable,Accenture,accenture,https://apply.workable.com/accenture,HIGH_CONFIDENCE,SLUG_PLUS_NAME,board slug/host token equals domain company token + compatible names,false,,UNSUPPORTED,MULTI_SOURCE_CANDIDATE
EMP-01805,Accenture Denmark,accenture.com,Denmark,ats-scrapers,6b44a1badc9bfbf5cf176f75265cc5729e520e99,workday,Accenture,accenture/accenturecareers,https://accenture.wd103.myworkdayjobs.com/accenturecareers,HIGH_CONFIDENCE,SLUG_PLUS_NAME,board slug/host token equals domain company token + compatible names,false,,LEGACY_SUPPORTED,MULTI_SOURCE_CANDIDATE
EMP-01817,Cisco Systems Danmark,cisco.com,Denmark,ats-scrapers,6b44a1badc9bfbf5cf176f75265cc5729e520e99,workday,Cisco,cisco/cisco_careers,https://cisco.wd5.myworkdayjobs.com/cisco_careers,HIGH_CONFIDENCE,SLUG_PLUS_NAME,board slug/host token equals domain company token + compatible names,false,,LEGACY_SUPPORTED,SINGLE_SOURCE_CANDIDATE
EMP-01844,Microsoft Danmark,microsoft.com,Denmark,ats-scrapers,6b44a1badc9bfbf5cf176f75265cc5729e520e99,eightfold,Microsoft,microsoft,https://microsoft.eightfold.ai/careers,HIGH_CONFIDENCE,SLUG_PLUS_NAME,board slug/host token equals domain company token + compatible names,false,,DECLARATIVE_SUPPORTED,MULTI_SOURCE_CANDIDATE
EMP-01844,Microsoft Danmark,microsoft.com,Denmark,ats-scrapers,6b44a1badc9bfbf5cf176f75265cc5729e520e99,smartrecruiters,Microsoft,microsoft,https://careers.smartrecruiters.com/microsoft,HIGH_CONFIDENCE,SLUG_PLUS_NAME,board slug/host token equals domain company token + compatible names,false,,LEGACY_SUPPORTED,MULTI_SOURCE_CANDIDATE
EMP-01844,Microsoft Danmark,microsoft.com,Denmark,ats-scrapers,6b44a1badc9bfbf5cf176f75265cc5729e520e99,workable,Microsoft,microsoft,https://apply.workable.com/microsoft,HIGH_CONFIDENCE,SLUG_PLUS_NAME,board slug/host token equals domain company token + compatible names,false,,UNSUPPORTED,MULTI_SOURCE_CANDIDATE
EMP-01847,Oracle Danmark,oracle.com,Denmark,ats-scrapers,6b44a1badc9bfbf5cf176f75265cc5729e520e99,smartrecruiters,Oracle,oracle,https://careers.smartrecruiters.com/oracle,HIGH_CONFIDENCE,SLUG_PLUS_NAME,board slug/host token equals domain company token + compatible names,false,,LEGACY_SUPPORTED,SINGLE_SOURCE_CANDIDATE
EMP-01857,Siemens Denmark,siemens.com,Denmark,ats-scrapers,6b44a1badc9bfbf5cf176f75265cc5729e520e99,teamtailor,Siemens,siemens,https://siemens.teamtailor.com,HIGH_CONFIDENCE,SLUG_PLUS_NAME,board slug/host token equals domain company token + compatible names,false,,UNSUPPORTED,SINGLE_SOURCE_CANDIDATE
EMP-01914,Equinor Denmark,equinor.com,Denmark,ats-scrapers,6b44a1badc9bfbf5cf176f75265cc5729e520e99,workday,Equinor,equinor/eqnr,https://equinor.wd3.myworkdayjobs.com/eqnr,HIGH_CONFIDENCE,SLUG_PLUS_NAME,board slug/host token equals domain company token + compatible names,false,,LEGACY_SUPPORTED,SINGLE_SOURCE_CANDIDATE
EMP-01935,Shell Denmark,shell.com,Denmark,ats-scrapers,6b44a1badc9bfbf5cf176f75265cc5729e520e99,workday,Work at Shell,shell/shellcareers,https://shell.wd3.myworkdayjobs.com/shellcareers,HIGH_CONFIDENCE,URL_EXACT,internal resolved portal URL equals external board URL,false,,LEGACY_SUPPORTED,MULTI_SOURCE_CANDIDATE
EMP-01936,Siemens Gamesa Renewable Energy Denmark,siemens.com,Denmark,ats-scrapers,6b44a1badc9bfbf5cf176f75265cc5729e520e99,teamtailor,Siemens,siemens,https://siemens.teamtailor.com,HIGH_CONFIDENCE,SLUG_PLUS_NAME,board slug/host token equals domain company token + compatible names,false,,UNSUPPORTED,SINGLE_SOURCE_CANDIDATE
EMP-01938,TotalEnergies Denmark,totalenergies.com,Denmark,ats-scrapers,6b44a1badc9bfbf5cf176f75265cc5729e520e99,bamboohr,totalenergies,totalenergies,https://totalenergies.bamboohr.com/careers,HIGH_CONFIDENCE,SLUG_PLUS_NAME,board slug/host token equals domain company token + compatible names,false,,UNSUPPORTED,MULTI_SOURCE_CANDIDATE
EMP-01938,TotalEnergies Denmark,totalenergies.com,Denmark,ats-scrapers,6b44a1badc9bfbf5cf176f75265cc5729e520e99,moka,TotalEnergies,totalenergies/100441,https://app.mokahr.com/social-recruitment/totalenergies/100441,HIGH_CONFIDENCE,SLUG_PLUS_NAME,board slug/host token equals domain company token + compatible names,false,,UNSUPPORTED,MULTI_SOURCE_CANDIDATE
EMP-01939,Vattenfall Denmark,group.vattenfall.com,Denmark,ats-scrapers,6b44a1badc9bfbf5cf176f75265cc5729e520e99,smartrecruiters,Vattenfall,Vattenfall,https://careers.smartrecruiters.com/Vattenfall,HIGH_CONFIDENCE,SLUG_PLUS_NAME,board slug/host token equals domain company token + compatible names,false,,LEGACY_SUPPORTED,SINGLE_SOURCE_CANDIDATE
EMP-01941,Vestas,vestas.com,Denmark,ats-scrapers,6b44a1badc9bfbf5cf176f75265cc5729e520e99,successfactors,Vestas,careers,https://careers.vestas.com,HIGH_CONFIDENCE,URL_EXACT,internal resolved portal URL equals external board URL,false,,LEGACY_SUPPORTED,SINGLE_SOURCE_CANDIDATE
EMP-01947,Chubb Denmark,chubb.com,Denmark,ats-scrapers,6b44a1badc9bfbf5cf176f75265cc5729e520e99,hrmos,Chubb損害保険株式会社,chubb,https://hrmos.co/pages/chubb/jobs,HIGH_CONFIDENCE,SLUG_PLUS_NAME,board slug/host token equals domain company token + compatible names,false,,UNSUPPORTED,SINGLE_SOURCE_CANDIDATE
EMP-02020,Intesa Sanpaolo,group.intesasanpaolo.com,EU / EEA | Italy,ats-scrapers,6b44a1badc9bfbf5cf176f75265cc5729e520e99,successfactors,Intesa Sanpaolo,jobs,https://jobs.intesasanpaolo.com,HIGH_CONFIDENCE,URL_EXACT,internal resolved portal URL equals external board URL,false,,LEGACY_SUPPORTED,SINGLE_SOURCE_CANDIDATE
EMP-02023,Rabobank,rabobank.com,EU / EEA | Netherlands,ats-scrapers,6b44a1badc9bfbf5cf176f75265cc5729e520e99,workday,Rabobank,rabobank/jobs,https://rabobank.wd3.myworkdayjobs.com/jobs,HIGH_CONFIDENCE,SLUG_PLUS_NAME,board slug/host token equals domain company token + compatible names,false,,LEGACY_SUPPORTED,SINGLE_SOURCE_CANDIDATE
EMP-02024,DNB,dnb.no,EU / EEA | Norway,ats-scrapers,6b44a1badc9bfbf5cf176f75265cc5729e520e99,successfactors,Jobb,jobb,https://jobb.dnb.no,HIGH_CONFIDENCE,URL_EXACT,internal resolved portal URL equals external board URL,false,,LEGACY_SUPPORTED,MULTI_SOURCE_CANDIDATE
EMP-02025,BBVA,bbva.com,EU / EEA | Spain,ats-scrapers,6b44a1badc9bfbf5cf176f75265cc5729e520e99,cornerstone,BBVA,bbva,https://bbva.csod.com/ux/ats/careersite/1/home?c=bbva,HIGH_CONFIDENCE,SLUG_PLUS_NAME,board slug/host token equals domain company token + compatible names,false,,UNSUPPORTED,MULTI_SOURCE_CANDIDATE
EMP-02025,BBVA,bbva.com,EU / EEA | Spain,ats-scrapers,6b44a1badc9bfbf5cf176f75265cc5729e520e99,workday,Bbva,bbva/bbva,https://bbva.wd3.myworkdayjobs.com/bbva,HIGH_CONFIDENCE,SLUG_PLUS_NAME,board slug/host token equals domain company token + compatible names,false,,LEGACY_SUPPORTED,MULTI_SOURCE_CANDIDATE
EMP-02044,ING,ing.com,EU / Europe | EU / EEA,ats-scrapers,6b44a1badc9bfbf5cf176f75265cc5729e520e99,workday,Ing,ing/icsausdir,https://ing.wd3.myworkdayjobs.com/icsausdir,HIGH_CONFIDENCE,SLUG_PLUS_NAME,board slug/host token equals domain company token + compatible names,false,,LEGACY_SUPPORTED,MULTI_SOURCE_CANDIDATE
EMP-02044,ING,ing.com,EU / Europe | EU / EEA,ats-scrapers,6b44a1badc9bfbf5cf176f75265cc5729e520e99,workday,ING,ing/icsgblcor,https://ing.wd3.myworkdayjobs.com/icsgblcor,HIGH_CONFIDENCE,SLUG_PLUS_NAME,board slug/host token equals domain company token + compatible names,false,,LEGACY_SUPPORTED,MULTI_SOURCE_CANDIDATE
EMP-02044,ING,ing.com,EU / Europe | EU / EEA,ats-scrapers,6b44a1badc9bfbf5cf176f75265cc5729e520e99,workday,Ing,ing/icsnldgen,https://ing.wd3.myworkdayjobs.com/icsnldgen,HIGH_CONFIDENCE,SLUG_PLUS_NAME,board slug/host token equals domain company token + compatible names,false,,LEGACY_SUPPORTED,MULTI_SOURCE_CANDIDATE
EMP-02045,Santander,santander.com,EU / Europe | EU / EEA,ats-scrapers,6b44a1badc9bfbf5cf176f75265cc5729e520e99,workday,Santander,santander/santandercareers,https://santander.wd3.myworkdayjobs.com/santandercareers,HIGH_CONFIDENCE,SLUG_PLUS_NAME,board slug/host token equals domain company token + compatible names,false,,LEGACY_SUPPORTED,SINGLE_SOURCE_CANDIDATE
EMP-02046,Honeywell,honeywell.com,EU / Europe | Multi-region,ats-scrapers,6b44a1badc9bfbf5cf176f75265cc5729e520e99,oracle,Honeywell,ibqbjb,https://ibqbjb.fa.ocs.oraclecloud.com/hcmUI/CandidateExperience/en/sites/CX_1,HIGH_CONFIDENCE,URL_EXACT,internal resolved portal URL equals external board URL,false,,LEGACY_SUPPORTED,MULTI_SOURCE_CANDIDATE
EMP-02046,Honeywell,honeywell.com,EU / Europe | Multi-region,ats-scrapers,6b44a1badc9bfbf5cf176f75265cc5729e520e99,smartrecruiters,Honeywell,honeywell,https://careers.smartrecruiters.com/honeywell,HIGH_CONFIDENCE,SLUG_PLUS_NAME,board slug/host token equals domain company token + compatible names,false,,LEGACY_SUPPORTED,MULTI_SOURCE_CANDIDATE
EMP-02049,Helsing,helsing.ai,EU / Europe | Multi-region | France,ats-scrapers,6b44a1badc9bfbf5cf176f75265cc5729e520e99,greenhouse,Helsing,helsing,https://job-boards.greenhouse.io/helsing,HIGH_CONFIDENCE,SLUG_PLUS_NAME,board slug/host token equals domain company token + compatible names,false,,LEGACY_SUPPORTED,SINGLE_SOURCE_CANDIDATE
EMP-02052,HP,hp.com,EU / Europe | Singapore,ats-scrapers,6b44a1badc9bfbf5cf176f75265cc5729e520e99,bamboohr,hp,hp,https://hp.bamboohr.com/careers,HIGH_CONFIDENCE,SLUG_PLUS_NAME,board slug/host token equals domain company token + compatible names,false,,UNSUPPORTED,MULTI_SOURCE_CANDIDATE
EMP-02052,HP,hp.com,EU / Europe | Singapore,ats-scrapers,6b44a1badc9bfbf5cf176f75265cc5729e520e99,eightfold,HP,hp,https://hp.eightfold.ai/careers,HIGH_CONFIDENCE,DOMAIN_EXACT,eightfold registry domain equals internal corporate domain,false,,DECLARATIVE_SUPPORTED,MULTI_SOURCE_CANDIDATE
EMP-02052,HP,hp.com,EU / Europe | Singapore,ats-scrapers,6b44a1badc9bfbf5cf176f75265cc5729e520e99,workday,Hp,hp/externalcareersite,https://hp.wd5.myworkdayjobs.com/externalcareersite,HIGH_CONFIDENCE,SLUG_PLUS_NAME,board slug/host token equals domain company token + compatible names,false,,LEGACY_SUPPORTED,MULTI_SOURCE_CANDIDATE
EMP-02054,Autodesk,autodesk.com,EU / Europe | USA,ats-scrapers,6b44a1badc9bfbf5cf176f75265cc5729e520e99,workday,Autodesk,autodesk/ext,https://autodesk.wd1.myworkdayjobs.com/ext,HIGH_CONFIDENCE,SLUG_PLUS_NAME,board slug/host token equals domain company token + compatible names,false,,LEGACY_SUPPORTED,MULTI_SOURCE_CANDIDATE
EMP-02054,Autodesk,autodesk.com,EU / Europe | USA,ats-scrapers,6b44a1badc9bfbf5cf176f75265cc5729e520e99,workday,Autodesk (Uni),autodesk/uni,https://autodesk.wd1.myworkdayjobs.com/uni,HIGH_CONFIDENCE,SLUG_PLUS_NAME,board slug/host token equals domain company token + compatible names,false,,LEGACY_SUPPORTED,MULTI_SOURCE_CANDIDATE
EMP-02056,Intuit,intuit.com,EU / Europe | USA,ats-scrapers,6b44a1badc9bfbf5cf176f75265cc5729e520e99,jazzhr,intuit,intuit,https://intuit.applytojob.com,HIGH_CONFIDENCE,SLUG_PLUS_NAME,board slug/host token equals domain company token + compatible names,false,,UNSUPPORTED,MULTI_SOURCE_CANDIDATE
EMP-02061,Applied Materials,appliedmaterials.com,EU / Europe | USA | Singapore,ats-scrapers,6b44a1badc9bfbf5cf176f75265cc5729e520e99,eightfold,Applied Materials,appliedmaterials,https://appliedmaterials.eightfold.ai/careers,HIGH_CONFIDENCE,SLUG_PLUS_NAME,board slug/host token equals domain company token + compatible names,false,,DECLARATIVE_SUPPORTED,MULTI_SOURCE_CANDIDATE
EMP-02146,Airbus Protect,airbus.com,Europe,ats-scrapers,6b44a1badc9bfbf5cf176f75265cc5729e520e99,bamboohr,airbus,airbus,https://airbus.bamboohr.com/careers,HIGH_CONFIDENCE,SLUG_PLUS_NAME,board slug/host token equals domain company token + compatible names,false,,UNSUPPORTED,SINGLE_SOURCE_CANDIDATE
EMP-02152,Deloitte Risk Advisory,deloitte.com,Europe,ats-scrapers,6b44a1badc9bfbf5cf176f75265cc5729e520e99,eightfold,Deloitte,deloitte,https://deloitte.eightfold.ai/careers,HIGH_CONFIDENCE,SLUG_PLUS_NAME,board slug/host token equals domain company token + compatible names,false,,DECLARATIVE_SUPPORTED,SINGLE_SOURCE_CANDIDATE
EMP-02175,Telefónica,telefonica.com,Europe,ats-scrapers,6b44a1badc9bfbf5cf176f75265cc5729e520e99,successfactors,Telefónica Global,jobs,https://jobs.telefonica.com,HIGH_CONFIDENCE,URL_EXACT,internal resolved portal URL equals external board URL,false,,LEGACY_SUPPORTED,SINGLE_SOURCE_CANDIDATE
EMP-02179,Ericsson,ericsson.com,Europe | Canada | Sweden,ats-scrapers,6b44a1badc9bfbf5cf176f75265cc5729e520e99,eightfold,Ericsson,ericsson,https://ericsson.eightfold.ai/careers,HIGH_CONFIDENCE,SLUG_PLUS_NAME,board slug/host token equals domain company token + compatible names,false,,DECLARATIVE_SUPPORTED,MULTI_SOURCE_CANDIDATE
EMP-02179,Ericsson,ericsson.com,Europe | Canada | Sweden,ats-scrapers,6b44a1badc9bfbf5cf176f75265cc5729e520e99,smartrecruiters,Ericsson,ericsson,https://careers.smartrecruiters.com/ericsson,HIGH_CONFIDENCE,SLUG_PLUS_NAME,board slug/host token equals domain company token + compatible names,false,,LEGACY_SUPPORTED,MULTI_SOURCE_CANDIDATE
EMP-02179,Ericsson,ericsson.com,Europe | Canada | Sweden,ats-scrapers,6b44a1badc9bfbf5cf176f75265cc5729e520e99,successfactors,Ericsson,Ericsson,https://career2.successfactors.eu/career?company=Ericsson,HIGH_CONFIDENCE,SLUG_PLUS_NAME,board slug/host token equals domain company token + compatible names,false,,LEGACY_SUPPORTED,MULTI_SOURCE_CANDIDATE
EMP-02187,KPN,kpn.com,Europe | Netherlands,ats-scrapers,6b44a1badc9bfbf5cf176f75265cc5729e520e99,smartrecruiters,KPN,kpn,https://careers.smartrecruiters.com/kpn,HIGH_CONFIDENCE,SLUG_PLUS_NAME,board slug/host token equals domain company token + compatible names,false,,LEGACY_SUPPORTED,SINGLE_SOURCE_CANDIDATE
EMP-02190,AT&T,att.com,Europe | USA,ats-scrapers,6b44a1badc9bfbf5cf176f75265cc5729e520e99,workday,Att,att/attgeneral,https://att.wd1.myworkdayjobs.com/attgeneral,HIGH_CONFIDENCE,SLUG_PLUS_NAME,board slug/host token equals domain company token + compatible names,false,,LEGACY_SUPPORTED,SINGLE_SOURCE_CANDIDATE
EMP-02211,Chubb Finland,chubb.com,Finland,ats-scrapers,6b44a1badc9bfbf5cf176f75265cc5729e520e99,hrmos,Chubb損害保険株式会社,chubb,https://hrmos.co/pages/chubb/jobs,HIGH_CONFIDENCE,SLUG_PLUS_NAME,board slug/host token equals domain company token + compatible names,false,,UNSUPPORTED,SINGLE_SOURCE_CANDIDATE
EMP-02217,DNB Bank Finland,dnb.no,Finland,ats-scrapers,6b44a1badc9bfbf5cf176f75265cc5729e520e99,successfactors,Jobb,jobb,https://jobb.dnb.no,HIGH_CONFIDENCE,URL_EXACT,internal resolved portal URL equals external board URL,false,,LEGACY_SUPPORTED,MULTI_SOURCE_CANDIDATE
EMP-02403,Accenture Finland,accenture.com,Finland,ats-scrapers,6b44a1badc9bfbf5cf176f75265cc5729e520e99,bamboohr,accenture,accenture,https://accenture.bamboohr.com/careers,HIGH_CONFIDENCE,SLUG_PLUS_NAME,board slug/host token equals domain company token + compatible names,false,,UNSUPPORTED,MULTI_SOURCE_CANDIDATE
EMP-02403,Accenture Finland,accenture.com,Finland,ats-scrapers,6b44a1badc9bfbf5cf176f75265cc5729e520e99,breezy,Accenture,accenture,https://accenture.breezy.hr,HIGH_CONFIDENCE,SLUG_PLUS_NAME,board slug/host token equals domain company token + compatible names,false,,UNSUPPORTED,MULTI_SOURCE_CANDIDATE
EMP-02403,Accenture Finland,accenture.com,Finland,ats-scrapers,6b44a1badc9bfbf5cf176f75265cc5729e520e99,join_com,Accenture,accenture,https://join.com/companies/accenture,HIGH_CONFIDENCE,SLUG_PLUS_NAME,board slug/host token equals domain company token + compatible names,false,,UNSUPPORTED,MULTI_SOURCE_CANDIDATE
EMP-02403,Accenture Finland,accenture.com,Finland,ats-scrapers,6b44a1badc9bfbf5cf176f75265cc5729e520e99,pinpoint,Accenture,accenture,https://accenture.pinpointhq.com,HIGH_CONFIDENCE,SLUG_PLUS_NAME,board slug/host token equals domain company token + compatible names,false,,UNSUPPORTED,MULTI_SOURCE_CANDIDATE
EMP-02403,Accenture Finland,accenture.com,Finland,ats-scrapers,6b44a1badc9bfbf5cf176f75265cc5729e520e99,smartrecruiters,accenture,accenture,https://careers.smartrecruiters.com/accenture,HIGH_CONFIDENCE,SLUG_PLUS_NAME,board slug/host token equals domain company token + compatible names,false,,LEGACY_SUPPORTED,MULTI_SOURCE_CANDIDATE
EMP-02403,Accenture Finland,accenture.com,Finland,ats-scrapers,6b44a1badc9bfbf5cf176f75265cc5729e520e99,workable,Accenture,accenture,https://apply.workable.com/accenture,HIGH_CONFIDENCE,SLUG_PLUS_NAME,board slug/host token equals domain company token + compatible names,false,,UNSUPPORTED,MULTI_SOURCE_CANDIDATE
EMP-02403,Accenture Finland,accenture.com,Finland,ats-scrapers,6b44a1badc9bfbf5cf176f75265cc5729e520e99,workday,Accenture,accenture/accenturecareers,https://accenture.wd103.myworkdayjobs.com/accenturecareers,HIGH_CONFIDENCE,SLUG_PLUS_NAME,board slug/host token equals domain company token + compatible names,false,,LEGACY_SUPPORTED,MULTI_SOURCE_CANDIDATE
EMP-02417,Microsoft Finland,microsoft.com,Finland,ats-scrapers,6b44a1badc9bfbf5cf176f75265cc5729e520e99,eightfold,Microsoft,microsoft,https://microsoft.eightfold.ai/careers,HIGH_CONFIDENCE,SLUG_PLUS_NAME,board slug/host token equals domain company token + compatible names,false,,DECLARATIVE_SUPPORTED,MULTI_SOURCE_CANDIDATE
EMP-02417,Microsoft Finland,microsoft.com,Finland,ats-scrapers,6b44a1badc9bfbf5cf176f75265cc5729e520e99,smartrecruiters,Microsoft,microsoft,https://careers.smartrecruiters.com/microsoft,HIGH_CONFIDENCE,SLUG_PLUS_NAME,board slug/host token equals domain company token + compatible names,false,,LEGACY_SUPPORTED,MULTI_SOURCE_CANDIDATE
EMP-02417,Microsoft Finland,microsoft.com,Finland,ats-scrapers,6b44a1badc9bfbf5cf176f75265cc5729e520e99,workable,Microsoft,microsoft,https://apply.workable.com/microsoft,HIGH_CONFIDENCE,SLUG_PLUS_NAME,board slug/host token equals domain company token + compatible names,false,,UNSUPPORTED,MULTI_SOURCE_CANDIDATE
EMP-02419,Nokia Finland,nokia.com,Finland,ats-scrapers,6b44a1badc9bfbf5cf176f75265cc5729e520e99,smartrecruiters,nokia,nokia,https://careers.smartrecruiters.com/nokia,HIGH_CONFIDENCE,SLUG_PLUS_NAME,board slug/host token equals domain company token + compatible names,false,,LEGACY_SUPPORTED,SINGLE_SOURCE_CANDIDATE
EMP-02579,Nokia Solutions and Networks Oy,nokia.com,Finland,ats-scrapers,6b44a1badc9bfbf5cf176f75265cc5729e520e99,smartrecruiters,nokia,nokia,https://careers.smartrecruiters.com/nokia,HIGH_CONFIDENCE,SLUG_PLUS_NAME,board slug/host token equals domain company token + compatible names,false,,LEGACY_SUPPORTED,SINGLE_SOURCE_CANDIDATE
EMP-02596,Oy L M Ericsson Ab,ericsson.com,Finland,ats-scrapers,6b44a1badc9bfbf5cf176f75265cc5729e520e99,eightfold,Ericsson,ericsson,https://ericsson.eightfold.ai/careers,HIGH_CONFIDENCE,SLUG_PLUS_NAME,board slug/host token equals domain company token + compatible names,false,,DECLARATIVE_SUPPORTED,MULTI_SOURCE_CANDIDATE
EMP-02596,Oy L M Ericsson Ab,ericsson.com,Finland,ats-scrapers,6b44a1badc9bfbf5cf176f75265cc5729e520e99,smartrecruiters,Ericsson,ericsson,https://careers.smartrecruiters.com/ericsson,HIGH_CONFIDENCE,SLUG_PLUS_NAME,board slug/host token equals domain company token + compatible names,false,,LEGACY_SUPPORTED,MULTI_SOURCE_CANDIDATE
EMP-02596,Oy L M Ericsson Ab,ericsson.com,Finland,ats-scrapers,6b44a1badc9bfbf5cf176f75265cc5729e520e99,successfactors,Ericsson,Ericsson,https://career2.successfactors.eu/career?company=Ericsson,HIGH_CONFIDENCE,SLUG_PLUS_NAME,board slug/host token equals domain company token + compatible names,false,,LEGACY_SUPPORTED,MULTI_SOURCE_CANDIDATE
EMP-02643,Siemens Osakeyhtiö,siemens.com,Finland,ats-scrapers,6b44a1badc9bfbf5cf176f75265cc5729e520e99,teamtailor,Siemens,siemens,https://siemens.teamtailor.com,HIGH_CONFIDENCE,SLUG_PLUS_NAME,board slug/host token equals domain company token + compatible names,false,,UNSUPPORTED,SINGLE_SOURCE_CANDIDATE
EMP-02745,Siemens Finland,siemens.com,Finland,ats-scrapers,6b44a1badc9bfbf5cf176f75265cc5729e520e99,teamtailor,Siemens,siemens,https://siemens.teamtailor.com,HIGH_CONFIDENCE,SLUG_PLUS_NAME,board slug/host token equals domain company token + compatible names,false,,UNSUPPORTED,SINGLE_SOURCE_CANDIDATE
EMP-02811,HSBC Continental Europe,continental.com,France,ats-scrapers,6b44a1badc9bfbf5cf176f75265cc5729e520e99,smartrecruiters,Continental,continental,https://careers.smartrecruiters.com/continental,HIGH_CONFIDENCE,SLUG_PLUS_NAME,board slug/host token equals domain company token + compatible names,false,,LEGACY_SUPPORTED,SINGLE_SOURCE_CANDIDATE
EMP-02814,Intesa Sanpaolo France,group.intesasanpaolo.com,France,ats-scrapers,6b44a1badc9bfbf5cf176f75265cc5729e520e99,successfactors,Intesa Sanpaolo,jobs,https://jobs.intesasanpaolo.com,HIGH_CONFIDENCE,URL_EXACT,internal resolved portal URL equals external board URL,false,,LEGACY_SUPPORTED,SINGLE_SOURCE_CANDIDATE
EMP-02832,Morgan Stanley Europe France,morganstanley.com,France,ats-scrapers,6b44a1badc9bfbf5cf176f75265cc5729e520e99,eightfold,Morgan Stanley,morganstanley,https://morganstanley.eightfold.ai/careers,HIGH_CONFIDENCE,SLUG_PLUS_NAME,board slug/host token equals domain company token + compatible names,false,,DECLARATIVE_SUPPORTED,MULTI_SOURCE_CANDIDATE
EMP-02832,Morgan Stanley Europe France,morganstanley.com,France,ats-scrapers,6b44a1badc9bfbf5cf176f75265cc5729e520e99,smartrecruiters,Morgan stanley,morganstanley,https://careers.smartrecruiters.com/morganstanley,HIGH_CONFIDENCE,SLUG_PLUS_NAME,board slug/host token equals domain company token + compatible names,false,,LEGACY_SUPPORTED,MULTI_SOURCE_CANDIDATE
EMP-02901,TotalEnergies France,totalenergies.com,France,ats-scrapers,6b44a1badc9bfbf5cf176f75265cc5729e520e99,bamboohr,totalenergies,totalenergies,https://totalenergies.bamboohr.com/careers,HIGH_CONFIDENCE,SLUG_PLUS_NAME,board slug/host token equals domain company token + compatible names,false,,UNSUPPORTED,MULTI_SOURCE_CANDIDATE
EMP-02901,TotalEnergies France,totalenergies.com,France,ats-scrapers,6b44a1badc9bfbf5cf176f75265cc5729e520e99,moka,TotalEnergies,totalenergies/100441,https://app.mokahr.com/social-recruitment/totalenergies/100441,HIGH_CONFIDENCE,SLUG_PLUS_NAME,board slug/host token equals domain company token + compatible names,false,,UNSUPPORTED,MULTI_SOURCE_CANDIDATE
EMP-02972,Generali France,generali.com,France,ats-scrapers,6b44a1badc9bfbf5cf176f75265cc5729e520e99,teamtailor,Generali,generali,https://generali.teamtailor.com,HIGH_CONFIDENCE,SLUG_PLUS_NAME,board slug/host token equals domain company token + compatible names,false,,UNSUPPORTED,SINGLE_SOURCE_CANDIDATE
EMP-03255,SOPRA STERIA Group,soprasteria.com,France,ats-scrapers,6b44a1badc9bfbf5cf176f75265cc5729e520e99,bamboohr,soprasteria,soprasteria,https://soprasteria.bamboohr.com/careers,HIGH_CONFIDENCE,SLUG_PLUS_NAME,board slug/host token equals domain company token + compatible names,false,,UNSUPPORTED,SINGLE_SOURCE_CANDIDATE
EMP-03362,EVIDEN - ATOS Group,atos.net,France / Europe,ats-scrapers,6b44a1badc9bfbf5cf176f75265cc5729e520e99,successfactors,Atos,jobs,https://jobs.atos.net,HIGH_CONFIDENCE,URL_EXACT,internal resolved portal URL equals external board URL,false,,LEGACY_SUPPORTED,SINGLE_SOURCE_CANDIDATE
EMP-03364,EY Consulting,ey.com,France / Europe,ats-scrapers,6b44a1badc9bfbf5cf176f75265cc5729e520e99,successfactors,Careers at EY: search jobs,EYHRISPRD1,https://careers.ey.com,HIGH_CONFIDENCE,URL_EXACT,internal resolved portal URL equals external board URL,false,,LEGACY_SUPPORTED,MULTI_SOURCE_CANDIDATE
EMP-03463,AUDI AG,volkswagen-group.com,Germany,ats-scrapers,6b44a1badc9bfbf5cf176f75265cc5729e520e99,successfactors,Your job at the Volkswagen Group,VWAGLPPROD10,https://jobs.volkswagen-group.com,HIGH_CONFIDENCE,URL_EXACT,internal resolved portal URL equals external board URL,false,,LEGACY_SUPPORTED,SINGLE_SOURCE_CANDIDATE
EMP-03468,Dr. Ing. h.c. F. Porsche AG,volkswagen-group.com,Germany,ats-scrapers,6b44a1badc9bfbf5cf176f75265cc5729e520e99,successfactors,Your job at the Volkswagen Group,VWAGLPPROD10,https://jobs.volkswagen-group.com,HIGH_CONFIDENCE,URL_EXACT,internal resolved portal URL equals external board URL,false,,LEGACY_SUPPORTED,SINGLE_SOURCE_CANDIDATE
EMP-03505,Aptiv Services Deutschland GmbH,aptiv.com,Germany,ats-scrapers,6b44a1badc9bfbf5cf176f75265cc5729e520e99,join_com,Aptiv Services Deutschland GmbH,aptiv,https://join.com/companies/aptiv,HIGH_CONFIDENCE,SLUG_PLUS_NAME,board slug/host token equals domain company token + compatible names,false,,UNSUPPORTED,MULTI_SOURCE_CANDIDATE
EMP-03505,Aptiv Services Deutschland GmbH,aptiv.com,Germany,ats-scrapers,6b44a1badc9bfbf5cf176f75265cc5729e520e99,workday,Aptiv,aptiv/aptiv_careers,https://aptiv.wd5.myworkdayjobs.com/aptiv_careers,HIGH_CONFIDENCE,SLUG_PLUS_NAME,board slug/host token equals domain company token + compatible names,false,,LEGACY_SUPPORTED,MULTI_SOURCE_CANDIDATE
EMP-03720,Lear Corporation GmbH,lear.com,Germany,ats-scrapers,6b44a1badc9bfbf5cf176f75265cc5729e520e99,successfactors,Lear Corporation,jobs,https://jobs.lear.com,HIGH_CONFIDENCE,URL_EXACT,internal resolved portal URL equals external board URL,false,,LEGACY_SUPPORTED,SINGLE_SOURCE_CANDIDATE
EMP-03741,Magna Electronics Germany GmbH,magna.com,Germany,ats-scrapers,6b44a1badc9bfbf5cf176f75265cc5729e520e99,personio,magna,magna,https://magna.jobs.personio.com,HIGH_CONFIDENCE,SLUG_PLUS_NAME,board slug/host token equals domain company token + compatible names,false,,UNSUPPORTED,MULTI_SOURCE_CANDIDATE
EMP-03741,Magna Electronics Germany GmbH,magna.com,Germany,ats-scrapers,6b44a1badc9bfbf5cf176f75265cc5729e520e99,workday,Magna,magna/magna,https://magna.wd3.myworkdayjobs.com/magna,HIGH_CONFIDENCE,SLUG_PLUS_NAME,board slug/host token equals domain company token + compatible names,false,,LEGACY_SUPPORTED,MULTI_SOURCE_CANDIDATE
EMP-03742,Magna Energy Storage Systems GmbH,magna.com,Germany,ats-scrapers,6b44a1badc9bfbf5cf176f75265cc5729e520e99,personio,magna,magna,https://magna.jobs.personio.com,HIGH_CONFIDENCE,SLUG_PLUS_NAME,board slug/host token equals domain company token + compatible names,false,,UNSUPPORTED,MULTI_SOURCE_CANDIDATE
EMP-03742,Magna Energy Storage Systems GmbH,magna.com,Germany,ats-scrapers,6b44a1badc9bfbf5cf176f75265cc5729e520e99,workday,Magna,magna/magna,https://magna.wd3.myworkdayjobs.com/magna,HIGH_CONFIDENCE,SLUG_PLUS_NAME,board slug/host token equals domain company token + compatible names,false,,LEGACY_SUPPORTED,MULTI_SOURCE_CANDIDATE
EMP-03743,Magna International (Germany) GmbH,magna.com,Germany,ats-scrapers,6b44a1badc9bfbf5cf176f75265cc5729e520e99,personio,magna,magna,https://magna.jobs.personio.com,HIGH_CONFIDENCE,SLUG_PLUS_NAME,board slug/host token equals domain company token + compatible names,false,,UNSUPPORTED,MULTI_SOURCE_CANDIDATE
EMP-03743,Magna International (Germany) GmbH,magna.com,Germany,ats-scrapers,6b44a1badc9bfbf5cf176f75265cc5729e520e99,workday,Magna,magna/magna,https://magna.wd3.myworkdayjobs.com/magna,HIGH_CONFIDENCE,SLUG_PLUS_NAME,board slug/host token equals domain company token + compatible names,false,,LEGACY_SUPPORTED,MULTI_SOURCE_CANDIDATE
EMP-03744,Magna PT B.V. & Co. KGaA,magna.com,Germany,ats-scrapers,6b44a1badc9bfbf5cf176f75265cc5729e520e99,personio,magna,magna,https://magna.jobs.personio.com,HIGH_CONFIDENCE,SLUG_PLUS_NAME,board slug/host token equals domain company token + compatible names,false,,UNSUPPORTED,MULTI_SOURCE_CANDIDATE
EMP-03744,Magna PT B.V. & Co. KGaA,magna.com,Germany,ats-scrapers,6b44a1badc9bfbf5cf176f75265cc5729e520e99,workday,Magna,magna/magna,https://magna.wd3.myworkdayjobs.com/magna,HIGH_CONFIDENCE,SLUG_PLUS_NAME,board slug/host token equals domain company token + compatible names,false,,LEGACY_SUPPORTED,MULTI_SOURCE_CANDIDATE
EMP-03745,Magna Spiegelsysteme GmbH,magna.com,Germany,ats-scrapers,6b44a1badc9bfbf5cf176f75265cc5729e520e99,personio,magna,magna,https://magna.jobs.personio.com,HIGH_CONFIDENCE,SLUG_PLUS_NAME,board slug/host token equals domain company token + compatible names,false,,UNSUPPORTED,MULTI_SOURCE_CANDIDATE
EMP-03745,Magna Spiegelsysteme GmbH,magna.com,Germany,ats-scrapers,6b44a1badc9bfbf5cf176f75265cc5729e520e99,workday,Magna,magna/magna,https://magna.wd3.myworkdayjobs.com/magna,HIGH_CONFIDENCE,SLUG_PLUS_NAME,board slug/host token equals domain company token + compatible names,false,,LEGACY_SUPPORTED,MULTI_SOURCE_CANDIDATE
EMP-03878,Eviden Germany GmbH,atos.net,Germany,ats-scrapers,6b44a1badc9bfbf5cf176f75265cc5729e520e99,successfactors,Atos,jobs,https://jobs.atos.net,HIGH_CONFIDENCE,URL_EXACT,internal resolved portal URL equals external board URL,false,,LEGACY_SUPPORTED,SINGLE_SOURCE_CANDIDATE
EMP-03988,Airbus Helicopters Deutschland GmbH,airbus.com,Germany,ats-scrapers,6b44a1badc9bfbf5cf176f75265cc5729e520e99,bamboohr,airbus,airbus,https://airbus.bamboohr.com/careers,HIGH_CONFIDENCE,SLUG_PLUS_NAME,board slug/host token equals domain company token + compatible names,false,,UNSUPPORTED,SINGLE_SOURCE_CANDIDATE
EMP-04064,Deloitte GmbH Wirtschaftsprüfungsgesellschaft,deloitte.com,Germany,ats-scrapers,6b44a1badc9bfbf5cf176f75265cc5729e520e99,eightfold,Deloitte,deloitte,https://deloitte.eightfold.ai/careers,HIGH_CONFIDENCE,SLUG_PLUS_NAME,board slug/host token equals domain company token + compatible names,false,,DECLARATIVE_SUPPORTED,SINGLE_SOURCE_CANDIDATE
EMP-04094,Ernst & Young GmbH Wirtschaftsprüfungsgesellschaft,ey.com,Germany,ats-scrapers,6b44a1badc9bfbf5cf176f75265cc5729e520e99,successfactors,Careers at EY: search jobs,EYHRISPRD1,https://careers.ey.com,HIGH_CONFIDENCE,URL_EXACT,internal resolved portal URL equals external board URL,false,,LEGACY_SUPPORTED,MULTI_SOURCE_CANDIDATE
EMP-04201,KPMG AG Wirtschaftsprüfungsgesellschaft,kpmg.com,Germany,ats-scrapers,6b44a1badc9bfbf5cf176f75265cc5729e520e99,moka,KPMG,kpmg/74216,https://app.mokahr.com/social-recruitment/kpmg/74216,HIGH_CONFIDENCE,SLUG_PLUS_NAME,board slug/host token equals domain company token + compatible names,false,,UNSUPPORTED,MULTI_SOURCE_CANDIDATE
EMP-04201,KPMG AG Wirtschaftsprüfungsgesellschaft,kpmg.com,Germany,ats-scrapers,6b44a1badc9bfbf5cf176f75265cc5729e520e99,successfactors,Kpmg,KPMGHITPRD,https://careers.kpmg.it,HIGH_CONFIDENCE,URL_EXACT,internal resolved portal URL equals external board URL,false,,LEGACY_SUPPORTED,MULTI_SOURCE_CANDIDATE
EMP-04277,Porsche Engineering Group GmbH,volkswagen-group.com,Germany,ats-scrapers,6b44a1badc9bfbf5cf176f75265cc5729e520e99,successfactors,Your job at the Volkswagen Group,VWAGLPPROD10,https://jobs.volkswagen-group.com,HIGH_CONFIDENCE,URL_EXACT,internal resolved portal URL equals external board URL,false,,LEGACY_SUPPORTED,SINGLE_SOURCE_CANDIDATE
EMP-04410,ZF Friedrichshafen AG,zf.com,Germany,ats-scrapers,6b44a1badc9bfbf5cf176f75265cc5729e520e99,successfactors,ZF,jobs,https://jobs.zf.com,HIGH_CONFIDENCE,URL_EXACT,internal resolved portal URL equals external board URL,false,,LEGACY_SUPPORTED,SINGLE_SOURCE_CANDIDATE
EMP-04411,Atos Information Technology GmbH,atos.net,Germany,ats-scrapers,6b44a1badc9bfbf5cf176f75265cc5729e520e99,successfactors,Atos,jobs,https://jobs.atos.net,HIGH_CONFIDENCE,URL_EXACT,internal resolved portal URL equals external board URL,false,,LEGACY_SUPPORTED,SINGLE_SOURCE_CANDIDATE
EMP-04504,Airbus Defence and Space GmbH,airbus.com,Germany | Finland | France,ats-scrapers,6b44a1badc9bfbf5cf176f75265cc5729e520e99,bamboohr,airbus,airbus,https://airbus.bamboohr.com/careers,HIGH_CONFIDENCE,SLUG_PLUS_NAME,board slug/host token equals domain company token + compatible names,false,,UNSUPPORTED,SINGLE_SOURCE_CANDIDATE
EMP-04513,Siemens Digital Industries Software,siemens.com,Germany | USA,ats-scrapers,6b44a1badc9bfbf5cf176f75265cc5729e520e99,teamtailor,Siemens,siemens,https://siemens.teamtailor.com,HIGH_CONFIDENCE,SLUG_PLUS_NAME,board slug/host token equals domain company token + compatible names,false,,UNSUPPORTED,SINGLE_SOURCE_CANDIDATE
EMP-04638,Airbus Helicopters Hungary,airbus.com,Hungary,ats-scrapers,6b44a1badc9bfbf5cf176f75265cc5729e520e99,bamboohr,airbus,airbus,https://airbus.bamboohr.com/careers,HIGH_CONFIDENCE,SLUG_PLUS_NAME,board slug/host token equals domain company token + compatible names,false,,UNSUPPORTED,SINGLE_SOURCE_CANDIDATE
EMP-04639,Amazon Web Services Hungary,amazon.com,Hungary,ats-scrapers,6b44a1badc9bfbf5cf176f75265cc5729e520e99,breezy,Amazon,amazon,https://amazon.breezy.hr,HIGH_CONFIDENCE,SLUG_PLUS_NAME,board slug/host token equals domain company token + compatible names,false,,UNSUPPORTED,MULTI_SOURCE_CANDIDATE
EMP-04639,Amazon Web Services Hungary,amazon.com,Hungary,ats-scrapers,6b44a1badc9bfbf5cf176f75265cc5729e520e99,personio,amazon,amazon,https://amazon.jobs.personio.com,HIGH_CONFIDENCE,SLUG_PLUS_NAME,board slug/host token equals domain company token + compatible names,false,,UNSUPPORTED,MULTI_SOURCE_CANDIDATE
EMP-04639,Amazon Web Services Hungary,amazon.com,Hungary,ats-scrapers,6b44a1badc9bfbf5cf176f75265cc5729e520e99,smartrecruiters,Amazon,amazon,https://careers.smartrecruiters.com/amazon,HIGH_CONFIDENCE,SLUG_PLUS_NAME,board slug/host token equals domain company token + compatible names,false,,LEGACY_SUPPORTED,MULTI_SOURCE_CANDIDATE
EMP-04639,Amazon Web Services Hungary,amazon.com,Hungary,ats-scrapers,6b44a1badc9bfbf5cf176f75265cc5729e520e99,workable,Amazon,amazon,https://apply.workable.com/amazon,HIGH_CONFIDENCE,SLUG_PLUS_NAME,board slug/host token equals domain company token + compatible names,false,,UNSUPPORTED,MULTI_SOURCE_CANDIDATE
EMP-04646,Ericsson Hungary,ericsson.com,Hungary,ats-scrapers,6b44a1badc9bfbf5cf176f75265cc5729e520e99,eightfold,Ericsson,ericsson,https://ericsson.eightfold.ai/careers,HIGH_CONFIDENCE,SLUG_PLUS_NAME,board slug/host token equals domain company token + compatible names,false,,DECLARATIVE_SUPPORTED,MULTI_SOURCE_CANDIDATE
EMP-04646,Ericsson Hungary,ericsson.com,Hungary,ats-scrapers,6b44a1badc9bfbf5cf176f75265cc5729e520e99,smartrecruiters,Ericsson,ericsson,https://careers.smartrecruiters.com/ericsson,HIGH_CONFIDENCE,SLUG_PLUS_NAME,board slug/host token equals domain company token + compatible names,false,,LEGACY_SUPPORTED,MULTI_SOURCE_CANDIDATE
EMP-04646,Ericsson Hungary,ericsson.com,Hungary,ats-scrapers,6b44a1badc9bfbf5cf176f75265cc5729e520e99,successfactors,Ericsson,Ericsson,https://career2.successfactors.eu/career?company=Ericsson,HIGH_CONFIDENCE,SLUG_PLUS_NAME,board slug/host token equals domain company token + compatible names,false,,LEGACY_SUPPORTED,MULTI_SOURCE_CANDIDATE
EMP-04650,Microsoft Hungary,microsoft.com,Hungary,ats-scrapers,6b44a1badc9bfbf5cf176f75265cc5729e520e99,eightfold,Microsoft,microsoft,https://microsoft.eightfold.ai/careers,HIGH_CONFIDENCE,SLUG_PLUS_NAME,board slug/host token equals domain company token + compatible names,false,,DECLARATIVE_SUPPORTED,MULTI_SOURCE_CANDIDATE
EMP-04650,Microsoft Hungary,microsoft.com,Hungary,ats-scrapers,6b44a1badc9bfbf5cf176f75265cc5729e520e99,smartrecruiters,Microsoft,microsoft,https://careers.smartrecruiters.com/microsoft,HIGH_CONFIDENCE,SLUG_PLUS_NAME,board slug/host token equals domain company token + compatible names,false,,LEGACY_SUPPORTED,MULTI_SOURCE_CANDIDATE
EMP-04650,Microsoft Hungary,microsoft.com,Hungary,ats-scrapers,6b44a1badc9bfbf5cf176f75265cc5729e520e99,workable,Microsoft,microsoft,https://apply.workable.com/microsoft,HIGH_CONFIDENCE,SLUG_PLUS_NAME,board slug/host token equals domain company token + compatible names,false,,UNSUPPORTED,MULTI_SOURCE_CANDIDATE
EMP-04653,Nokia Hungary,nokia.com,Hungary,ats-scrapers,6b44a1badc9bfbf5cf176f75265cc5729e520e99,smartrecruiters,nokia,nokia,https://careers.smartrecruiters.com/nokia,HIGH_CONFIDENCE,SLUG_PLUS_NAME,board slug/host token equals domain company token + compatible names,false,,LEGACY_SUPPORTED,SINGLE_SOURCE_CANDIDATE
EMP-04659,SAP Hungary,sap.com,Hungary,ats-scrapers,6b44a1badc9bfbf5cf176f75265cc5729e520e99,successfactors,SAP,jobs,https://jobs.sap.com,HIGH_CONFIDENCE,URL_EXACT,internal resolved portal URL equals external board URL,false,,LEGACY_SUPPORTED,MULTI_SOURCE_CANDIDATE
EMP-04681,Deloitte Iceland,deloitte.com,Iceland,ats-scrapers,6b44a1badc9bfbf5cf176f75265cc5729e520e99,eightfold,Deloitte,deloitte,https://deloitte.eightfold.ai/careers,HIGH_CONFIDENCE,SLUG_PLUS_NAME,board slug/host token equals domain company token + compatible names,false,,DECLARATIVE_SUPPORTED,SINGLE_SOURCE_CANDIDATE
EMP-04779,KPMG,kpmg.com,Ireland,ats-scrapers,6b44a1badc9bfbf5cf176f75265cc5729e520e99,lever,KPMG LLP,kpmg,https://jobs.lever.co/kpmg,HIGH_CONFIDENCE,SLUG_PLUS_NAME,board slug/host token equals domain company token + compatible names,false,,LEGACY_SUPPORTED,MULTI_SOURCE_CANDIDATE
EMP-04779,KPMG,kpmg.com,Ireland,ats-scrapers,6b44a1badc9bfbf5cf176f75265cc5729e520e99,moka,KPMG,kpmg/74216,https://app.mokahr.com/social-recruitment/kpmg/74216,HIGH_CONFIDENCE,SLUG_PLUS_NAME,board slug/host token equals domain company token + compatible names,false,,UNSUPPORTED,MULTI_SOURCE_CANDIDATE
EMP-04779,KPMG,kpmg.com,Ireland,ats-scrapers,6b44a1badc9bfbf5cf176f75265cc5729e520e99,successfactors,Kpmg,KPMGHITPRD,https://careers.kpmg.it,HIGH_CONFIDENCE,URL_EXACT,internal resolved portal URL equals external board URL,false,,LEGACY_SUPPORTED,MULTI_SOURCE_CANDIDATE
EMP-04874,Nokia,nokia.com,Ireland | Australia | Europe,ats-scrapers,6b44a1badc9bfbf5cf176f75265cc5729e520e99,smartrecruiters,nokia,nokia,https://careers.smartrecruiters.com/nokia,HIGH_CONFIDENCE,SLUG_PLUS_NAME,board slug/host token equals domain company token + compatible names,false,,LEGACY_SUPPORTED,MULTI_SOURCE_CANDIDATE
EMP-04875,Proofpoint,proofpoint.com,Ireland | Australia | Multi-region | Singapore,ats-scrapers,6b44a1badc9bfbf5cf176f75265cc5729e520e99,workday,Proofpoint,proofpoint/proofpointcareers,https://proofpoint.wd5.myworkdayjobs.com/proofpointcareers,HIGH_CONFIDENCE,URL_EXACT,internal resolved portal URL equals external board URL,false,,LEGACY_SUPPORTED,SINGLE_SOURCE_CANDIDATE
EMP-04876,Workday,workday.com,Ireland | Australia | USA,ats-scrapers,6b44a1badc9bfbf5cf176f75265cc5729e520e99,workday,Workday,workday/workday,https://workday.wd5.myworkdayjobs.com/workday,HIGH_CONFIDENCE,SLUG_PLUS_NAME,board slug/host token equals domain company token + compatible names,false,,LEGACY_SUPPORTED,MULTI_SOURCE_CANDIDATE
EMP-04876,Workday,workday.com,Ireland | Australia | USA,ats-scrapers,6b44a1badc9bfbf5cf176f75265cc5729e520e99,workday,Workday,workday/workday_early_career,https://workday.wd5.myworkdayjobs.com/workday_early_career,HIGH_CONFIDENCE,SLUG_PLUS_NAME,board slug/host token equals domain company token + compatible names,false,,LEGACY_SUPPORTED,MULTI_SOURCE_CANDIDATE
EMP-04877,Microsoft,microsoft.com,Ireland | Australia | USA | Italy,ats-scrapers,6b44a1badc9bfbf5cf176f75265cc5729e520e99,eightfold,Microsoft,microsoft,https://microsoft.eightfold.ai/careers,HIGH_CONFIDENCE,SLUG_PLUS_NAME,board slug/host token equals domain company token + compatible names,false,,DECLARATIVE_SUPPORTED,MULTI_SOURCE_CANDIDATE
EMP-04877,Microsoft,microsoft.com,Ireland | Australia | USA | Italy,ats-scrapers,6b44a1badc9bfbf5cf176f75265cc5729e520e99,smartrecruiters,Microsoft,microsoft,https://careers.smartrecruiters.com/microsoft,HIGH_CONFIDENCE,SLUG_PLUS_NAME,board slug/host token equals domain company token + compatible names,false,,LEGACY_SUPPORTED,MULTI_SOURCE_CANDIDATE
EMP-04877,Microsoft,microsoft.com,Ireland | Australia | USA | Italy,ats-scrapers,6b44a1badc9bfbf5cf176f75265cc5729e520e99,workable,Microsoft,microsoft,https://apply.workable.com/microsoft,HIGH_CONFIDENCE,SLUG_PLUS_NAME,board slug/host token equals domain company token + compatible names,false,,UNSUPPORTED,MULTI_SOURCE_CANDIDATE
EMP-04879,Deloitte,deloitte.com,Ireland | Canada | Australia | USA | UK,ats-scrapers,6b44a1badc9bfbf5cf176f75265cc5729e520e99,eightfold,Deloitte,deloitte,https://deloitte.eightfold.ai/careers,HIGH_CONFIDENCE,SLUG_PLUS_NAME,board slug/host token equals domain company token + compatible names,false,,DECLARATIVE_SUPPORTED,SINGLE_SOURCE_CANDIDATE
EMP-04880,Trend Micro,trendmicro.com,Ireland | Canada | Singapore,ats-scrapers,6b44a1badc9bfbf5cf176f75265cc5729e520e99,workday,Trendmicro,trendmicro/external,https://trendmicro.wd3.myworkdayjobs.com/external,HIGH_CONFIDENCE,SLUG_PLUS_NAME,board slug/host token equals domain company token + compatible names,false,,LEGACY_SUPPORTED,SINGLE_SOURCE_CANDIDATE
EMP-04881,Hewlett Packard Enterprise,hpe.com,Ireland | EU / Europe | USA,ats-scrapers,6b44a1badc9bfbf5cf176f75265cc5729e520e99,phenom,HPE,,https://careers.hpe.com,HIGH_CONFIDENCE,URL_EXACT,internal resolved portal URL equals external board URL,false,,LEGACY_SUPPORTED,MULTI_SOURCE_CANDIDATE
EMP-04882,Mastercard,mastercard.com,Ireland | EU / Europe | USA | UK,ats-scrapers,6b44a1badc9bfbf5cf176f75265cc5729e520e99,smartrecruiters,MasterCard,mastercard,https://careers.smartrecruiters.com/mastercard,HIGH_CONFIDENCE,SLUG_PLUS_NAME,board slug/host token equals domain company token + compatible names,false,,LEGACY_SUPPORTED,MULTI_SOURCE_CANDIDATE
EMP-04882,Mastercard,mastercard.com,Ireland | EU / Europe | USA | UK,ats-scrapers,6b44a1badc9bfbf5cf176f75265cc5729e520e99,workday,Mastercard (Campus),mastercard/Campus,https://mastercard.wd1.myworkdayjobs.com/Campus,HIGH_CONFIDENCE,SLUG_PLUS_NAME,board slug/host token equals domain company token + compatible names,false,,LEGACY_SUPPORTED,MULTI_SOURCE_CANDIDATE
EMP-04882,Mastercard,mastercard.com,Ireland | EU / Europe | USA | UK,ats-scrapers,6b44a1badc9bfbf5cf176f75265cc5729e520e99,workday,Mastercard,mastercard/corporatecareers,https://mastercard.wd1.myworkdayjobs.com/corporatecareers,HIGH_CONFIDENCE,SLUG_PLUS_NAME,board slug/host token equals domain company token + compatible names,false,,LEGACY_SUPPORTED,MULTI_SOURCE_CANDIDATE
EMP-04890,PWC,pwc.com,Ireland | UK,ats-scrapers,6b44a1badc9bfbf5cf176f75265cc5729e520e99,workday,Pwc,pwc/global_campus_careers,https://pwc.wd3.myworkdayjobs.com/global_campus_careers,HIGH_CONFIDENCE,SLUG_PLUS_NAME,board slug/host token equals domain company token + compatible names,false,,LEGACY_SUPPORTED,MULTI_SOURCE_CANDIDATE
EMP-04890,PWC,pwc.com,Ireland | UK,ats-scrapers,6b44a1badc9bfbf5cf176f75265cc5729e520e99,workday,Pwc,pwc/global_experienced_careers,https://pwc.wd3.myworkdayjobs.com/global_experienced_careers,HIGH_CONFIDENCE,SLUG_PLUS_NAME,board slug/host token equals domain company token + compatible names,false,,LEGACY_SUPPORTED,MULTI_SOURCE_CANDIDATE
EMP-04890,PWC,pwc.com,Ireland | UK,ats-scrapers,6b44a1badc9bfbf5cf176f75265cc5729e520e99,workday,Pwc,pwc/us_experienced_careers,https://pwc.wd3.myworkdayjobs.com/us_experienced_careers,HIGH_CONFIDENCE,SLUG_PLUS_NAME,board slug/host token equals domain company token + compatible names,false,,LEGACY_SUPPORTED,MULTI_SOURCE_CANDIDATE
EMP-04892,Northern Trust,northerntrust.com,Ireland | USA,ats-scrapers,6b44a1badc9bfbf5cf176f75265cc5729e520e99,workday,Ntrs,ntrs/northerntrust,https://ntrs.wd1.myworkdayjobs.com/northerntrust,HIGH_CONFIDENCE,URL_EXACT,internal resolved portal URL equals external board URL,false,,LEGACY_SUPPORTED,SINGLE_SOURCE_CANDIDATE
EMP-04893,State Street,statestreet.com,Ireland | USA,ats-scrapers,6b44a1badc9bfbf5cf176f75265cc5729e520e99,workday,Statestreet,statestreet/global,https://statestreet.wd1.myworkdayjobs.com/global,HIGH_CONFIDENCE,SLUG_PLUS_NAME,board slug/host token equals domain company token + compatible names,false,,LEGACY_SUPPORTED,MULTI_SOURCE_CANDIDATE
EMP-04894,CrowdStrike,crowdstrike.com,Ireland | USA,ats-scrapers,6b44a1badc9bfbf5cf176f75265cc5729e520e99,workday,CrowdStrike,crowdstrike/crowdstrikecareers,https://crowdstrike.wd5.myworkdayjobs.com/crowdstrikecareers,HIGH_CONFIDENCE,URL_EXACT,internal resolved portal URL equals external board URL,false,,LEGACY_SUPPORTED,SINGLE_SOURCE_CANDIDATE
EMP-04895,Palo Alto Networks,paloaltonetworks.com,Ireland | USA,ats-scrapers,6b44a1badc9bfbf5cf176f75265cc5729e520e99,workday,Paloaltonetworks,paloaltonetworks/panwexternalcareers,https://paloaltonetworks.wd5.myworkdayjobs.com/panwexternalcareers,HIGH_CONFIDENCE,SLUG_PLUS_NAME,board slug/host token equals domain company token + compatible names,false,,LEGACY_SUPPORTED,SINGLE_SOURCE_CANDIDATE
EMP-04896,Accenture,accenture.com,Ireland | USA | Canada | EU / Europe | Germany | Switzerland | UK / Ireland | Italy | Finland | Denmark | Netherlands | Singapore,ats-scrapers,6b44a1badc9bfbf5cf176f75265cc5729e520e99,bamboohr,accenture,accenture,https://accenture.bamboohr.com/careers,HIGH_CONFIDENCE,SLUG_PLUS_NAME,board slug/host token equals domain company token + compatible names,false,,UNSUPPORTED,MULTI_SOURCE_CANDIDATE
EMP-04896,Accenture,accenture.com,Ireland | USA | Canada | EU / Europe | Germany | Switzerland | UK / Ireland | Italy | Finland | Denmark | Netherlands | Singapore,ats-scrapers,6b44a1badc9bfbf5cf176f75265cc5729e520e99,breezy,Accenture,accenture,https://accenture.breezy.hr,HIGH_CONFIDENCE,SLUG_PLUS_NAME,board slug/host token equals domain company token + compatible names,false,,UNSUPPORTED,MULTI_SOURCE_CANDIDATE
EMP-04896,Accenture,accenture.com,Ireland | USA | Canada | EU / Europe | Germany | Switzerland | UK / Ireland | Italy | Finland | Denmark | Netherlands | Singapore,ats-scrapers,6b44a1badc9bfbf5cf176f75265cc5729e520e99,join_com,Accenture,accenture,https://join.com/companies/accenture,HIGH_CONFIDENCE,SLUG_PLUS_NAME,board slug/host token equals domain company token + compatible names,false,,UNSUPPORTED,MULTI_SOURCE_CANDIDATE
EMP-04896,Accenture,accenture.com,Ireland | USA | Canada | EU / Europe | Germany | Switzerland | UK / Ireland | Italy | Finland | Denmark | Netherlands | Singapore,ats-scrapers,6b44a1badc9bfbf5cf176f75265cc5729e520e99,pinpoint,Accenture,accenture,https://accenture.pinpointhq.com,HIGH_CONFIDENCE,SLUG_PLUS_NAME,board slug/host token equals domain company token + compatible names,false,,UNSUPPORTED,MULTI_SOURCE_CANDIDATE
EMP-04896,Accenture,accenture.com,Ireland | USA | Canada | EU / Europe | Germany | Switzerland | UK / Ireland | Italy | Finland | Denmark | Netherlands | Singapore,ats-scrapers,6b44a1badc9bfbf5cf176f75265cc5729e520e99,smartrecruiters,accenture,accenture,https://careers.smartrecruiters.com/accenture,HIGH_CONFIDENCE,SLUG_PLUS_NAME,board slug/host token equals domain company token + compatible names,false,,LEGACY_SUPPORTED,MULTI_SOURCE_CANDIDATE
EMP-04896,Accenture,accenture.com,Ireland | USA | Canada | EU / Europe | Germany | Switzerland | UK / Ireland | Italy | Finland | Denmark | Netherlands | Singapore,ats-scrapers,6b44a1badc9bfbf5cf176f75265cc5729e520e99,workable,Accenture,accenture,https://apply.workable.com/accenture,HIGH_CONFIDENCE,SLUG_PLUS_NAME,board slug/host token equals domain company token + compatible names,false,,UNSUPPORTED,MULTI_SOURCE_CANDIDATE
EMP-04896,Accenture,accenture.com,Ireland | USA | Canada | EU / Europe | Germany | Switzerland | UK / Ireland | Italy | Finland | Denmark | Netherlands | Singapore,ats-scrapers,6b44a1badc9bfbf5cf176f75265cc5729e520e99,workday,Accenture (AvanadeLeadershipCareers),accenture/AvanadeLeadershipCareers,https://accenture.wd103.myworkdayjobs.com/AvanadeLeadershipCareers,HIGH_CONFIDENCE,SLUG_PLUS_NAME,board slug/host token equals domain company token + compatible names,false,,LEGACY_SUPPORTED,MULTI_SOURCE_CANDIDATE
EMP-04896,Accenture,accenture.com,Ireland | USA | Canada | EU / Europe | Germany | Switzerland | UK / Ireland | Italy | Finland | Denmark | Netherlands | Singapore,ats-scrapers,6b44a1badc9bfbf5cf176f75265cc5729e520e99,workday,Accenture,accenture/accenturecareers,https://accenture.wd103.myworkdayjobs.com/accenturecareers,HIGH_CONFIDENCE,SLUG_PLUS_NAME,board slug/host token equals domain company token + compatible names,false,,LEGACY_SUPPORTED,MULTI_SOURCE_CANDIDATE
EMP-04897,Qualcomm,qualcomm.com,Ireland | USA | Europe | Italy | Singapore,ats-scrapers,6b44a1badc9bfbf5cf176f75265cc5729e520e99,eightfold,Qualcomm,qualcomm,https://qualcomm.eightfold.ai/careers,HIGH_CONFIDENCE,SLUG_PLUS_NAME,board slug/host token equals domain company token + compatible names,false,,DECLARATIVE_SUPPORTED,MULTI_SOURCE_CANDIDATE
EMP-04897,Qualcomm,qualcomm.com,Ireland | USA | Europe | Italy | Singapore,ats-scrapers,6b44a1badc9bfbf5cf176f75265cc5729e520e99,workday,Qualcomm,qualcomm/external,https://qualcomm.wd12.myworkdayjobs.com/external,HIGH_CONFIDENCE,SLUG_PLUS_NAME,board slug/host token equals domain company token + compatible names,false,,LEGACY_SUPPORTED,MULTI_SOURCE_CANDIDATE
EMP-04898,Kyndryl,kyndryl.com,Ireland | USA | Multi-region,ats-scrapers,6b44a1badc9bfbf5cf176f75265cc5729e520e99,workday,Kyndryl (ISMCareers),kyndryl/ISMCareers,https://kyndryl.wd5.myworkdayjobs.com/ISMCareers,HIGH_CONFIDENCE,SLUG_PLUS_NAME,board slug/host token equals domain company token + compatible names,false,,LEGACY_SUPPORTED,MULTI_SOURCE_CANDIDATE
EMP-04898,Kyndryl,kyndryl.com,Ireland | USA | Multi-region,ats-scrapers,6b44a1badc9bfbf5cf176f75265cc5729e520e99,workday,Kyndrylearly,kyndryl/kyndrylearlycareers,https://kyndryl.wd5.myworkdayjobs.com/kyndrylearlycareers,HIGH_CONFIDENCE,SLUG_PLUS_NAME,board slug/host token equals domain company token + compatible names,false,,LEGACY_SUPPORTED,MULTI_SOURCE_CANDIDATE
EMP-04898,Kyndryl,kyndryl.com,Ireland | USA | Multi-region,ats-scrapers,6b44a1badc9bfbf5cf176f75265cc5729e520e99,workday,Kyndryl,kyndryl/kyndrylprofessionalcareers,https://kyndryl.wd5.myworkdayjobs.com/kyndrylprofessionalcareers,HIGH_CONFIDENCE,SLUG_PLUS_NAME,board slug/host token equals domain company token + compatible names,false,,LEGACY_SUPPORTED,MULTI_SOURCE_CANDIDATE
EMP-04899,Trellix,trellix.com,Ireland | USA | Multi-region,ats-scrapers,6b44a1badc9bfbf5cf176f75265cc5729e520e99,workday,Trellix,trellix/enterprisecareers,https://trellix.wd1.myworkdayjobs.com/enterprisecareers,HIGH_CONFIDENCE,SLUG_PLUS_NAME,board slug/host token equals domain company token + compatible names,false,,LEGACY_SUPPORTED,SINGLE_SOURCE_CANDIDATE
EMP-05076,NTT DATA ITALIA S.p.A.,nttdata.com,Italy,ats-scrapers,6b44a1badc9bfbf5cf176f75265cc5729e520e99,eightfold,NTT DATA,nttdata,https://nttdata.eightfold.ai/careers,HIGH_CONFIDENCE,SLUG_PLUS_NAME,board slug/host token equals domain company token + compatible names,false,,DECLARATIVE_SUPPORTED,MULTI_SOURCE_CANDIDATE
EMP-05076,NTT DATA ITALIA S.p.A.,nttdata.com,Italy,ats-scrapers,6b44a1badc9bfbf5cf176f75265cc5729e520e99,smartrecruiters,NTT Data,nttdata,https://careers.smartrecruiters.com/nttdata,HIGH_CONFIDENCE,SLUG_PLUS_NAME,board slug/host token equals domain company token + compatible names,false,,LEGACY_SUPPORTED,MULTI_SOURCE_CANDIDATE
EMP-05179,Accenture Financial Advanced Solutions & Technology,accenture.com,Italy,ats-scrapers,6b44a1badc9bfbf5cf176f75265cc5729e520e99,bamboohr,accenture,accenture,https://accenture.bamboohr.com/careers,HIGH_CONFIDENCE,SLUG_PLUS_NAME,board slug/host token equals domain company token + compatible names,false,,UNSUPPORTED,MULTI_SOURCE_CANDIDATE
EMP-05179,Accenture Financial Advanced Solutions & Technology,accenture.com,Italy,ats-scrapers,6b44a1badc9bfbf5cf176f75265cc5729e520e99,breezy,Accenture,accenture,https://accenture.breezy.hr,HIGH_CONFIDENCE,SLUG_PLUS_NAME,board slug/host token equals domain company token + compatible names,false,,UNSUPPORTED,MULTI_SOURCE_CANDIDATE
EMP-05179,Accenture Financial Advanced Solutions & Technology,accenture.com,Italy,ats-scrapers,6b44a1badc9bfbf5cf176f75265cc5729e520e99,join_com,Accenture,accenture,https://join.com/companies/accenture,HIGH_CONFIDENCE,SLUG_PLUS_NAME,board slug/host token equals domain company token + compatible names,false,,UNSUPPORTED,MULTI_SOURCE_CANDIDATE
EMP-05179,Accenture Financial Advanced Solutions & Technology,accenture.com,Italy,ats-scrapers,6b44a1badc9bfbf5cf176f75265cc5729e520e99,pinpoint,Accenture,accenture,https://accenture.pinpointhq.com,HIGH_CONFIDENCE,SLUG_PLUS_NAME,board slug/host token equals domain company token + compatible names,false,,UNSUPPORTED,MULTI_SOURCE_CANDIDATE
EMP-05179,Accenture Financial Advanced Solutions & Technology,accenture.com,Italy,ats-scrapers,6b44a1badc9bfbf5cf176f75265cc5729e520e99,smartrecruiters,accenture,accenture,https://careers.smartrecruiters.com/accenture,HIGH_CONFIDENCE,SLUG_PLUS_NAME,board slug/host token equals domain company token + compatible names,false,,LEGACY_SUPPORTED,MULTI_SOURCE_CANDIDATE
EMP-05179,Accenture Financial Advanced Solutions & Technology,accenture.com,Italy,ats-scrapers,6b44a1badc9bfbf5cf176f75265cc5729e520e99,workable,Accenture,accenture,https://apply.workable.com/accenture,HIGH_CONFIDENCE,SLUG_PLUS_NAME,board slug/host token equals domain company token + compatible names,false,,UNSUPPORTED,MULTI_SOURCE_CANDIDATE
EMP-05179,Accenture Financial Advanced Solutions & Technology,accenture.com,Italy,ats-scrapers,6b44a1badc9bfbf5cf176f75265cc5729e520e99,workday,Accenture,accenture/accenturecareers,https://accenture.wd103.myworkdayjobs.com/accenturecareers,HIGH_CONFIDENCE,SLUG_PLUS_NAME,board slug/host token equals domain company token + compatible names,false,,LEGACY_SUPPORTED,MULTI_SOURCE_CANDIDATE
EMP-05180,Accenture Services and Technology,accenture.com,Italy,ats-scrapers,6b44a1badc9bfbf5cf176f75265cc5729e520e99,bamboohr,accenture,accenture,https://accenture.bamboohr.com/careers,HIGH_CONFIDENCE,SLUG_PLUS_NAME,board slug/host token equals domain company token + compatible names,false,,UNSUPPORTED,MULTI_SOURCE_CANDIDATE
EMP-05180,Accenture Services and Technology,accenture.com,Italy,ats-scrapers,6b44a1badc9bfbf5cf176f75265cc5729e520e99,breezy,Accenture,accenture,https://accenture.breezy.hr,HIGH_CONFIDENCE,SLUG_PLUS_NAME,board slug/host token equals domain company token + compatible names,false,,UNSUPPORTED,MULTI_SOURCE_CANDIDATE
EMP-05180,Accenture Services and Technology,accenture.com,Italy,ats-scrapers,6b44a1badc9bfbf5cf176f75265cc5729e520e99,join_com,Accenture,accenture,https://join.com/companies/accenture,HIGH_CONFIDENCE,SLUG_PLUS_NAME,board slug/host token equals domain company token + compatible names,false,,UNSUPPORTED,MULTI_SOURCE_CANDIDATE
EMP-05180,Accenture Services and Technology,accenture.com,Italy,ats-scrapers,6b44a1badc9bfbf5cf176f75265cc5729e520e99,pinpoint,Accenture,accenture,https://accenture.pinpointhq.com,HIGH_CONFIDENCE,SLUG_PLUS_NAME,board slug/host token equals domain company token + compatible names,false,,UNSUPPORTED,MULTI_SOURCE_CANDIDATE
EMP-05180,Accenture Services and Technology,accenture.com,Italy,ats-scrapers,6b44a1badc9bfbf5cf176f75265cc5729e520e99,smartrecruiters,accenture,accenture,https://careers.smartrecruiters.com/accenture,HIGH_CONFIDENCE,SLUG_PLUS_NAME,board slug/host token equals domain company token + compatible names,false,,LEGACY_SUPPORTED,MULTI_SOURCE_CANDIDATE
EMP-05180,Accenture Services and Technology,accenture.com,Italy,ats-scrapers,6b44a1badc9bfbf5cf176f75265cc5729e520e99,workable,Accenture,accenture,https://apply.workable.com/accenture,HIGH_CONFIDENCE,SLUG_PLUS_NAME,board slug/host token equals domain company token + compatible names,false,,UNSUPPORTED,MULTI_SOURCE_CANDIDATE
EMP-05180,Accenture Services and Technology,accenture.com,Italy,ats-scrapers,6b44a1badc9bfbf5cf176f75265cc5729e520e99,workday,Accenture,accenture/accenturecareers,https://accenture.wd103.myworkdayjobs.com/accenturecareers,HIGH_CONFIDENCE,SLUG_PLUS_NAME,board slug/host token equals domain company token + compatible names,false,,LEGACY_SUPPORTED,MULTI_SOURCE_CANDIDATE
EMP-05328,Banca di Credito Cooperativo Magna Grecia,magna.com,Italy,ats-scrapers,6b44a1badc9bfbf5cf176f75265cc5729e520e99,personio,magna,magna,https://magna.jobs.personio.com,HIGH_CONFIDENCE,SLUG_PLUS_NAME,board slug/host token equals domain company token + compatible names,false,,UNSUPPORTED,MULTI_SOURCE_CANDIDATE
EMP-05328,Banca di Credito Cooperativo Magna Grecia,magna.com,Italy,ats-scrapers,6b44a1badc9bfbf5cf176f75265cc5729e520e99,workday,Magna,magna/magna,https://magna.wd3.myworkdayjobs.com/magna,HIGH_CONFIDENCE,SLUG_PLUS_NAME,board slug/host token equals domain company token + compatible names,false,,LEGACY_SUPPORTED,MULTI_SOURCE_CANDIDATE
EMP-05347,Banca Generali,generali.com,Italy,ats-scrapers,6b44a1badc9bfbf5cf176f75265cc5729e520e99,teamtailor,Generali,generali,https://generali.teamtailor.com,HIGH_CONFIDENCE,SLUG_PLUS_NAME,board slug/host token equals domain company token + compatible names,false,,UNSUPPORTED,SINGLE_SOURCE_CANDIDATE
EMP-05390,Banca Widiba - Wise Dialog Bank,wise.com,Italy,ats-scrapers,6b44a1badc9bfbf5cf176f75265cc5729e520e99,smartrecruiters,Wise,Wise,https://careers.smartrecruiters.com/Wise,HIGH_CONFIDENCE,SLUG_PLUS_NAME,board slug/host token equals domain company token + compatible names,false,,LEGACY_SUPPORTED,SINGLE_SOURCE_CANDIDATE
EMP-05399,Banco Santander S.A. Milan Branch,santander.com,Italy,ats-scrapers,6b44a1badc9bfbf5cf176f75265cc5729e520e99,workday,Santander,santander/santandercareers,https://santander.wd3.myworkdayjobs.com/santandercareers,HIGH_CONFIDENCE,SLUG_PLUS_NAME,board slug/host token equals domain company token + compatible names,false,,LEGACY_SUPPORTED,SINGLE_SOURCE_CANDIDATE
EMP-05587,Fideuram - Intesa Sanpaolo Private Banking,group.intesasanpaolo.com,Italy,ats-scrapers,6b44a1badc9bfbf5cf176f75265cc5729e520e99,successfactors,Intesa Sanpaolo,jobs,https://jobs.intesasanpaolo.com,HIGH_CONFIDENCE,URL_EXACT,internal resolved portal URL equals external board URL,false,,LEGACY_SUPPORTED,SINGLE_SOURCE_CANDIDATE
EMP-05617,Generali Asset Management SGR,generali.com,Italy,ats-scrapers,6b44a1badc9bfbf5cf176f75265cc5729e520e99,teamtailor,Generali,generali,https://generali.teamtailor.com,HIGH_CONFIDENCE,SLUG_PLUS_NAME,board slug/host token equals domain company token + compatible names,false,,UNSUPPORTED,SINGLE_SOURCE_CANDIDATE
EMP-05618,Generali Investments Holding,generali.com,Italy,ats-scrapers,6b44a1badc9bfbf5cf176f75265cc5729e520e99,teamtailor,Generali,generali,https://generali.teamtailor.com,HIGH_CONFIDENCE,SLUG_PLUS_NAME,board slug/host token equals domain company token + compatible names,false,,UNSUPPORTED,SINGLE_SOURCE_CANDIDATE
EMP-05619,Generali Real Estate,generali.com,Italy,ats-scrapers,6b44a1badc9bfbf5cf176f75265cc5729e520e99,teamtailor,Generali,generali,https://generali.teamtailor.com,HIGH_CONFIDENCE,SLUG_PLUS_NAME,board slug/host token equals domain company token + compatible names,false,,UNSUPPORTED,SINGLE_SOURCE_CANDIDATE
EMP-05620,Generali Real Estate SGR,generali.com,Italy,ats-scrapers,6b44a1badc9bfbf5cf176f75265cc5729e520e99,teamtailor,Generali,generali,https://generali.teamtailor.com,HIGH_CONFIDENCE,SLUG_PLUS_NAME,board slug/host token equals domain company token + compatible names,false,,UNSUPPORTED,SINGLE_SOURCE_CANDIDATE
EMP-05627,HSBC Continental Europe Italy,continental.com,Italy,ats-scrapers,6b44a1badc9bfbf5cf176f75265cc5729e520e99,smartrecruiters,Continental,continental,https://careers.smartrecruiters.com/continental,HIGH_CONFIDENCE,SLUG_PLUS_NAME,board slug/host token equals domain company token + compatible names,false,,LEGACY_SUPPORTED,SINGLE_SOURCE_CANDIDATE
EMP-05646,Intesa Sanpaolo Innovation Center,group.intesasanpaolo.com,Italy,ats-scrapers,6b44a1badc9bfbf5cf176f75265cc5729e520e99,successfactors,Intesa Sanpaolo,jobs,https://jobs.intesasanpaolo.com,HIGH_CONFIDENCE,URL_EXACT,internal resolved portal URL equals external board URL,false,,LEGACY_SUPPORTED,SINGLE_SOURCE_CANDIDATE
EMP-05647,Intesa Sanpaolo International Value Services,group.intesasanpaolo.com,Italy,ats-scrapers,6b44a1badc9bfbf5cf176f75265cc5729e520e99,successfactors,Intesa Sanpaolo,jobs,https://jobs.intesasanpaolo.com,HIGH_CONFIDENCE,URL_EXACT,internal resolved portal URL equals external board URL,false,,LEGACY_SUPPORTED,SINGLE_SOURCE_CANDIDATE
EMP-05648,Intesa Sanpaolo Private Banking,group.intesasanpaolo.com,Italy,ats-scrapers,6b44a1badc9bfbf5cf176f75265cc5729e520e99,successfactors,Intesa Sanpaolo,jobs,https://jobs.intesasanpaolo.com,HIGH_CONFIDENCE,URL_EXACT,internal resolved portal URL equals external board URL,false,,LEGACY_SUPPORTED,SINGLE_SOURCE_CANDIDATE
EMP-05684,Morgan Stanley Europe SE Milan Branch,morganstanley.com,Italy,ats-scrapers,6b44a1badc9bfbf5cf176f75265cc5729e520e99,eightfold,Morgan Stanley,morganstanley,https://morganstanley.eightfold.ai/careers,HIGH_CONFIDENCE,SLUG_PLUS_NAME,board slug/host token equals domain company token + compatible names,false,,DECLARATIVE_SUPPORTED,MULTI_SOURCE_CANDIDATE
EMP-05684,Morgan Stanley Europe SE Milan Branch,morganstanley.com,Italy,ats-scrapers,6b44a1badc9bfbf5cf176f75265cc5729e520e99,smartrecruiters,Morgan stanley,morganstanley,https://careers.smartrecruiters.com/morganstanley,HIGH_CONFIDENCE,SLUG_PLUS_NAME,board slug/host token equals domain company token + compatible names,false,,LEGACY_SUPPORTED,MULTI_SOURCE_CANDIDATE
EMP-05714,Santander Consumer Bank,santander.com,Italy,ats-scrapers,6b44a1badc9bfbf5cf176f75265cc5729e520e99,workday,Santander,santander/santandercareers,https://santander.wd3.myworkdayjobs.com/santandercareers,HIGH_CONFIDENCE,SLUG_PLUS_NAME,board slug/host token equals domain company token + compatible names,false,,LEGACY_SUPPORTED,SINGLE_SOURCE_CANDIDATE
EMP-05760,Worldline Merchant Services Italia,worldline.com,Italy,ats-scrapers,6b44a1badc9bfbf5cf176f75265cc5729e520e99,successfactors,Worldline,jobs,https://jobs.worldline.com,HIGH_CONFIDENCE,URL_EXACT,internal resolved portal URL equals external board URL,false,,LEGACY_SUPPORTED,MULTI_SOURCE_CANDIDATE
EMP-05775,Italgas,italgas.it,Italy,ats-scrapers,6b44a1badc9bfbf5cf176f75265cc5729e520e99,successfactors,Home Page Career Site,italgasret,https://carriere.italgas.it,HIGH_CONFIDENCE,URL_EXACT,internal resolved portal URL equals external board URL,false,,LEGACY_SUPPORTED,SINGLE_SOURCE_CANDIDATE
EMP-05783,Tenaris,tenaris.com,Italy,ats-scrapers,6b44a1badc9bfbf5cf176f75265cc5729e520e99,successfactors,Tenaris,Tenaris,https://recruitment.tenaris.com,HIGH_CONFIDENCE,URL_EXACT,internal resolved portal URL equals external board URL,false,,LEGACY_SUPPORTED,SINGLE_SOURCE_CANDIDATE
EMP-05784,Terna,terna.it,Italy,ats-scrapers,6b44a1badc9bfbf5cf176f75265cc5729e520e99,successfactors,Terna,ternaspa,https://jobs.terna.it,HIGH_CONFIDENCE,URL_EXACT,internal resolved portal URL equals external board URL,false,,LEGACY_SUPPORTED,SINGLE_SOURCE_CANDIDATE
EMP-05793,Accenture Security,accenture.com,Italy,ats-scrapers,6b44a1badc9bfbf5cf176f75265cc5729e520e99,bamboohr,accenture,accenture,https://accenture.bamboohr.com/careers,HIGH_CONFIDENCE,SLUG_PLUS_NAME,board slug/host token equals domain company token + compatible names,false,,UNSUPPORTED,MULTI_SOURCE_CANDIDATE
EMP-05793,Accenture Security,accenture.com,Italy,ats-scrapers,6b44a1badc9bfbf5cf176f75265cc5729e520e99,breezy,Accenture,accenture,https://accenture.breezy.hr,HIGH_CONFIDENCE,SLUG_PLUS_NAME,board slug/host token equals domain company token + compatible names,false,,UNSUPPORTED,MULTI_SOURCE_CANDIDATE
EMP-05793,Accenture Security,accenture.com,Italy,ats-scrapers,6b44a1badc9bfbf5cf176f75265cc5729e520e99,join_com,Accenture,accenture,https://join.com/companies/accenture,HIGH_CONFIDENCE,SLUG_PLUS_NAME,board slug/host token equals domain company token + compatible names,false,,UNSUPPORTED,MULTI_SOURCE_CANDIDATE
EMP-05793,Accenture Security,accenture.com,Italy,ats-scrapers,6b44a1badc9bfbf5cf176f75265cc5729e520e99,pinpoint,Accenture,accenture,https://accenture.pinpointhq.com,HIGH_CONFIDENCE,SLUG_PLUS_NAME,board slug/host token equals domain company token + compatible names,false,,UNSUPPORTED,MULTI_SOURCE_CANDIDATE
EMP-05793,Accenture Security,accenture.com,Italy,ats-scrapers,6b44a1badc9bfbf5cf176f75265cc5729e520e99,smartrecruiters,accenture,accenture,https://careers.smartrecruiters.com/accenture,HIGH_CONFIDENCE,SLUG_PLUS_NAME,board slug/host token equals domain company token + compatible names,false,,LEGACY_SUPPORTED,MULTI_SOURCE_CANDIDATE
EMP-05793,Accenture Security,accenture.com,Italy,ats-scrapers,6b44a1badc9bfbf5cf176f75265cc5729e520e99,workable,Accenture,accenture,https://apply.workable.com/accenture,HIGH_CONFIDENCE,SLUG_PLUS_NAME,board slug/host token equals domain company token + compatible names,false,,UNSUPPORTED,MULTI_SOURCE_CANDIDATE
EMP-05793,Accenture Security,accenture.com,Italy,ats-scrapers,6b44a1badc9bfbf5cf176f75265cc5729e520e99,workday,Accenture,accenture/accenturecareers,https://accenture.wd103.myworkdayjobs.com/accenturecareers,HIGH_CONFIDENCE,SLUG_PLUS_NAME,board slug/host token equals domain company token + compatible names,false,,LEGACY_SUPPORTED,MULTI_SOURCE_CANDIDATE
EMP-05874,Sophos Italia,sophos.com,Italy,ats-scrapers,6b44a1badc9bfbf5cf176f75265cc5729e520e99,lever,Sophos,sophos,https://jobs.lever.co/sophos,HIGH_CONFIDENCE,SLUG_PLUS_NAME,board slug/host token equals domain company token + compatible names,false,,LEGACY_SUPPORTED,MULTI_SOURCE_CANDIDATE
EMP-05874,Sophos Italia,sophos.com,Italy,ats-scrapers,6b44a1badc9bfbf5cf176f75265cc5729e520e99,smartrecruiters,Sophos,sophos,https://careers.smartrecruiters.com/sophos,HIGH_CONFIDENCE,SLUG_PLUS_NAME,board slug/host token equals domain company token + compatible names,false,,LEGACY_SUPPORTED,MULTI_SOURCE_CANDIDATE
EMP-06139,GETSOLUTION DI PAOLA GENERALI,generali.com,Italy,ats-scrapers,6b44a1badc9bfbf5cf176f75265cc5729e520e99,teamtailor,Generali,generali,https://generali.teamtailor.com,HIGH_CONFIDENCE,SLUG_PLUS_NAME,board slug/host token equals domain company token + compatible names,false,,UNSUPPORTED,SINGLE_SOURCE_CANDIDATE
EMP-06477,Amazon Italia Services Srl,amazon.com,Italy,ats-scrapers,6b44a1badc9bfbf5cf176f75265cc5729e520e99,breezy,Amazon,amazon,https://amazon.breezy.hr,HIGH_CONFIDENCE,SLUG_PLUS_NAME,board slug/host token equals domain company token + compatible names,false,,UNSUPPORTED,MULTI_SOURCE_CANDIDATE
EMP-06477,Amazon Italia Services Srl,amazon.com,Italy,ats-scrapers,6b44a1badc9bfbf5cf176f75265cc5729e520e99,personio,amazon,amazon,https://amazon.jobs.personio.com,HIGH_CONFIDENCE,SLUG_PLUS_NAME,board slug/host token equals domain company token + compatible names,false,,UNSUPPORTED,MULTI_SOURCE_CANDIDATE
EMP-06477,Amazon Italia Services Srl,amazon.com,Italy,ats-scrapers,6b44a1badc9bfbf5cf176f75265cc5729e520e99,smartrecruiters,Amazon,amazon,https://careers.smartrecruiters.com/amazon,HIGH_CONFIDENCE,SLUG_PLUS_NAME,board slug/host token equals domain company token + compatible names,false,,LEGACY_SUPPORTED,MULTI_SOURCE_CANDIDATE
EMP-06477,Amazon Italia Services Srl,amazon.com,Italy,ats-scrapers,6b44a1badc9bfbf5cf176f75265cc5729e520e99,workable,Amazon,amazon,https://apply.workable.com/amazon,HIGH_CONFIDENCE,SLUG_PLUS_NAME,board slug/host token equals domain company token + compatible names,false,,UNSUPPORTED,MULTI_SOURCE_CANDIDATE
EMP-06479,Apple Italia Srl,apple.com,Italy,ats-scrapers,6b44a1badc9bfbf5cf176f75265cc5729e520e99,workable,Apple,apple,https://apply.workable.com/apple,HIGH_CONFIDENCE,SLUG_PLUS_NAME,board slug/host token equals domain company token + compatible names,false,,UNSUPPORTED,SINGLE_SOURCE_CANDIDATE
EMP-06593,Nokia Solutions and Networks Italia Spa,nokia.com,Italy,ats-scrapers,6b44a1badc9bfbf5cf176f75265cc5729e520e99,smartrecruiters,nokia,nokia,https://careers.smartrecruiters.com/nokia,HIGH_CONFIDENCE,SLUG_PLUS_NAME,board slug/host token equals domain company token + compatible names,false,,LEGACY_SUPPORTED,SINGLE_SOURCE_CANDIDATE
EMP-06596,Oracle Italia Srl,oracle.com,Italy,ats-scrapers,6b44a1badc9bfbf5cf176f75265cc5729e520e99,smartrecruiters,Oracle,oracle,https://careers.smartrecruiters.com/oracle,HIGH_CONFIDENCE,SLUG_PLUS_NAME,board slug/host token equals domain company token + compatible names,false,,LEGACY_SUPPORTED,SINGLE_SOURCE_CANDIDATE
EMP-06658,Amazon Web Services EMEA SARL,amazon.com,Italy,ats-scrapers,6b44a1badc9bfbf5cf176f75265cc5729e520e99,breezy,Amazon,amazon,https://amazon.breezy.hr,HIGH_CONFIDENCE,SLUG_PLUS_NAME,board slug/host token equals domain company token + compatible names,false,,UNSUPPORTED,MULTI_SOURCE_CANDIDATE
EMP-06658,Amazon Web Services EMEA SARL,amazon.com,Italy,ats-scrapers,6b44a1badc9bfbf5cf176f75265cc5729e520e99,personio,amazon,amazon,https://amazon.jobs.personio.com,HIGH_CONFIDENCE,SLUG_PLUS_NAME,board slug/host token equals domain company token + compatible names,false,,UNSUPPORTED,MULTI_SOURCE_CANDIDATE
EMP-06658,Amazon Web Services EMEA SARL,amazon.com,Italy,ats-scrapers,6b44a1badc9bfbf5cf176f75265cc5729e520e99,smartrecruiters,Amazon,amazon,https://careers.smartrecruiters.com/amazon,HIGH_CONFIDENCE,SLUG_PLUS_NAME,board slug/host token equals domain company token + compatible names,false,,LEGACY_SUPPORTED,MULTI_SOURCE_CANDIDATE
EMP-06658,Amazon Web Services EMEA SARL,amazon.com,Italy,ats-scrapers,6b44a1badc9bfbf5cf176f75265cc5729e520e99,workable,Amazon,amazon,https://apply.workable.com/amazon,HIGH_CONFIDENCE,SLUG_PLUS_NAME,board slug/host token equals domain company token + compatible names,false,,UNSUPPORTED,MULTI_SOURCE_CANDIDATE
EMP-06673,ASSICURAZIONI GENERALI SOCIETA' PER AZIONI,generali.com,Italy,ats-scrapers,6b44a1badc9bfbf5cf176f75265cc5729e520e99,teamtailor,Generali,generali,https://generali.teamtailor.com,HIGH_CONFIDENCE,SLUG_PLUS_NAME,board slug/host token equals domain company token + compatible names,false,,UNSUPPORTED,SINGLE_SOURCE_CANDIDATE
EMP-06700,GENERALI ITALIA S.P.A.,generali.com,Italy,ats-scrapers,6b44a1badc9bfbf5cf176f75265cc5729e520e99,teamtailor,Generali,generali,https://generali.teamtailor.com,HIGH_CONFIDENCE,SLUG_PLUS_NAME,board slug/host token equals domain company token + compatible names,false,,UNSUPPORTED,SINGLE_SOURCE_CANDIDATE
EMP-06709,INTESA SANPAOLO ASSICURAZIONI S.P.A.,group.intesasanpaolo.com,Italy,ats-scrapers,6b44a1badc9bfbf5cf176f75265cc5729e520e99,successfactors,Intesa Sanpaolo,jobs,https://jobs.intesasanpaolo.com,HIGH_CONFIDENCE,URL_EXACT,internal resolved portal URL equals external board URL,false,,LEGACY_SUPPORTED,SINGLE_SOURCE_CANDIDATE
EMP-06710,INTESA SANPAOLO PROTEZIONE S.P.A.,group.intesasanpaolo.com,Italy,ats-scrapers,6b44a1badc9bfbf5cf176f75265cc5729e520e99,successfactors,Intesa Sanpaolo,jobs,https://jobs.intesasanpaolo.com,HIGH_CONFIDENCE,URL_EXACT,internal resolved portal URL equals external board URL,false,,LEGACY_SUPPORTED,SINGLE_SOURCE_CANDIDATE
EMP-06748,Airbus Italia,airbus.com,Italy,ats-scrapers,6b44a1badc9bfbf5cf176f75265cc5729e520e99,bamboohr,airbus,airbus,https://airbus.bamboohr.com/careers,HIGH_CONFIDENCE,SLUG_PLUS_NAME,board slug/host token equals domain company token + compatible names,false,,UNSUPPORTED,SINGLE_SOURCE_CANDIDATE
EMP-06922,Ernst & Young Liechtenstein,ey.com,Liechtenstein,ats-scrapers,6b44a1badc9bfbf5cf176f75265cc5729e520e99,successfactors,Careers at EY: search jobs,EYHRISPRD1,https://careers.ey.com,HIGH_CONFIDENCE,URL_EXACT,internal resolved portal URL equals external board URL,false,,LEGACY_SUPPORTED,MULTI_SOURCE_CANDIDATE
EMP-06929,KPMG Liechtenstein,kpmg.com,Liechtenstein,ats-scrapers,6b44a1badc9bfbf5cf176f75265cc5729e520e99,moka,KPMG,kpmg/74216,https://app.mokahr.com/social-recruitment/kpmg/74216,HIGH_CONFIDENCE,SLUG_PLUS_NAME,board slug/host token equals domain company token + compatible names,false,,UNSUPPORTED,MULTI_SOURCE_CANDIDATE
EMP-06929,KPMG Liechtenstein,kpmg.com,Liechtenstein,ats-scrapers,6b44a1badc9bfbf5cf176f75265cc5729e520e99,successfactors,Kpmg,KPMGHITPRD,https://careers.kpmg.it,HIGH_CONFIDENCE,URL_EXACT,internal resolved portal URL equals external board URL,false,,LEGACY_SUPPORTED,MULTI_SOURCE_CANDIDATE
EMP-06945,Nord Security,nordsecurity.com,Lithuania,ats-scrapers,6b44a1badc9bfbf5cf176f75265cc5729e520e99,ashby,nord-security,nord-security,https://jobs.ashbyhq.com/nord-security,HIGH_CONFIDENCE,SLUG_PLUS_NAME,board slug/host token equals domain company token + compatible names,false,,LEGACY_SUPPORTED,MULTI_SOURCE_CANDIDATE
EMP-06998,Accenture Luxembourg,accenture.com,Luxembourg,ats-scrapers,6b44a1badc9bfbf5cf176f75265cc5729e520e99,bamboohr,accenture,accenture,https://accenture.bamboohr.com/careers,HIGH_CONFIDENCE,SLUG_PLUS_NAME,board slug/host token equals domain company token + compatible names,false,,UNSUPPORTED,MULTI_SOURCE_CANDIDATE
EMP-06998,Accenture Luxembourg,accenture.com,Luxembourg,ats-scrapers,6b44a1badc9bfbf5cf176f75265cc5729e520e99,breezy,Accenture,accenture,https://accenture.breezy.hr,HIGH_CONFIDENCE,SLUG_PLUS_NAME,board slug/host token equals domain company token + compatible names,false,,UNSUPPORTED,MULTI_SOURCE_CANDIDATE
EMP-06998,Accenture Luxembourg,accenture.com,Luxembourg,ats-scrapers,6b44a1badc9bfbf5cf176f75265cc5729e520e99,join_com,Accenture,accenture,https://join.com/companies/accenture,HIGH_CONFIDENCE,SLUG_PLUS_NAME,board slug/host token equals domain company token + compatible names,false,,UNSUPPORTED,MULTI_SOURCE_CANDIDATE
EMP-06998,Accenture Luxembourg,accenture.com,Luxembourg,ats-scrapers,6b44a1badc9bfbf5cf176f75265cc5729e520e99,pinpoint,Accenture,accenture,https://accenture.pinpointhq.com,HIGH_CONFIDENCE,SLUG_PLUS_NAME,board slug/host token equals domain company token + compatible names,false,,UNSUPPORTED,MULTI_SOURCE_CANDIDATE
EMP-06998,Accenture Luxembourg,accenture.com,Luxembourg,ats-scrapers,6b44a1badc9bfbf5cf176f75265cc5729e520e99,smartrecruiters,accenture,accenture,https://careers.smartrecruiters.com/accenture,HIGH_CONFIDENCE,SLUG_PLUS_NAME,board slug/host token equals domain company token + compatible names,false,,LEGACY_SUPPORTED,MULTI_SOURCE_CANDIDATE
EMP-06998,Accenture Luxembourg,accenture.com,Luxembourg,ats-scrapers,6b44a1badc9bfbf5cf176f75265cc5729e520e99,workable,Accenture,accenture,https://apply.workable.com/accenture,HIGH_CONFIDENCE,SLUG_PLUS_NAME,board slug/host token equals domain company token + compatible names,false,,UNSUPPORTED,MULTI_SOURCE_CANDIDATE
EMP-06998,Accenture Luxembourg,accenture.com,Luxembourg,ats-scrapers,6b44a1badc9bfbf5cf176f75265cc5729e520e99,workday,Accenture,accenture/accenturecareers,https://accenture.wd103.myworkdayjobs.com/accenturecareers,HIGH_CONFIDENCE,SLUG_PLUS_NAME,board slug/host token equals domain company token + compatible names,false,,LEGACY_SUPPORTED,MULTI_SOURCE_CANDIDATE
EMP-06999,Amazon Luxembourg,amazon.com,Luxembourg,ats-scrapers,6b44a1badc9bfbf5cf176f75265cc5729e520e99,breezy,Amazon,amazon,https://amazon.breezy.hr,HIGH_CONFIDENCE,SLUG_PLUS_NAME,board slug/host token equals domain company token + compatible names,false,,UNSUPPORTED,MULTI_SOURCE_CANDIDATE
EMP-06999,Amazon Luxembourg,amazon.com,Luxembourg,ats-scrapers,6b44a1badc9bfbf5cf176f75265cc5729e520e99,personio,amazon,amazon,https://amazon.jobs.personio.com,HIGH_CONFIDENCE,SLUG_PLUS_NAME,board slug/host token equals domain company token + compatible names,false,,UNSUPPORTED,MULTI_SOURCE_CANDIDATE
EMP-06999,Amazon Luxembourg,amazon.com,Luxembourg,ats-scrapers,6b44a1badc9bfbf5cf176f75265cc5729e520e99,smartrecruiters,Amazon,amazon,https://careers.smartrecruiters.com/amazon,HIGH_CONFIDENCE,SLUG_PLUS_NAME,board slug/host token equals domain company token + compatible names,false,,LEGACY_SUPPORTED,MULTI_SOURCE_CANDIDATE
EMP-06999,Amazon Luxembourg,amazon.com,Luxembourg,ats-scrapers,6b44a1badc9bfbf5cf176f75265cc5729e520e99,workable,Amazon,amazon,https://apply.workable.com/amazon,HIGH_CONFIDENCE,SLUG_PLUS_NAME,board slug/host token equals domain company token + compatible names,false,,UNSUPPORTED,MULTI_SOURCE_CANDIDATE
EMP-07010,Deloitte Luxembourg,deloitte.com,Luxembourg,ats-scrapers,6b44a1badc9bfbf5cf176f75265cc5729e520e99,eightfold,Deloitte,deloitte,https://deloitte.eightfold.ai/careers,HIGH_CONFIDENCE,SLUG_PLUS_NAME,board slug/host token equals domain company token + compatible names,false,,DECLARATIVE_SUPPORTED,MULTI_SOURCE_CANDIDATE
EMP-07017,EY Luxembourg,ey.com,Luxembourg,ats-scrapers,6b44a1badc9bfbf5cf176f75265cc5729e520e99,successfactors,Careers at EY: search jobs,EYHRISPRD1,https://careers.ey.com,HIGH_CONFIDENCE,URL_EXACT,internal resolved portal URL equals external board URL,false,,LEGACY_SUPPORTED,MULTI_SOURCE_CANDIDATE
EMP-07023,KPMG Luxembourg,kpmg.com,Luxembourg,ats-scrapers,6b44a1badc9bfbf5cf176f75265cc5729e520e99,moka,KPMG,kpmg/74216,https://app.mokahr.com/social-recruitment/kpmg/74216,HIGH_CONFIDENCE,SLUG_PLUS_NAME,board slug/host token equals domain company token + compatible names,false,,UNSUPPORTED,MULTI_SOURCE_CANDIDATE
EMP-07023,KPMG Luxembourg,kpmg.com,Luxembourg,ats-scrapers,6b44a1badc9bfbf5cf176f75265cc5729e520e99,successfactors,Kpmg,KPMGHITPRD,https://careers.kpmg.it,HIGH_CONFIDENCE,URL_EXACT,internal resolved portal URL equals external board URL,false,,LEGACY_SUPPORTED,MULTI_SOURCE_CANDIDATE
EMP-07032,Microsoft Luxembourg,microsoft.com,Luxembourg,ats-scrapers,6b44a1badc9bfbf5cf176f75265cc5729e520e99,eightfold,Microsoft,microsoft,https://microsoft.eightfold.ai/careers,HIGH_CONFIDENCE,SLUG_PLUS_NAME,board slug/host token equals domain company token + compatible names,false,,DECLARATIVE_SUPPORTED,MULTI_SOURCE_CANDIDATE
EMP-07032,Microsoft Luxembourg,microsoft.com,Luxembourg,ats-scrapers,6b44a1badc9bfbf5cf176f75265cc5729e520e99,smartrecruiters,Microsoft,microsoft,https://careers.smartrecruiters.com/microsoft,HIGH_CONFIDENCE,SLUG_PLUS_NAME,board slug/host token equals domain company token + compatible names,false,,LEGACY_SUPPORTED,MULTI_SOURCE_CANDIDATE
EMP-07032,Microsoft Luxembourg,microsoft.com,Luxembourg,ats-scrapers,6b44a1badc9bfbf5cf176f75265cc5729e520e99,workable,Microsoft,microsoft,https://apply.workable.com/microsoft,HIGH_CONFIDENCE,SLUG_PLUS_NAME,board slug/host token equals domain company token + compatible names,false,,UNSUPPORTED,MULTI_SOURCE_CANDIDATE
EMP-07033,NTT DATA Luxembourg,nttdata.com,Luxembourg,ats-scrapers,6b44a1badc9bfbf5cf176f75265cc5729e520e99,eightfold,NTT DATA,nttdata,https://nttdata.eightfold.ai/careers,HIGH_CONFIDENCE,SLUG_PLUS_NAME,board slug/host token equals domain company token + compatible names,false,,DECLARATIVE_SUPPORTED,MULTI_SOURCE_CANDIDATE
EMP-07033,NTT DATA Luxembourg,nttdata.com,Luxembourg,ats-scrapers,6b44a1badc9bfbf5cf176f75265cc5729e520e99,smartrecruiters,NTT Data,nttdata,https://careers.smartrecruiters.com/nttdata,HIGH_CONFIDENCE,SLUG_PLUS_NAME,board slug/host token equals domain company token + compatible names,false,,LEGACY_SUPPORTED,MULTI_SOURCE_CANDIDATE
EMP-07036,PayPal Europe,paypal.com,Luxembourg,ats-scrapers,6b44a1badc9bfbf5cf176f75265cc5729e520e99,eightfold,PayPal,paypal,https://paypal.eightfold.ai/careers,HIGH_CONFIDENCE,SLUG_PLUS_NAME,board slug/host token equals domain company token + compatible names,false,,DECLARATIVE_SUPPORTED,MULTI_SOURCE_CANDIDATE
EMP-07036,PayPal Europe,paypal.com,Luxembourg,ats-scrapers,6b44a1badc9bfbf5cf176f75265cc5729e520e99,workday,PayPal,paypal/jobs,https://paypal.wd1.myworkdayjobs.com/jobs,HIGH_CONFIDENCE,URL_EXACT,internal resolved portal URL equals external board URL,false,,LEGACY_SUPPORTED,MULTI_SOURCE_CANDIDATE
EMP-07043,Sopra Steria Luxembourg,soprasteria.com,Luxembourg,ats-scrapers,6b44a1badc9bfbf5cf176f75265cc5729e520e99,bamboohr,soprasteria,soprasteria,https://soprasteria.bamboohr.com/careers,HIGH_CONFIDENCE,SLUG_PLUS_NAME,board slug/host token equals domain company token + compatible names,false,,UNSUPPORTED,SINGLE_SOURCE_CANDIDATE
EMP-07058,HSBC Malta,hsbc.com,Malta,ats-scrapers,6b44a1badc9bfbf5cf176f75265cc5729e520e99,eightfold,HSBC,hsbc,https://hsbc.eightfold.ai/careers,HIGH_CONFIDENCE,SLUG_PLUS_NAME,board slug/host token equals domain company token + compatible names,false,,DECLARATIVE_SUPPORTED,SINGLE_SOURCE_CANDIDATE
EMP-07072,Deloitte Malta,deloitte.com,Malta,ats-scrapers,6b44a1badc9bfbf5cf176f75265cc5729e520e99,eightfold,Deloitte,deloitte,https://deloitte.eightfold.ai/careers,HIGH_CONFIDENCE,SLUG_PLUS_NAME,board slug/host token equals domain company token + compatible names,false,,DECLARATIVE_SUPPORTED,SINGLE_SOURCE_CANDIDATE
EMP-07073,EY Malta,ey.com,Malta,ats-scrapers,6b44a1badc9bfbf5cf176f75265cc5729e520e99,successfactors,Careers at EY: search jobs,EYHRISPRD1,https://careers.ey.com,HIGH_CONFIDENCE,URL_EXACT,internal resolved portal URL equals external board URL,false,,LEGACY_SUPPORTED,MULTI_SOURCE_CANDIDATE
EMP-07076,KPMG Malta,kpmg.com,Malta,ats-scrapers,6b44a1badc9bfbf5cf176f75265cc5729e520e99,moka,KPMG,kpmg/74216,https://app.mokahr.com/social-recruitment/kpmg/74216,HIGH_CONFIDENCE,SLUG_PLUS_NAME,board slug/host token equals domain company token + compatible names,false,,UNSUPPORTED,MULTI_SOURCE_CANDIDATE
EMP-07076,KPMG Malta,kpmg.com,Malta,ats-scrapers,6b44a1badc9bfbf5cf176f75265cc5729e520e99,successfactors,Kpmg,KPMGHITPRD,https://careers.kpmg.it,HIGH_CONFIDENCE,URL_EXACT,internal resolved portal URL equals external board URL,false,,LEGACY_SUPPORTED,MULTI_SOURCE_CANDIDATE
EMP-07095,HSBC Bank Malta,hsbc.com,Malta,ats-scrapers,6b44a1badc9bfbf5cf176f75265cc5729e520e99,eightfold,HSBC,hsbc,https://hsbc.eightfold.ai/careers,HIGH_CONFIDENCE,SLUG_PLUS_NAME,board slug/host token equals domain company token + compatible names,false,,DECLARATIVE_SUPPORTED,SINGLE_SOURCE_CANDIDATE
EMP-07105,Lear,lear.com,Multi-region,ats-scrapers,6b44a1badc9bfbf5cf176f75265cc5729e520e99,successfactors,Lear Corporation,jobs,https://jobs.lear.com,HIGH_CONFIDENCE,URL_EXACT,internal resolved portal URL equals external board URL,false,,LEGACY_SUPPORTED,SINGLE_SOURCE_CANDIDATE
EMP-07106,Lucid Motors,lucidmotors.com,Multi-region,ats-scrapers,6b44a1badc9bfbf5cf176f75265cc5729e520e99,greenhouse,Lucid Motors,lucidmotors,https://job-boards.greenhouse.io/lucidmotors,HIGH_CONFIDENCE,SLUG_PLUS_NAME,board slug/host token equals domain company token + compatible names,false,,LEGACY_SUPPORTED,SINGLE_SOURCE_CANDIDATE
EMP-07107,Polestar,polestar.com,Multi-region,ats-scrapers,6b44a1badc9bfbf5cf176f75265cc5729e520e99,moka,Polestar,polestar/76244,https://app.mokahr.com/social-recruitment/polestar/76244,HIGH_CONFIDENCE,SLUG_PLUS_NAME,board slug/host token equals domain company token + compatible names,false,,UNSUPPORTED,MULTI_SOURCE_CANDIDATE
EMP-07107,Polestar,polestar.com,Multi-region,ats-scrapers,6b44a1badc9bfbf5cf176f75265cc5729e520e99,smartrecruiters,Polestar,polestar,https://careers.smartrecruiters.com/polestar,HIGH_CONFIDENCE,SLUG_PLUS_NAME,board slug/host token equals domain company token + compatible names,false,,LEGACY_SUPPORTED,MULTI_SOURCE_CANDIDATE
EMP-07107,Polestar,polestar.com,Multi-region,ats-scrapers,6b44a1badc9bfbf5cf176f75265cc5729e520e99,teamtailor,Polestar,polestar,https://polestar.teamtailor.com,HIGH_CONFIDENCE,SLUG_PLUS_NAME,board slug/host token equals domain company token + compatible names,false,,UNSUPPORTED,MULTI_SOURCE_CANDIDATE
EMP-07107,Polestar,polestar.com,Multi-region,ats-scrapers,6b44a1badc9bfbf5cf176f75265cc5729e520e99,workday,Polestar,polestar/careers,https://polestar.wd3.myworkdayjobs.com/Careers,HIGH_CONFIDENCE,SLUG_PLUS_NAME,board slug/host token equals domain company token + compatible names,false,,LEGACY_SUPPORTED,MULTI_SOURCE_CANDIDATE
EMP-07110,Valeo,valeo.com,Multi-region,ats-scrapers,6b44a1badc9bfbf5cf176f75265cc5729e520e99,workday,Valeo,valeo/valeo_jobs,https://valeo.wd3.myworkdayjobs.com/valeo_jobs,HIGH_CONFIDENCE,SLUG_PLUS_NAME,board slug/host token equals domain company token + compatible names,false,,LEGACY_SUPPORTED,SINGLE_SOURCE_CANDIDATE
EMP-07111,ZF,zf.com,Multi-region,ats-scrapers,6b44a1badc9bfbf5cf176f75265cc5729e520e99,successfactors,ZF,jobs,https://jobs.zf.com,HIGH_CONFIDENCE,URL_EXACT,internal resolved portal URL equals external board URL,false,,LEGACY_SUPPORTED,SINGLE_SOURCE_CANDIDATE
EMP-07112,Akamai,akamai.com,Multi-region,ats-scrapers,6b44a1badc9bfbf5cf176f75265cc5729e520e99,workable,Akamai,akamai,https://apply.workable.com/akamai,HIGH_CONFIDENCE,SLUG_PLUS_NAME,board slug/host token equals domain company token + compatible names,false,,UNSUPPORTED,SINGLE_SOURCE_CANDIDATE
EMP-07113,Confluent,confluent.io,Multi-region,ats-scrapers,6b44a1badc9bfbf5cf176f75265cc5729e520e99,ashby,Confluent,confluent,https://jobs.ashbyhq.com/confluent,HIGH_CONFIDENCE,SLUG_PLUS_NAME,board slug/host token equals domain company token + compatible names,false,,LEGACY_SUPPORTED,SINGLE_SOURCE_CANDIDATE
EMP-07114,Dropbox,dropbox.com,Multi-region,ats-scrapers,6b44a1badc9bfbf5cf176f75265cc5729e520e99,greenhouse,Dropbox,dropbox,https://job-boards.greenhouse.io/dropbox,HIGH_CONFIDENCE,SLUG_PLUS_NAME,board slug/host token equals domain company token + compatible names,false,,LEGACY_SUPPORTED,MULTI_SOURCE_CANDIDATE
EMP-07114,Dropbox,dropbox.com,Multi-region,ats-scrapers,6b44a1badc9bfbf5cf176f75265cc5729e520e99,smartrecruiters,Dropbox,dropbox,https://careers.smartrecruiters.com/dropbox,HIGH_CONFIDENCE,SLUG_PLUS_NAME,board slug/host token equals domain company token + compatible names,false,,LEGACY_SUPPORTED,MULTI_SOURCE_CANDIDATE
EMP-07115,Elastic,elastic.co,Multi-region,ats-scrapers,6b44a1badc9bfbf5cf176f75265cc5729e520e99,greenhouse,Elastic,elastic,https://job-boards.greenhouse.io/elastic,HIGH_CONFIDENCE,SLUG_PLUS_NAME,board slug/host token equals domain company token + compatible names,false,,LEGACY_SUPPORTED,SINGLE_SOURCE_CANDIDATE
EMP-07116,Fastly,fastly.com,Multi-region,ats-scrapers,6b44a1badc9bfbf5cf176f75265cc5729e520e99,greenhouse,Fastly,fastly,https://job-boards.greenhouse.io/fastly,HIGH_CONFIDENCE,SLUG_PLUS_NAME,board slug/host token equals domain company token + compatible names,false,,LEGACY_SUPPORTED,MULTI_SOURCE_CANDIDATE
EMP-07116,Fastly,fastly.com,Multi-region,ats-scrapers,6b44a1badc9bfbf5cf176f75265cc5729e520e99,workday,Fastly,fastly/fastly_careers,https://fastly.wd1.myworkdayjobs.com/Fastly_Careers,HIGH_CONFIDENCE,SLUG_PLUS_NAME,board slug/host token equals domain company token + compatible names,false,,LEGACY_SUPPORTED,MULTI_SOURCE_CANDIDATE
EMP-07117,GitHub,github.com,Multi-region,ats-scrapers,6b44a1badc9bfbf5cf176f75265cc5729e520e99,workable,GitHub,github,https://apply.workable.com/github,HIGH_CONFIDENCE,SLUG_PLUS_NAME,board slug/host token equals domain company token + compatible names,false,,UNSUPPORTED,SINGLE_SOURCE_CANDIDATE
EMP-07118,GitLab,about.gitlab.com,Multi-region,ats-scrapers,6b44a1badc9bfbf5cf176f75265cc5729e520e99,greenhouse,GitLab,gitlab,https://job-boards.greenhouse.io/gitlab,HIGH_CONFIDENCE,SLUG_PLUS_NAME,board slug/host token equals domain company token + compatible names,false,,LEGACY_SUPPORTED,SINGLE_SOURCE_CANDIDATE
EMP-07121,Snowflake,snowflake.com,Multi-region,ats-scrapers,6b44a1badc9bfbf5cf176f75265cc5729e520e99,ashby,Snowflake,snowflake,https://jobs.ashbyhq.com/snowflake,HIGH_CONFIDENCE,SLUG_PLUS_NAME,board slug/host token equals domain company token + compatible names,false,,LEGACY_SUPPORTED,MULTI_SOURCE_CANDIDATE
EMP-07122,Zoom,zoom.com,Multi-region,ats-scrapers,6b44a1badc9bfbf5cf176f75265cc5729e520e99,workday,Zoom,zoom/zoom,https://zoom.wd5.myworkdayjobs.com/zoom,HIGH_CONFIDENCE,SLUG_PLUS_NAME,board slug/host token equals domain company token + compatible names,false,,LEGACY_SUPPORTED,SINGLE_SOURCE_CANDIDATE
EMP-07123,Atos,atos.net,Multi-region,ats-scrapers,6b44a1badc9bfbf5cf176f75265cc5729e520e99,successfactors,Atos,jobs,https://jobs.atos.net,HIGH_CONFIDENCE,URL_EXACT,internal resolved portal URL equals external board URL,false,,LEGACY_SUPPORTED,SINGLE_SOURCE_CANDIDATE
EMP-07125,CACI,caci.com,Multi-region,ats-scrapers,6b44a1badc9bfbf5cf176f75265cc5729e520e99,eightfold,CACI,caci,https://caci.eightfold.ai/careers,HIGH_CONFIDENCE,SLUG_PLUS_NAME,board slug/host token equals domain company token + compatible names,false,,DECLARATIVE_SUPPORTED,MULTI_SOURCE_CANDIDATE
EMP-07125,CACI,caci.com,Multi-region,ats-scrapers,6b44a1badc9bfbf5cf176f75265cc5729e520e99,workday,CACI,caci/external,https://caci.wd1.myworkdayjobs.com/external,HIGH_CONFIDENCE,SLUG_PLUS_NAME,board slug/host token equals domain company token + compatible names,false,,LEGACY_SUPPORTED,MULTI_SOURCE_CANDIDATE
EMP-07127,NTT DATA,nttdata.com,Multi-region,ats-scrapers,6b44a1badc9bfbf5cf176f75265cc5729e520e99,eightfold,NTT DATA,nttdata,https://nttdata.eightfold.ai/careers,HIGH_CONFIDENCE,SLUG_PLUS_NAME,board slug/host token equals domain company token + compatible names,false,,DECLARATIVE_SUPPORTED,MULTI_SOURCE_CANDIDATE
EMP-07127,NTT DATA,nttdata.com,Multi-region,ats-scrapers,6b44a1badc9bfbf5cf176f75265cc5729e520e99,smartrecruiters,NTT Data,nttdata,https://careers.smartrecruiters.com/nttdata,HIGH_CONFIDENCE,SLUG_PLUS_NAME,board slug/host token equals domain company token + compatible names,false,,LEGACY_SUPPORTED,MULTI_SOURCE_CANDIDATE
EMP-07128,Oliver Wyman,oliverwyman.com,Multi-region,ats-scrapers,6b44a1badc9bfbf5cf176f75265cc5729e520e99,lever,Oliver Wyman Labs,oliverwyman,https://jobs.lever.co/oliverwyman,HIGH_CONFIDENCE,SLUG_PLUS_NAME,board slug/host token equals domain company token + compatible names,false,,LEGACY_SUPPORTED,SINGLE_SOURCE_CANDIDATE
EMP-07131,Arctic Wolf,arcticwolf.com,Multi-region,ats-scrapers,6b44a1badc9bfbf5cf176f75265cc5729e520e99,workday,Arctic Wolf,arcticwolf/external,https://arcticwolf.wd1.myworkdayjobs.com/external,HIGH_CONFIDENCE,SLUG_PLUS_NAME,board slug/host token equals domain company token + compatible names,false,,LEGACY_SUPPORTED,SINGLE_SOURCE_CANDIDATE
EMP-07132,Armis,armis.com,Multi-region,ats-scrapers,6b44a1badc9bfbf5cf176f75265cc5729e520e99,bamboohr,armis,armis,https://armis.bamboohr.com/careers,HIGH_CONFIDENCE,SLUG_PLUS_NAME,board slug/host token equals domain company token + compatible names,false,,UNSUPPORTED,MULTI_SOURCE_CANDIDATE
EMP-07132,Armis,armis.com,Multi-region,ats-scrapers,6b44a1badc9bfbf5cf176f75265cc5729e520e99,pinpoint,Armis,armis,https://armis.pinpointhq.com,HIGH_CONFIDENCE,SLUG_PLUS_NAME,board slug/host token equals domain company token + compatible names,false,,UNSUPPORTED,MULTI_SOURCE_CANDIDATE
EMP-07132,Armis,armis.com,Multi-region,ats-scrapers,6b44a1badc9bfbf5cf176f75265cc5729e520e99,smartrecruiters,Armis,armis,https://careers.smartrecruiters.com/armis,HIGH_CONFIDENCE,SLUG_PLUS_NAME,board slug/host token equals domain company token + compatible names,false,,LEGACY_SUPPORTED,MULTI_SOURCE_CANDIDATE
EMP-07133,BeyondTrust,beyondtrust.com,Multi-region,ats-scrapers,6b44a1badc9bfbf5cf176f75265cc5729e520e99,greenhouse,BeyondTrust,beyondtrust,https://job-boards.greenhouse.io/beyondtrust,HIGH_CONFIDENCE,SLUG_PLUS_NAME,board slug/host token equals domain company token + compatible names,false,,LEGACY_SUPPORTED,MULTI_SOURCE_CANDIDATE
EMP-07133,BeyondTrust,beyondtrust.com,Multi-region,ats-scrapers,6b44a1badc9bfbf5cf176f75265cc5729e520e99,smartrecruiters,BeyondTrust,beyondtrust,https://careers.smartrecruiters.com/beyondtrust,HIGH_CONFIDENCE,SLUG_PLUS_NAME,board slug/host token equals domain company token + compatible names,false,,LEGACY_SUPPORTED,MULTI_SOURCE_CANDIDATE
EMP-07134,Bugcrowd,bugcrowd.com,Multi-region,ats-scrapers,6b44a1badc9bfbf5cf176f75265cc5729e520e99,greenhouse,Bugcrowd,bugcrowd,https://job-boards.greenhouse.io/bugcrowd,HIGH_CONFIDENCE,SLUG_PLUS_NAME,board slug/host token equals domain company token + compatible names,false,,LEGACY_SUPPORTED,SINGLE_SOURCE_CANDIDATE
EMP-07135,Cato Networks,catonetworks.com,Multi-region,ats-scrapers,6b44a1badc9bfbf5cf176f75265cc5729e520e99,greenhouse,Cato Networks,catonetworks,https://job-boards.greenhouse.io/catonetworks,HIGH_CONFIDENCE,SLUG_PLUS_NAME,board slug/host token equals domain company token + compatible names,false,,LEGACY_SUPPORTED,SINGLE_SOURCE_CANDIDATE
EMP-07141,Dragos,dragos.com,Multi-region,ats-scrapers,6b44a1badc9bfbf5cf176f75265cc5729e520e99,greenhouse,Dragos,dragos,https://job-boards.greenhouse.io/dragos,HIGH_CONFIDENCE,SLUG_PLUS_NAME,board slug/host token equals domain company token + compatible names,false,,LEGACY_SUPPORTED,SINGLE_SOURCE_CANDIDATE
EMP-07142,ESET,eset.com,Multi-region,ats-scrapers,6b44a1badc9bfbf5cf176f75265cc5729e520e99,workable,"ESET Middle East, Greece & Cyprus",eset,https://apply.workable.com/eset,HIGH_CONFIDENCE,SLUG_PLUS_NAME,board slug/host token equals domain company token + compatible names,false,,UNSUPPORTED,SINGLE_SOURCE_CANDIDATE
EMP-07143,HackerOne,hackerone.com,Multi-region,ats-scrapers,6b44a1badc9bfbf5cf176f75265cc5729e520e99,ashby,HackerOne,hackerone,https://jobs.ashbyhq.com/hackerone,HIGH_CONFIDENCE,SLUG_PLUS_NAME,board slug/host token equals domain company token + compatible names,false,,LEGACY_SUPPORTED,SINGLE_SOURCE_CANDIDATE
EMP-07144,Illumio,illumio.com,Multi-region,ats-scrapers,6b44a1badc9bfbf5cf176f75265cc5729e520e99,ashby,Illumio,illumio,https://jobs.ashbyhq.com/illumio,HIGH_CONFIDENCE,SLUG_PLUS_NAME,board slug/host token equals domain company token + compatible names,false,,LEGACY_SUPPORTED,SINGLE_SOURCE_CANDIDATE
EMP-07146,Mimecast,mimecast.com,Multi-region,ats-scrapers,6b44a1badc9bfbf5cf176f75265cc5729e520e99,workday,Mimecast,mimecast/mimecast-careers,https://mimecast.wd5.myworkdayjobs.com/mimecast-careers,HIGH_CONFIDENCE,SLUG_PLUS_NAME,board slug/host token equals domain company token + compatible names,false,,LEGACY_SUPPORTED,SINGLE_SOURCE_CANDIDATE
EMP-07148,Netskope,netskope.com,Multi-region,ats-scrapers,6b44a1badc9bfbf5cf176f75265cc5729e520e99,greenhouse,netskope,netskope,https://job-boards.greenhouse.io/netskope,HIGH_CONFIDENCE,SLUG_PLUS_NAME,board slug/host token equals domain company token + compatible names,false,,LEGACY_SUPPORTED,SINGLE_SOURCE_CANDIDATE
EMP-07149,Recorded Future,recordedfuture.com,Multi-region,ats-scrapers,6b44a1badc9bfbf5cf176f75265cc5729e520e99,greenhouse,Recorded Future,recordedfuture,https://job-boards.greenhouse.io/recordedfuture,HIGH_CONFIDENCE,SLUG_PLUS_NAME,board slug/host token equals domain company token + compatible names,false,,LEGACY_SUPPORTED,SINGLE_SOURCE_CANDIDATE
EMP-07150,Rubrik,rubrik.com,Multi-region,ats-scrapers,6b44a1badc9bfbf5cf176f75265cc5729e520e99,greenhouse,Rubrik Job Board,rubrik,https://job-boards.greenhouse.io/rubrik,HIGH_CONFIDENCE,SLUG_PLUS_NAME,board slug/host token equals domain company token + compatible names,false,,LEGACY_SUPPORTED,MULTI_SOURCE_CANDIDATE
EMP-07150,Rubrik,rubrik.com,Multi-region,ats-scrapers,6b44a1badc9bfbf5cf176f75265cc5729e520e99,teamtailor,Rubrik,rubrik,https://rubrik.teamtailor.com,HIGH_CONFIDENCE,SLUG_PLUS_NAME,board slug/host token equals domain company token + compatible names,false,,UNSUPPORTED,MULTI_SOURCE_CANDIDATE
EMP-07152,Snyk,snyk.io,Multi-region,ats-scrapers,6b44a1badc9bfbf5cf176f75265cc5729e520e99,ashby,Snyk,snyk,https://jobs.ashbyhq.com/snyk,HIGH_CONFIDENCE,SLUG_PLUS_NAME,board slug/host token equals domain company token + compatible names,false,,LEGACY_SUPPORTED,MULTI_SOURCE_CANDIDATE
EMP-07152,Snyk,snyk.io,Multi-region,ats-scrapers,6b44a1badc9bfbf5cf176f75265cc5729e520e99,workday,Snyk,snyk/external,https://snyk.wd103.myworkdayjobs.com/external,HIGH_CONFIDENCE,SLUG_PLUS_NAME,board slug/host token equals domain company token + compatible names,false,,LEGACY_SUPPORTED,MULTI_SOURCE_CANDIDATE
EMP-07153,Sophos,sophos.com,Multi-region,ats-scrapers,6b44a1badc9bfbf5cf176f75265cc5729e520e99,lever,Sophos,sophos,https://jobs.lever.co/sophos,HIGH_CONFIDENCE,SLUG_PLUS_NAME,board slug/host token equals domain company token + compatible names,false,,LEGACY_SUPPORTED,MULTI_SOURCE_CANDIDATE
EMP-07153,Sophos,sophos.com,Multi-region,ats-scrapers,6b44a1badc9bfbf5cf176f75265cc5729e520e99,smartrecruiters,Sophos,sophos,https://careers.smartrecruiters.com/sophos,HIGH_CONFIDENCE,SLUG_PLUS_NAME,board slug/host token equals domain company token + compatible names,false,,LEGACY_SUPPORTED,MULTI_SOURCE_CANDIDATE
EMP-07155,Aikido Security,aikido.dev,Multi-region,ats-scrapers,6b44a1badc9bfbf5cf176f75265cc5729e520e99,recruitee,Aikido Security,aikidosecurity,https://aikidosecurity.recruitee.com,HIGH_CONFIDENCE,URL_EXACT,internal resolved portal URL equals external board URL,false,,UNSUPPORTED,MULTI_SOURCE_CANDIDATE
EMP-07156,Apiiro,apiiro.com,Multi-region,ats-scrapers,6b44a1badc9bfbf5cf176f75265cc5729e520e99,greenhouse,Apiiro,apiiro,https://job-boards.greenhouse.io/apiiro,HIGH_CONFIDENCE,URL_EXACT,internal resolved portal URL equals external board URL,false,,LEGACY_SUPPORTED,SINGLE_SOURCE_CANDIDATE
EMP-07157,AppOmni,appomni.com,Multi-region,ats-scrapers,6b44a1badc9bfbf5cf176f75265cc5729e520e99,greenhouse,AppOmni,appomni,https://job-boards.greenhouse.io/appomni,HIGH_CONFIDENCE,URL_EXACT,internal resolved portal URL equals external board URL,false,,LEGACY_SUPPORTED,SINGLE_SOURCE_CANDIDATE
EMP-07160,Axonius,axonius.com,Multi-region,ats-scrapers,6b44a1badc9bfbf5cf176f75265cc5729e520e99,greenhouse,Axonius,axonius,https://job-boards.greenhouse.io/axonius,HIGH_CONFIDENCE,SLUG_PLUS_NAME,board slug/host token equals domain company token + compatible names,false,,LEGACY_SUPPORTED,SINGLE_SOURCE_CANDIDATE
EMP-07161,BigID,bigid.com,Multi-region,ats-scrapers,6b44a1badc9bfbf5cf176f75265cc5729e520e99,greenhouse,BigID,bigid,https://job-boards.greenhouse.io/bigid,HIGH_CONFIDENCE,SLUG_PLUS_NAME,board slug/host token equals domain company token + compatible names,false,,LEGACY_SUPPORTED,SINGLE_SOURCE_CANDIDATE
EMP-07162,Black Duck,blackduck.com,Multi-region,ats-scrapers,6b44a1badc9bfbf5cf176f75265cc5729e520e99,greenhouse,"Black Duck Software, Inc.",blackduck,https://job-boards.greenhouse.io/blackduck,HIGH_CONFIDENCE,URL_EXACT,internal resolved portal URL equals external board URL,false,,LEGACY_SUPPORTED,SINGLE_SOURCE_CANDIDATE
EMP-07163,Blackpoint Cyber,blackpointcyber.com,Multi-region,ats-scrapers,6b44a1badc9bfbf5cf176f75265cc5729e520e99,ashby,Blackpoint Cyber,blackpoint cyber,https://jobs.ashbyhq.com/Blackpoint%20Cyber,HIGH_CONFIDENCE,SLUG_PLUS_NAME,board slug/host token equals domain company token + compatible names,false,,LEGACY_SUPPORTED,SINGLE_SOURCE_CANDIDATE
EMP-07164,Blumira,blumira.com,Multi-region,ats-scrapers,6b44a1badc9bfbf5cf176f75265cc5729e520e99,greenhouse,Blumira,blumira,https://job-boards.greenhouse.io/blumira,HIGH_CONFIDENCE,URL_EXACT,internal resolved portal URL equals external board URL,false,,LEGACY_SUPPORTED,SINGLE_SOURCE_CANDIDATE
EMP-07165,Censys,censys.com,Multi-region,ats-scrapers,6b44a1badc9bfbf5cf176f75265cc5729e520e99,greenhouse,Censys,censys,https://job-boards.greenhouse.io/censys,HIGH_CONFIDENCE,URL_EXACT,internal resolved portal URL equals external board URL,false,,LEGACY_SUPPORTED,SINGLE_SOURCE_CANDIDATE
EMP-07167,Chainguard,chainguard.dev,Multi-region,ats-scrapers,6b44a1badc9bfbf5cf176f75265cc5729e520e99,greenhouse,Chainguard,chainguard,https://job-boards.greenhouse.io/chainguard,HIGH_CONFIDENCE,URL_EXACT,internal resolved portal URL equals external board URL,false,,LEGACY_SUPPORTED,SINGLE_SOURCE_CANDIDATE
EMP-07171,DataDome,datadome.co,Multi-region,ats-scrapers,6b44a1badc9bfbf5cf176f75265cc5729e520e99,greenhouse,DataDome,ddome,https://job-boards.greenhouse.io/ddome,HIGH_CONFIDENCE,URL_EXACT,internal resolved portal URL equals external board URL,false,,LEGACY_SUPPORTED,SINGLE_SOURCE_CANDIDATE
EMP-07173,Detectify,detectify.com,Multi-region,ats-scrapers,6b44a1badc9bfbf5cf176f75265cc5729e520e99,bamboohr,detectify,detectify,https://detectify.bamboohr.com/careers,HIGH_CONFIDENCE,SLUG_PLUS_NAME,board slug/host token equals domain company token + compatible names,false,,UNSUPPORTED,MULTI_SOURCE_CANDIDATE
EMP-07173,Detectify,detectify.com,Multi-region,ats-scrapers,6b44a1badc9bfbf5cf176f75265cc5729e520e99,teamtailor,Detectify,detectify,https://detectify.teamtailor.com,HIGH_CONFIDENCE,SLUG_PLUS_NAME,board slug/host token equals domain company token + compatible names,false,,UNSUPPORTED,MULTI_SOURCE_CANDIDATE
EMP-07174,DigiCert,digicert.com,Multi-region,ats-scrapers,6b44a1badc9bfbf5cf176f75265cc5729e520e99,greenhouse,DigiCert,digicert,https://job-boards.greenhouse.io/digicert,HIGH_CONFIDENCE,SLUG_PLUS_NAME,board slug/host token equals domain company token + compatible names,false,,LEGACY_SUPPORTED,SINGLE_SOURCE_CANDIDATE
EMP-07175,Druva,druva.com,Multi-region,ats-scrapers,6b44a1badc9bfbf5cf176f75265cc5729e520e99,greenhouse,Druva,druva,https://job-boards.greenhouse.io/druva,HIGH_CONFIDENCE,SLUG_PLUS_NAME,board slug/host token equals domain company token + compatible names,false,,LEGACY_SUPPORTED,SINGLE_SOURCE_CANDIDATE
EMP-07177,Forcepoint,forcepoint.com,Multi-region,ats-scrapers,6b44a1badc9bfbf5cf176f75265cc5729e520e99,workday,Forcepoint,forcepoint/external-careers,https://forcepoint.wd1.myworkdayjobs.com/external-careers,HIGH_CONFIDENCE,SLUG_PLUS_NAME,board slug/host token equals domain company token + compatible names,false,,LEGACY_SUPPORTED,MULTI_SOURCE_CANDIDATE
EMP-07177,Forcepoint,forcepoint.com,Multi-region,ats-scrapers,6b44a1badc9bfbf5cf176f75265cc5729e520e99,workday,Forcepoint,forcepoint/sales-external-careers-1,https://forcepoint.wd1.myworkdayjobs.com/sales-external-careers-1,HIGH_CONFIDENCE,SLUG_PLUS_NAME,board slug/host token equals domain company token + compatible names,false,,LEGACY_SUPPORTED,MULTI_SOURCE_CANDIDATE
EMP-07178,Fortra,fortra.com,Multi-region,ats-scrapers,6b44a1badc9bfbf5cf176f75265cc5729e520e99,greenhouse,Fortra,fortra,https://job-boards.greenhouse.io/fortra,HIGH_CONFIDENCE,SLUG_PLUS_NAME,board slug/host token equals domain company token + compatible names,false,,LEGACY_SUPPORTED,SINGLE_SOURCE_CANDIDATE
EMP-07181,Halcyon,halcyon.ai,Multi-region,ats-scrapers,6b44a1badc9bfbf5cf176f75265cc5729e520e99,greenhouse,Halcyon,halcyon,https://job-boards.greenhouse.io/halcyon,HIGH_CONFIDENCE,URL_EXACT,internal resolved portal URL equals external board URL,false,,LEGACY_SUPPORTED,SINGLE_SOURCE_CANDIDATE
EMP-07182,Horizon3.ai,horizon3.ai,Multi-region,ats-scrapers,6b44a1badc9bfbf5cf176f75265cc5729e520e99,ashby,Horizon3 AI,horizon3ai,https://jobs.ashbyhq.com/horizon3ai,HIGH_CONFIDENCE,URL_EXACT,internal resolved portal URL equals external board URL,false,,LEGACY_SUPPORTED,SINGLE_SOURCE_CANDIDATE
EMP-07183,Huntress,huntress.com,Multi-region,ats-scrapers,6b44a1badc9bfbf5cf176f75265cc5729e520e99,greenhouse,Huntress,huntress,https://job-boards.greenhouse.io/huntress,HIGH_CONFIDENCE,URL_EXACT,internal resolved portal URL equals external board URL,false,,LEGACY_SUPPORTED,SINGLE_SOURCE_CANDIDATE
EMP-07185,Jamf,jamf.com,Multi-region,ats-scrapers,6b44a1badc9bfbf5cf176f75265cc5729e520e99,greenhouse,jamf,jamf,https://job-boards.greenhouse.io/jamf,HIGH_CONFIDENCE,SLUG_PLUS_NAME,board slug/host token equals domain company token + compatible names,false,,LEGACY_SUPPORTED,SINGLE_SOURCE_CANDIDATE
EMP-07186,JupiterOne,jupiterone.com,Multi-region,ats-scrapers,6b44a1badc9bfbf5cf176f75265cc5729e520e99,workable,JupiterOne,jupiterone,https://apply.workable.com/jupiterone,HIGH_CONFIDENCE,SLUG_PLUS_NAME,board slug/host token equals domain company token + compatible names,false,,UNSUPPORTED,SINGLE_SOURCE_CANDIDATE
EMP-07190,Material Security,material.security,Multi-region,ats-scrapers,6b44a1badc9bfbf5cf176f75265cc5729e520e99,workday,Material,material/material_external_career_site,https://material.wd1.myworkdayjobs.com/Material_External_Career_Site,HIGH_CONFIDENCE,SLUG_PLUS_NAME,board slug/host token equals domain company token + compatible names,false,,LEGACY_SUPPORTED,MULTI_SOURCE_CANDIDATE
EMP-07191,Menlo Security,menlosecurity.com,Multi-region,ats-scrapers,6b44a1badc9bfbf5cf176f75265cc5729e520e99,ashby,Menlo Security,menlosecurity,https://jobs.ashbyhq.com/menlosecurity,HIGH_CONFIDENCE,SLUG_PLUS_NAME,board slug/host token equals domain company token + compatible names,false,,LEGACY_SUPPORTED,MULTI_SOURCE_CANDIDATE
EMP-07191,Menlo Security,menlosecurity.com,Multi-region,ats-scrapers,6b44a1badc9bfbf5cf176f75265cc5729e520e99,bamboohr,Menlosecurity,menlosecurity,https://menlosecurity.bamboohr.com/careers,HIGH_CONFIDENCE,SLUG_PLUS_NAME,board slug/host token equals domain company token + compatible names,false,,UNSUPPORTED,MULTI_SOURCE_CANDIDATE
EMP-07194,Obsidian Security,obsidiansecurity.com,Multi-region,ats-scrapers,6b44a1badc9bfbf5cf176f75265cc5729e520e99,greenhouse,Obsidian Security,obsidiansecurity,https://job-boards.greenhouse.io/obsidiansecurity,HIGH_CONFIDENCE,URL_EXACT,internal resolved portal URL equals external board URL,false,,LEGACY_SUPPORTED,MULTI_SOURCE_CANDIDATE
EMP-07194,Obsidian Security,obsidiansecurity.com,Multi-region,ats-scrapers,6b44a1badc9bfbf5cf176f75265cc5729e520e99,jazzhr,obsidiansecurity,obsidiansecurity,https://obsidiansecurity.applytojob.com,HIGH_CONFIDENCE,SLUG_PLUS_NAME,board slug/host token equals domain company token + compatible names,false,,UNSUPPORTED,MULTI_SOURCE_CANDIDATE
EMP-07195,Orca Security,orca.security,Multi-region,ats-scrapers,6b44a1badc9bfbf5cf176f75265cc5729e520e99,ashby,Orca,orca,https://jobs.ashbyhq.com/orca,HIGH_CONFIDENCE,SLUG_PLUS_NAME,board slug/host token equals domain company token + compatible names,false,,LEGACY_SUPPORTED,MULTI_SOURCE_CANDIDATE
EMP-07202,Safe Security,safe.security,Multi-region,ats-scrapers,6b44a1badc9bfbf5cf176f75265cc5729e520e99,lever,Safe Security,safe,https://jobs.lever.co/safe,HIGH_CONFIDENCE,URL_EXACT,internal resolved portal URL equals external board URL,false,,LEGACY_SUPPORTED,MULTI_SOURCE_CANDIDATE
EMP-07203,Salt Security,salt.security,Multi-region,ats-scrapers,6b44a1badc9bfbf5cf176f75265cc5729e520e99,teamtailor,Salt,salt,https://salt.teamtailor.com,HIGH_CONFIDENCE,SLUG_PLUS_NAME,board slug/host token equals domain company token + compatible names,false,,UNSUPPORTED,MULTI_SOURCE_CANDIDATE
EMP-07204,SecurityScorecard,securityscorecard.com,Multi-region,ats-scrapers,6b44a1badc9bfbf5cf176f75265cc5729e520e99,bamboohr,securityscorecard,securityscorecard,https://securityscorecard.bamboohr.com/careers,HIGH_CONFIDENCE,SLUG_PLUS_NAME,board slug/host token equals domain company token + compatible names,false,,UNSUPPORTED,MULTI_SOURCE_CANDIDATE
EMP-07204,SecurityScorecard,securityscorecard.com,Multi-region,ats-scrapers,6b44a1badc9bfbf5cf176f75265cc5729e520e99,greenhouse,securityscorecard,securityscorecard,https://job-boards.greenhouse.io/securityscorecard,HIGH_CONFIDENCE,URL_EXACT,internal resolved portal URL equals external board URL,false,,LEGACY_SUPPORTED,MULTI_SOURCE_CANDIDATE
EMP-07205,Semgrep,semgrep.dev,Multi-region,ats-scrapers,6b44a1badc9bfbf5cf176f75265cc5729e520e99,ashby,Semgrep,semgrep,https://jobs.ashbyhq.com/semgrep,HIGH_CONFIDENCE,SLUG_PLUS_NAME,board slug/host token equals domain company token + compatible names,false,,LEGACY_SUPPORTED,SINGLE_SOURCE_CANDIDATE
EMP-07207,Sonatype,sonatype.com,Multi-region,ats-scrapers,6b44a1badc9bfbf5cf176f75265cc5729e520e99,lever,Sonatype,sonatype,https://jobs.lever.co/sonatype,HIGH_CONFIDENCE,SLUG_PLUS_NAME,board slug/host token equals domain company token + compatible names,false,,LEGACY_SUPPORTED,SINGLE_SOURCE_CANDIDATE
EMP-07208,Sysdig,sysdig.com,Multi-region,ats-scrapers,6b44a1badc9bfbf5cf176f75265cc5729e520e99,lever,Sysdig,sysdig,https://jobs.lever.co/sysdig,HIGH_CONFIDENCE,SLUG_PLUS_NAME,board slug/host token equals domain company token + compatible names,false,,LEGACY_SUPPORTED,SINGLE_SOURCE_CANDIDATE
EMP-07209,Teleport,goteleport.com,Multi-region,ats-scrapers,6b44a1badc9bfbf5cf176f75265cc5729e520e99,ashby,Teleport,goteleport,https://jobs.ashbyhq.com/goteleport,HIGH_CONFIDENCE,SLUG_PLUS_NAME,board slug/host token equals domain company token + compatible names,false,,LEGACY_SUPPORTED,MULTI_SOURCE_CANDIDATE
EMP-07210,Torq,torq.io,Multi-region,ats-scrapers,6b44a1badc9bfbf5cf176f75265cc5729e520e99,greenhouse,Torq,torq,https://job-boards.greenhouse.io/torq,HIGH_CONFIDENCE,SLUG_PLUS_NAME,board slug/host token equals domain company token + compatible names,false,,LEGACY_SUPPORTED,MULTI_SOURCE_CANDIDATE
EMP-07210,Torq,torq.io,Multi-region,ats-scrapers,6b44a1badc9bfbf5cf176f75265cc5729e520e99,jazzhr,torq,torq,https://torq.applytojob.com,HIGH_CONFIDENCE,SLUG_PLUS_NAME,board slug/host token equals domain company token + compatible names,false,,UNSUPPORTED,MULTI_SOURCE_CANDIDATE
EMP-07213,Vectra AI,vectra.ai,Multi-region,ats-scrapers,6b44a1badc9bfbf5cf176f75265cc5729e520e99,bamboohr,vectra,vectra,https://vectra.bamboohr.com/careers,HIGH_CONFIDENCE,SLUG_PLUS_NAME,board slug/host token equals domain company token + compatible names,false,,UNSUPPORTED,SINGLE_SOURCE_CANDIDATE
EMP-07216,WatchGuard,watchguard.com,Multi-region,ats-scrapers,6b44a1badc9bfbf5cf176f75265cc5729e520e99,bamboohr,Watchguard,watchguard,https://watchguard.bamboohr.com/careers,HIGH_CONFIDENCE,SLUG_PLUS_NAME,board slug/host token equals domain company token + compatible names,false,,UNSUPPORTED,MULTI_SOURCE_CANDIDATE
EMP-07216,WatchGuard,watchguard.com,Multi-region,ats-scrapers,6b44a1badc9bfbf5cf176f75265cc5729e520e99,lever,"WatchGuard Technologies, Inc.",watchguard,https://jobs.lever.co/watchguard,HIGH_CONFIDENCE,URL_EXACT,internal resolved portal URL equals external board URL,false,,LEGACY_SUPPORTED,MULTI_SOURCE_CANDIDATE
EMP-07218,ZeroFox,zerofox.com,Multi-region,ats-scrapers,6b44a1badc9bfbf5cf176f75265cc5729e520e99,bamboohr,Zerofox,zerofox,https://zerofox.bamboohr.com/careers,HIGH_CONFIDENCE,SLUG_PLUS_NAME,board slug/host token equals domain company token + compatible names,false,,UNSUPPORTED,MULTI_SOURCE_CANDIDATE
EMP-07218,ZeroFox,zerofox.com,Multi-region,ats-scrapers,6b44a1badc9bfbf5cf176f75265cc5729e520e99,smartrecruiters,ZeroFOX,zerofox,https://careers.smartrecruiters.com/zerofox,HIGH_CONFIDENCE,SLUG_PLUS_NAME,board slug/host token equals domain company token + compatible names,false,,LEGACY_SUPPORTED,MULTI_SOURCE_CANDIDATE
EMP-07218,ZeroFox,zerofox.com,Multi-region,ats-scrapers,6b44a1badc9bfbf5cf176f75265cc5729e520e99,workable,ZeroFox,zerofox,https://apply.workable.com/zerofox,HIGH_CONFIDENCE,SLUG_PLUS_NAME,board slug/host token equals domain company token + compatible names,false,,UNSUPPORTED,MULTI_SOURCE_CANDIDATE
EMP-07219,Iron Mountain Data Centers,ironmountain.com,Multi-region,ats-scrapers,6b44a1badc9bfbf5cf176f75265cc5729e520e99,workday,Iron Mountain,ironmountain/iron-mountain-jobs,https://ironmountain.wd5.myworkdayjobs.com/iron-mountain-jobs,HIGH_CONFIDENCE,URL_EXACT,internal resolved portal URL equals external board URL,false,,LEGACY_SUPPORTED,SINGLE_SOURCE_CANDIDATE
EMP-07221,Shell,shell.com,Multi-region,ats-scrapers,6b44a1badc9bfbf5cf176f75265cc5729e520e99,workday,Work at Shell,shell/shellcareers,https://shell.wd3.myworkdayjobs.com/shellcareers,HIGH_CONFIDENCE,URL_EXACT,internal resolved portal URL equals external board URL,false,,LEGACY_SUPPORTED,SINGLE_SOURCE_CANDIDATE
EMP-07222,Abbott,abbott.com,Multi-region,ats-scrapers,6b44a1badc9bfbf5cf176f75265cc5729e520e99,workday,Abbott,abbott/abbottcareers,https://abbott.wd5.myworkdayjobs.com/abbottcareers,HIGH_CONFIDENCE,SLUG_PLUS_NAME,board slug/host token equals domain company token + compatible names,false,,LEGACY_SUPPORTED,MULTI_SOURCE_CANDIDATE
EMP-07222,Abbott,abbott.com,Multi-region,ats-scrapers,6b44a1badc9bfbf5cf176f75265cc5729e520e99,workday,Abbott,abbott/abbottcareers2,https://abbott.wd5.myworkdayjobs.com/abbottcareers2,HIGH_CONFIDENCE,SLUG_PLUS_NAME,board slug/host token equals domain company token + compatible names,false,,LEGACY_SUPPORTED,MULTI_SOURCE_CANDIDATE
EMP-07223,Siemens Healthineers,siemens.com,Multi-region,ats-scrapers,6b44a1badc9bfbf5cf176f75265cc5729e520e99,teamtailor,Siemens,siemens,https://siemens.teamtailor.com,HIGH_CONFIDENCE,SLUG_PLUS_NAME,board slug/host token equals domain company token + compatible names,false,,UNSUPPORTED,MULTI_SOURCE_CANDIDATE
EMP-07225,John Deere,deere.com,Multi-region,ats-scrapers,6b44a1badc9bfbf5cf176f75265cc5729e520e99,eightfold,John Deere,deere,https://careers.deere.com/careers,HIGH_CONFIDENCE,SLUG_PLUS_NAME,board slug/host token equals domain company token + compatible names,false,,DECLARATIVE_SUPPORTED,MULTI_SOURCE_CANDIDATE
EMP-07225,John Deere,deere.com,Multi-region,ats-scrapers,6b44a1badc9bfbf5cf176f75265cc5729e520e99,successfactors,John Deere,jobs,https://jobs.deere.com,HIGH_CONFIDENCE,URL_EXACT,internal resolved portal URL equals external board URL,false,,LEGACY_SUPPORTED,MULTI_SOURCE_CANDIDATE
EMP-07226,AIG,aig.com,Multi-region,ats-scrapers,6b44a1badc9bfbf5cf176f75265cc5729e520e99,workday,Aig,aig/aig,https://aig.wd1.myworkdayjobs.com/aig,HIGH_CONFIDENCE,SLUG_PLUS_NAME,board slug/host token equals domain company token + compatible names,false,,LEGACY_SUPPORTED,MULTI_SOURCE_CANDIDATE
EMP-07226,AIG,aig.com,Multi-region,ats-scrapers,6b44a1badc9bfbf5cf176f75265cc5729e520e99,workday,Aig,aig/japan,https://aig.wd1.myworkdayjobs.com/japan,HIGH_CONFIDENCE,SLUG_PLUS_NAME,board slug/host token equals domain company token + compatible names,false,,LEGACY_SUPPORTED,MULTI_SOURCE_CANDIDATE
EMP-07229,Manulife,manulife.com,Multi-region,ats-scrapers,6b44a1badc9bfbf5cf176f75265cc5729e520e99,breezy,Manulife,manulife,https://manulife.breezy.hr,HIGH_CONFIDENCE,SLUG_PLUS_NAME,board slug/host token equals domain company token + compatible names,false,,UNSUPPORTED,MULTI_SOURCE_CANDIDATE
EMP-07229,Manulife,manulife.com,Multi-region,ats-scrapers,6b44a1badc9bfbf5cf176f75265cc5729e520e99,workday,Manulife and John Hancock (Mfcjh Adminjobs),manulife/mfcjh_adminjobs,https://manulife.wd3.myworkdayjobs.com/mfcjh_adminjobs,HIGH_CONFIDENCE,SLUG_PLUS_NAME,board slug/host token equals domain company token + compatible names,false,,LEGACY_SUPPORTED,MULTI_SOURCE_CANDIDATE
EMP-07229,Manulife,manulife.com,Multi-region,ats-scrapers,6b44a1badc9bfbf5cf176f75265cc5729e520e99,workday,Manulife and John Hancock,manulife/mfcjh_jobs,https://manulife.wd3.myworkdayjobs.com/mfcjh_jobs,HIGH_CONFIDENCE,SLUG_PLUS_NAME,board slug/host token equals domain company token + compatible names,false,,LEGACY_SUPPORTED,MULTI_SOURCE_CANDIDATE
EMP-07230,Munich Re,munichre.com,Multi-region,ats-scrapers,6b44a1badc9bfbf5cf176f75265cc5729e520e99,bamboohr,munichre,munichre,https://munichre.bamboohr.com/careers,HIGH_CONFIDENCE,SLUG_PLUS_NAME,board slug/host token equals domain company token + compatible names,false,,UNSUPPORTED,SINGLE_SOURCE_CANDIDATE
EMP-07232,QBE,qbe.com,Multi-region,ats-scrapers,6b44a1badc9bfbf5cf176f75265cc5729e520e99,workday,Qbe,qbe/qbe-careers,https://qbe.wd3.myworkdayjobs.com/qbe-careers,HIGH_CONFIDENCE,SLUG_PLUS_NAME,board slug/host token equals domain company token + compatible names,false,,LEGACY_SUPPORTED,SINGLE_SOURCE_CANDIDATE
EMP-07233,Sun Life,sunlife.com,Multi-region,ats-scrapers,6b44a1badc9bfbf5cf176f75265cc5729e520e99,workday,Sun Life (Campus),sunlife/Campus,https://sunlife.wd3.myworkdayjobs.com/Campus,HIGH_CONFIDENCE,SLUG_PLUS_NAME,board slug/host token equals domain company token + compatible names,false,,LEGACY_SUPPORTED,MULTI_SOURCE_CANDIDATE
EMP-07233,Sun Life,sunlife.com,Multi-region,ats-scrapers,6b44a1badc9bfbf5cf176f75265cc5729e520e99,workday,Sun Life (Experienced),sunlife/experienced,https://sunlife.wd3.myworkdayjobs.com/experienced,HIGH_CONFIDENCE,SLUG_PLUS_NAME,board slug/host token equals domain company token + compatible names,false,,LEGACY_SUPPORTED,MULTI_SOURCE_CANDIDATE
EMP-07233,Sun Life,sunlife.com,Multi-region,ats-scrapers,6b44a1badc9bfbf5cf176f75265cc5729e520e99,workday,Sun Life,sunlife/experienced-jobs,https://sunlife.wd3.myworkdayjobs.com/experienced-jobs,HIGH_CONFIDENCE,SLUG_PLUS_NAME,board slug/host token equals domain company token + compatible names,false,,LEGACY_SUPPORTED,MULTI_SOURCE_CANDIDATE
EMP-07235,Alstom,alstom.com,Multi-region,ats-scrapers,6b44a1badc9bfbf5cf176f75265cc5729e520e99,successfactors,Alstom,jobsearch,https://jobsearch.alstom.com,HIGH_CONFIDENCE,URL_EXACT,internal resolved portal URL equals external board URL,false,,LEGACY_SUPPORTED,SINGLE_SOURCE_CANDIDATE
EMP-07236,DB Schenker,dsv.com,Multi-region,ats-scrapers,6b44a1badc9bfbf5cf176f75265cc5729e520e99,successfactors,Work for DSV and forward your career | DSV,jobs,https://jobs.dsv.com,HIGH_CONFIDENCE,URL_EXACT,internal resolved portal URL equals external board URL,false,,LEGACY_SUPPORTED,SINGLE_SOURCE_CANDIDATE
EMP-07239,DSV,dsv.com,Multi-region,ats-scrapers,6b44a1badc9bfbf5cf176f75265cc5729e520e99,successfactors,Work for DSV and forward your career | DSV,jobs,https://jobs.dsv.com,HIGH_CONFIDENCE,URL_EXACT,internal resolved portal URL equals external board URL,false,,LEGACY_SUPPORTED,SINGLE_SOURCE_CANDIDATE
EMP-07242,Kuehne+Nagel,kuehne-nagel.com,Multi-region,ats-scrapers,6b44a1badc9bfbf5cf176f75265cc5729e520e99,cornerstone,Kuehne+Nagel,kuehne-nagel,https://kuehne-nagel.csod.com/ux/ats/careersite/1/home?c=kuehne-nagel,HIGH_CONFIDENCE,SLUG_PLUS_NAME,board slug/host token equals domain company token + compatible names,false,,UNSUPPORTED,MULTI_SOURCE_CANDIDATE
EMP-07243,Maersk,maersk.com,Multi-region,ats-scrapers,6b44a1badc9bfbf5cf176f75265cc5729e520e99,teamtailor,Maersk,maersk,https://maersk.teamtailor.com,HIGH_CONFIDENCE,SLUG_PLUS_NAME,board slug/host token equals domain company token + compatible names,false,,UNSUPPORTED,MULTI_SOURCE_CANDIDATE
EMP-07243,Maersk,maersk.com,Multi-region,ats-scrapers,6b44a1badc9bfbf5cf176f75265cc5729e520e99,workday,A.P. Moller - Maersk (MCI Careers),maersk/MCI_Careers,https://maersk.wd3.myworkdayjobs.com/MCI_Careers,HIGH_CONFIDENCE,SLUG_PLUS_NAME,board slug/host token equals domain company token + compatible names,false,,LEGACY_SUPPORTED,MULTI_SOURCE_CANDIDATE
EMP-07243,Maersk,maersk.com,Multi-region,ats-scrapers,6b44a1badc9bfbf5cf176f75265cc5729e520e99,workday,A.P. Moller - Maersk,maersk/maersk_careers,https://maersk.wd3.myworkdayjobs.com/maersk_careers,HIGH_CONFIDENCE,SLUG_PLUS_NAME,board slug/host token equals domain company token + compatible names,false,,LEGACY_SUPPORTED,MULTI_SOURCE_CANDIDATE
EMP-07243,Maersk,maersk.com,Multi-region,ats-scrapers,6b44a1badc9bfbf5cf176f75265cc5729e520e99,workday,A.P. Moller - Maersk,maersk/maersk_manual,https://maersk.wd3.myworkdayjobs.com/maersk_manual,HIGH_CONFIDENCE,SLUG_PLUS_NAME,board slug/host token equals domain company token + compatible names,false,,LEGACY_SUPPORTED,MULTI_SOURCE_CANDIDATE
EMP-07244,MSC,msc.com,Multi-region,ats-scrapers,6b44a1badc9bfbf5cf176f75265cc5729e520e99,bamboohr,msc,msc,https://msc.bamboohr.com/careers,HIGH_CONFIDENCE,SLUG_PLUS_NAME,board slug/host token equals domain company token + compatible names,false,,UNSUPPORTED,MULTI_SOURCE_CANDIDATE
EMP-07244,MSC,msc.com,Multi-region,ats-scrapers,6b44a1badc9bfbf5cf176f75265cc5729e520e99,cornerstone,MSC,https://msc.csod.com/ux/ats/careersite/4/home?c=msc,https://msc.csod.com/ux/ats/careersite/4/home?c=msc,HIGH_CONFIDENCE,SLUG_PLUS_NAME,board slug/host token equals domain company token + compatible names,false,,UNSUPPORTED,MULTI_SOURCE_CANDIDATE
EMP-07244,MSC,msc.com,Multi-region,ats-scrapers,6b44a1badc9bfbf5cf176f75265cc5729e520e99,cornerstone,MSC,msc,https://msc.csod.com/ux/ats/careersite/1/home?c=msc,HIGH_CONFIDENCE,SLUG_PLUS_NAME,board slug/host token equals domain company token + compatible names,false,,UNSUPPORTED,MULTI_SOURCE_CANDIDATE
EMP-07245,Siemens Mobility,siemens.com,Multi-region,ats-scrapers,6b44a1badc9bfbf5cf176f75265cc5729e520e99,teamtailor,Siemens,siemens,https://siemens.teamtailor.com,HIGH_CONFIDENCE,SLUG_PLUS_NAME,board slug/host token equals domain company token + compatible names,false,,UNSUPPORTED,SINGLE_SOURCE_CANDIDATE
EMP-07248,Electronic Arts,ea.com,Multi-region,ats-scrapers,6b44a1badc9bfbf5cf176f75265cc5729e520e99,avature,Electronic Arts,ea,https://ea.avature.net/careers/SearchJobs,HIGH_CONFIDENCE,SLUG_PLUS_NAME,board slug/host token equals domain company token + compatible names,false,,LEGACY_SUPPORTED,MULTI_SOURCE_CANDIDATE
EMP-07249,Epic Games,epicgames.com,Multi-region,ats-scrapers,6b44a1badc9bfbf5cf176f75265cc5729e520e99,greenhouse,Epic Games,epicgames,https://job-boards.greenhouse.io/epicgames,HIGH_CONFIDENCE,SLUG_PLUS_NAME,board slug/host token equals domain company token + compatible names,false,,LEGACY_SUPPORTED,MULTI_SOURCE_CANDIDATE
EMP-07249,Epic Games,epicgames.com,Multi-region,ats-scrapers,6b44a1badc9bfbf5cf176f75265cc5729e520e99,smartrecruiters,EpicGames,epicgames,https://careers.smartrecruiters.com/epicgames,HIGH_CONFIDENCE,SLUG_PLUS_NAME,board slug/host token equals domain company token + compatible names,false,,LEGACY_SUPPORTED,MULTI_SOURCE_CANDIDATE
EMP-07250,Riot Games,riotgames.com,Multi-region,ats-scrapers,6b44a1badc9bfbf5cf176f75265cc5729e520e99,greenhouse,riotgames,riotgames,https://job-boards.greenhouse.io/riotgames,HIGH_CONFIDENCE,SLUG_PLUS_NAME,board slug/host token equals domain company token + compatible names,false,,LEGACY_SUPPORTED,SINGLE_SOURCE_CANDIDATE
EMP-07257,Monzo,monzo.com,Multi-region,ats-scrapers,6b44a1badc9bfbf5cf176f75265cc5729e520e99,greenhouse,Monzo,monzo,https://job-boards.greenhouse.io/monzo,HIGH_CONFIDENCE,SLUG_PLUS_NAME,board slug/host token equals domain company token + compatible names,false,,LEGACY_SUPPORTED,SINGLE_SOURCE_CANDIDATE
EMP-07258,N26,n26.com,Multi-region,ats-scrapers,6b44a1badc9bfbf5cf176f75265cc5729e520e99,greenhouse,n26,n26,https://job-boards.greenhouse.io/n26,HIGH_CONFIDENCE,SLUG_PLUS_NAME,board slug/host token equals domain company token + compatible names,false,,LEGACY_SUPPORTED,SINGLE_SOURCE_CANDIDATE
EMP-07260,Worldline,worldline.com,Multi-region,ats-scrapers,6b44a1badc9bfbf5cf176f75265cc5729e520e99,lever,Worldline NZ,Worldline,https://jobs.lever.co/Worldline,HIGH_CONFIDENCE,SLUG_PLUS_NAME,board slug/host token equals domain company token + compatible names,false,,LEGACY_SUPPORTED,MULTI_SOURCE_CANDIDATE
EMP-07260,Worldline,worldline.com,Multi-region,ats-scrapers,6b44a1badc9bfbf5cf176f75265cc5729e520e99,successfactors,Worldline,jobs,https://jobs.worldline.com,HIGH_CONFIDENCE,URL_EXACT,internal resolved portal URL equals external board URL,false,,LEGACY_SUPPORTED,MULTI_SOURCE_CANDIDATE
EMP-07262,Etsy,etsy.com,Multi-region,ats-scrapers,6b44a1badc9bfbf5cf176f75265cc5729e520e99,workday,Etsy,etsy/etsy_careers,https://etsy.wd5.myworkdayjobs.com/etsy_careers,HIGH_CONFIDENCE,SLUG_PLUS_NAME,board slug/host token equals domain company token + compatible names,false,,LEGACY_SUPPORTED,MULTI_SOURCE_CANDIDATE
EMP-07266,Tesco,tesco.com,Multi-region,ats-scrapers,6b44a1badc9bfbf5cf176f75265cc5729e520e99,avature,Tesco,tesco,https://tesco.avature.net/careers/SearchJobs,HIGH_CONFIDENCE,SLUG_PLUS_NAME,board slug/host token equals domain company token + compatible names,false,,LEGACY_SUPPORTED,SINGLE_SOURCE_CANDIDATE
EMP-07268,Zalando,corporate.zalando.com,Multi-region,ats-scrapers,6b44a1badc9bfbf5cf176f75265cc5729e520e99,workday,Zalando,zalando/zalandositewd,https://zalando.wd3.myworkdayjobs.com/zalandositewd,HIGH_CONFIDENCE,SLUG_PLUS_NAME,board slug/host token equals domain company token + compatible names,false,,LEGACY_SUPPORTED,SINGLE_SOURCE_CANDIDATE
EMP-07270,Babcock International,babcockinternational.com,Multi-region,ats-scrapers,6b44a1badc9bfbf5cf176f75265cc5729e520e99,successfactors,Babcock,jobs,https://jobs.babcockinternational.com,HIGH_CONFIDENCE,URL_EXACT,internal resolved portal URL equals external board URL,false,,LEGACY_SUPPORTED,SINGLE_SOURCE_CANDIDATE
EMP-07271,Blue Origin,blueorigin.com,Multi-region,ats-scrapers,6b44a1badc9bfbf5cf176f75265cc5729e520e99,lever,Blue Origin,blueorigin,https://jobs.lever.co/blueorigin,HIGH_CONFIDENCE,SLUG_PLUS_NAME,board slug/host token equals domain company token + compatible names,false,,LEGACY_SUPPORTED,MULTI_SOURCE_CANDIDATE
EMP-07271,Blue Origin,blueorigin.com,Multi-region,ats-scrapers,6b44a1badc9bfbf5cf176f75265cc5729e520e99,workday,Blueorigin,blueorigin/blueorigin,https://blueorigin.wd5.myworkdayjobs.com/blueorigin,HIGH_CONFIDENCE,SLUG_PLUS_NAME,board slug/host token equals domain company token + compatible names,false,,LEGACY_SUPPORTED,MULTI_SOURCE_CANDIDATE
EMP-07272,CAE,cae.com,Multi-region,ats-scrapers,6b44a1badc9bfbf5cf176f75265cc5729e520e99,workday,Cae,cae/caecareer2,https://cae.wd3.myworkdayjobs.com/caecareer2,HIGH_CONFIDENCE,SLUG_PLUS_NAME,board slug/host token equals domain company token + compatible names,false,,LEGACY_SUPPORTED,MULTI_SOURCE_CANDIDATE
EMP-07272,CAE,cae.com,Multi-region,ats-scrapers,6b44a1badc9bfbf5cf176f75265cc5729e520e99,workday,Cae,cae/career,https://cae.wd3.myworkdayjobs.com/career,HIGH_CONFIDENCE,SLUG_PLUS_NAME,board slug/host token equals domain company token + compatible names,false,,LEGACY_SUPPORTED,MULTI_SOURCE_CANDIDATE
EMP-07275,Shield AI,shield.ai,Multi-region,ats-scrapers,6b44a1badc9bfbf5cf176f75265cc5729e520e99,bamboohr,shield,shield,https://shield.bamboohr.com/careers,HIGH_CONFIDENCE,SLUG_PLUS_NAME,board slug/host token equals domain company token + compatible names,false,,UNSUPPORTED,MULTI_SOURCE_CANDIDATE
EMP-07275,Shield AI,shield.ai,Multi-region,ats-scrapers,6b44a1badc9bfbf5cf176f75265cc5729e520e99,greenhouse,shield,shield,https://job-boards.greenhouse.io/shield,HIGH_CONFIDENCE,SLUG_PLUS_NAME,board slug/host token equals domain company token + compatible names,false,,LEGACY_SUPPORTED,MULTI_SOURCE_CANDIDATE
EMP-07276,SpaceX,spacex.com,Multi-region,ats-scrapers,6b44a1badc9bfbf5cf176f75265cc5729e520e99,greenhouse,SpaceX,spacex,https://job-boards.greenhouse.io/spacex,HIGH_CONFIDENCE,SLUG_PLUS_NAME,board slug/host token equals domain company token + compatible names,false,,LEGACY_SUPPORTED,MULTI_SOURCE_CANDIDATE
EMP-07276,SpaceX,spacex.com,Multi-region,ats-scrapers,6b44a1badc9bfbf5cf176f75265cc5729e520e99,smartrecruiters,SpaceX,spacex,https://careers.smartrecruiters.com/spacex,HIGH_CONFIDENCE,SLUG_PLUS_NAME,board slug/host token equals domain company token + compatible names,false,,LEGACY_SUPPORTED,MULTI_SOURCE_CANDIDATE
EMP-07278,Wise,wise.com,Multi-region | Estonia | UK,ats-scrapers,6b44a1badc9bfbf5cf176f75265cc5729e520e99,smartrecruiters,Wise,Wise,https://careers.smartrecruiters.com/Wise,HIGH_CONFIDENCE,SLUG_PLUS_NAME,board slug/host token equals domain company token + compatible names,false,,LEGACY_SUPPORTED,SINGLE_SOURCE_CANDIDATE
EMP-07279,Sopra Steria,soprasteria.com,Multi-region | Europe,ats-scrapers,6b44a1badc9bfbf5cf176f75265cc5729e520e99,bamboohr,soprasteria,soprasteria,https://soprasteria.bamboohr.com/careers,HIGH_CONFIDENCE,SLUG_PLUS_NAME,board slug/host token equals domain company token + compatible names,false,,UNSUPPORTED,SINGLE_SOURCE_CANDIDATE
EMP-07280,SAP,sap.com,Multi-region | Europe | Italy,ats-scrapers,6b44a1badc9bfbf5cf176f75265cc5729e520e99,bamboohr,sap,sap,https://sap.bamboohr.com/careers,HIGH_CONFIDENCE,SLUG_PLUS_NAME,board slug/host token equals domain company token + compatible names,false,,UNSUPPORTED,MULTI_SOURCE_CANDIDATE
EMP-07280,SAP,sap.com,Multi-region | Europe | Italy,ats-scrapers,6b44a1badc9bfbf5cf176f75265cc5729e520e99,smartrecruiters,SAP,sap,https://careers.smartrecruiters.com/sap,HIGH_CONFIDENCE,SLUG_PLUS_NAME,board slug/host token equals domain company token + compatible names,false,,LEGACY_SUPPORTED,MULTI_SOURCE_CANDIDATE
EMP-07280,SAP,sap.com,Multi-region | Europe | Italy,ats-scrapers,6b44a1badc9bfbf5cf176f75265cc5729e520e99,successfactors,SAP,jobs,https://jobs.sap.com,HIGH_CONFIDENCE,URL_EXACT,internal resolved portal URL equals external board URL,false,,LEGACY_SUPPORTED,MULTI_SOURCE_CANDIDATE
EMP-07283,Eviden,atos.net,Multi-region | France,ats-scrapers,6b44a1badc9bfbf5cf176f75265cc5729e520e99,successfactors,Atos,jobs,https://jobs.atos.net,HIGH_CONFIDENCE,URL_EXACT,internal resolved portal URL equals external board URL,false,,LEGACY_SUPPORTED,SINGLE_SOURCE_CANDIDATE
EMP-07285,Continental,continental.com,Multi-region | Germany,ats-scrapers,6b44a1badc9bfbf5cf176f75265cc5729e520e99,smartrecruiters,Continental,continental,https://careers.smartrecruiters.com/continental,HIGH_CONFIDENCE,SLUG_PLUS_NAME,board slug/host token equals domain company token + compatible names,false,,LEGACY_SUPPORTED,SINGLE_SOURCE_CANDIDATE
EMP-07287,QinetiQ,qinetiq.com,Multi-region | Germany | USA,ats-scrapers,6b44a1badc9bfbf5cf176f75265cc5729e520e99,successfactors,QinetiQ,careers,https://careers.qinetiq.com,HIGH_CONFIDENCE,URL_EXACT,internal resolved portal URL equals external board URL,false,,LEGACY_SUPPORTED,SINGLE_SOURCE_CANDIDATE
EMP-07291,Generali,generali.com,Multi-region | Italy,ats-scrapers,6b44a1badc9bfbf5cf176f75265cc5729e520e99,teamtailor,Generali,generali,https://generali.teamtailor.com,HIGH_CONFIDENCE,SLUG_PLUS_NAME,board slug/host token equals domain company token + compatible names,false,,UNSUPPORTED,SINGLE_SOURCE_CANDIDATE
EMP-07293,TotalEnergies,totalenergies.com,Multi-region | Netherlands,ats-scrapers,6b44a1badc9bfbf5cf176f75265cc5729e520e99,bamboohr,totalenergies,totalenergies,https://totalenergies.bamboohr.com/careers,HIGH_CONFIDENCE,SLUG_PLUS_NAME,board slug/host token equals domain company token + compatible names,false,,UNSUPPORTED,MULTI_SOURCE_CANDIDATE
EMP-07293,TotalEnergies,totalenergies.com,Multi-region | Netherlands,ats-scrapers,6b44a1badc9bfbf5cf176f75265cc5729e520e99,moka,TotalEnergies,totalenergies/100441,https://app.mokahr.com/social-recruitment/totalenergies/100441,HIGH_CONFIDENCE,SLUG_PLUS_NAME,board slug/host token equals domain company token + compatible names,false,,UNSUPPORTED,MULTI_SOURCE_CANDIDATE
EMP-07294,Philips,philips.com,Multi-region | Netherlands,ats-scrapers,6b44a1badc9bfbf5cf176f75265cc5729e520e99,workday,Philips (Internal Job Postings List For Philips Contingent Workers),philips/internal-job-postings-list-for-philips-contingent-workers,https://philips.wd3.myworkdayjobs.com/internal-job-postings-list-for-philips-contingent-workers,HIGH_CONFIDENCE,SLUG_PLUS_NAME,board slug/host token equals domain company token + compatible names,false,,LEGACY_SUPPORTED,MULTI_SOURCE_CANDIDATE
EMP-07294,Philips,philips.com,Multi-region | Netherlands,ats-scrapers,6b44a1badc9bfbf5cf176f75265cc5729e520e99,workday,Philips,philips/jobs-and-careers,https://philips.wd3.myworkdayjobs.com/jobs-and-careers,HIGH_CONFIDENCE,SLUG_PLUS_NAME,board slug/host token equals domain company token + compatible names,false,,LEGACY_SUPPORTED,MULTI_SOURCE_CANDIDATE
EMP-07295,Adyen,adyen.com,Multi-region | Netherlands,ats-scrapers,6b44a1badc9bfbf5cf176f75265cc5729e520e99,greenhouse,Adyen,adyen,https://job-boards.greenhouse.io/adyen,HIGH_CONFIDENCE,SLUG_PLUS_NAME,board slug/host token equals domain company token + compatible names,false,,LEGACY_SUPPORTED,MULTI_SOURCE_CANDIDATE
EMP-07295,Adyen,adyen.com,Multi-region | Netherlands,ats-scrapers,6b44a1badc9bfbf5cf176f75265cc5729e520e99,smartrecruiters,Adyen,adyen,https://careers.smartrecruiters.com/adyen,HIGH_CONFIDENCE,SLUG_PLUS_NAME,board slug/host token equals domain company token + compatible names,false,,LEGACY_SUPPORTED,MULTI_SOURCE_CANDIDATE
EMP-07297,Equinor,equinor.com,Multi-region | Norway | UK | Netherlands,ats-scrapers,6b44a1badc9bfbf5cf176f75265cc5729e520e99,workday,Equinor,equinor/eqnr,https://equinor.wd3.myworkdayjobs.com/eqnr,HIGH_CONFIDENCE,SLUG_PLUS_NAME,board slug/host token equals domain company token + compatible names,false,,LEGACY_SUPPORTED,SINGLE_SOURCE_CANDIDATE
EMP-07298,Siemens,siemens.com,Multi-region | Portugal | Singapore,ats-scrapers,6b44a1badc9bfbf5cf176f75265cc5729e520e99,teamtailor,Siemens,siemens,https://siemens.teamtailor.com,HIGH_CONFIDENCE,SLUG_PLUS_NAME,board slug/host token equals domain company token + compatible names,false,,UNSUPPORTED,SINGLE_SOURCE_CANDIDATE
EMP-07300,Tanium,tanium.com,Multi-region | Singapore,ats-scrapers,6b44a1badc9bfbf5cf176f75265cc5729e520e99,greenhouse,tanium,tanium,https://job-boards.greenhouse.io/tanium,HIGH_CONFIDENCE,SLUG_PLUS_NAME,board slug/host token equals domain company token + compatible names,false,,LEGACY_SUPPORTED,SINGLE_SOURCE_CANDIDATE
EMP-07302,Iberdrola,iberdrola.com,Multi-region | Spain,ats-scrapers,6b44a1badc9bfbf5cf176f75265cc5729e520e99,workday,Iberdrola Group,iberdrola/iberdrola,https://iberdrola.wd3.myworkdayjobs.com/iberdrola,HIGH_CONFIDENCE,SLUG_PLUS_NAME,board slug/host token equals domain company token + compatible names,false,,LEGACY_SUPPORTED,SINGLE_SOURCE_CANDIDATE
EMP-07303,Volvo Cars,volvocars.com,Multi-region | Sweden,ats-scrapers,6b44a1badc9bfbf5cf176f75265cc5729e520e99,successfactors,Volvo Cars,jobs,https://jobs.volvocars.com,HIGH_CONFIDENCE,URL_EXACT,internal resolved portal URL equals external board URL,false,,LEGACY_SUPPORTED,SINGLE_SOURCE_CANDIDATE
EMP-07305,Spotify,spotify.com,Multi-region | Sweden,ats-scrapers,6b44a1badc9bfbf5cf176f75265cc5729e520e99,lever,Spotify,spotify,https://jobs.lever.co/spotify,HIGH_CONFIDENCE,SLUG_PLUS_NAME,board slug/host token equals domain company token + compatible names,false,,LEGACY_SUPPORTED,MULTI_SOURCE_CANDIDATE
EMP-07305,Spotify,spotify.com,Multi-region | Sweden,ats-scrapers,6b44a1badc9bfbf5cf176f75265cc5729e520e99,smartrecruiters,Spotify,spotify,https://careers.smartrecruiters.com/spotify,HIGH_CONFIDENCE,SLUG_PLUS_NAME,board slug/host token equals domain company token + compatible names,false,,LEGACY_SUPPORTED,MULTI_SOURCE_CANDIDATE
EMP-07306,Vattenfall,group.vattenfall.com,Multi-region | Sweden | Netherlands,ats-scrapers,6b44a1badc9bfbf5cf176f75265cc5729e520e99,smartrecruiters,Vattenfall,Vattenfall,https://careers.smartrecruiters.com/Vattenfall,HIGH_CONFIDENCE,SLUG_PLUS_NAME,board slug/host token equals domain company token + compatible names,false,,LEGACY_SUPPORTED,SINGLE_SOURCE_CANDIDATE
EMP-07309,Swiss Re,swissre.com,Multi-region | Switzerland,ats-scrapers,6b44a1badc9bfbf5cf176f75265cc5729e520e99,successfactors,Swiss Re,careers,https://careers.swissre.com,HIGH_CONFIDENCE,URL_EXACT,internal resolved portal URL equals external board URL,false,,LEGACY_SUPPORTED,SINGLE_SOURCE_CANDIDATE
EMP-07310,Centrica,centrica.com,Multi-region | UK,ats-scrapers,6b44a1badc9bfbf5cf176f75265cc5729e520e99,workday,Centrica,centrica/centrica,https://centrica.wd3.myworkdayjobs.com/centrica,HIGH_CONFIDENCE,SLUG_PLUS_NAME,board slug/host token equals domain company token + compatible names,false,,LEGACY_SUPPORTED,SINGLE_SOURCE_CANDIDATE
EMP-07311,E.ON,eon.com,Multi-region | UK,ats-scrapers,6b44a1badc9bfbf5cf176f75265cc5729e520e99,bamboohr,eon,eon,https://eon.bamboohr.com/careers,HIGH_CONFIDENCE,SLUG_PLUS_NAME,board slug/host token equals domain company token + compatible names,false,,UNSUPPORTED,SINGLE_SOURCE_CANDIDATE
EMP-07314,Siemens Energy,siemens.com,Multi-region | UK,ats-scrapers,6b44a1badc9bfbf5cf176f75265cc5729e520e99,teamtailor,Siemens,siemens,https://siemens.teamtailor.com,HIGH_CONFIDENCE,SLUG_PLUS_NAME,board slug/host token equals domain company token + compatible names,false,,UNSUPPORTED,SINGLE_SOURCE_CANDIDATE
EMP-07316,Roche,roche.com,Multi-region | UK,ats-scrapers,6b44a1badc9bfbf5cf176f75265cc5729e520e99,workday,Roche,roche/roche-ext,https://roche.wd3.myworkdayjobs.com/roche-ext,HIGH_CONFIDENCE,SLUG_PLUS_NAME,board slug/host token equals domain company token + compatible names,false,,LEGACY_SUPPORTED,MULTI_SOURCE_CANDIDATE
EMP-07316,Roche,roche.com,Multi-region | UK,ats-scrapers,6b44a1badc9bfbf5cf176f75265cc5729e520e99,workday,Roche,roche/rog-a2o-gene,https://roche.wd3.myworkdayjobs.com/rog-a2o-gene,HIGH_CONFIDENCE,SLUG_PLUS_NAME,board slug/host token equals domain company token + compatible names,false,,LEGACY_SUPPORTED,MULTI_SOURCE_CANDIDATE
EMP-07317,Aviva,aviva.com,Multi-region | UK,ats-scrapers,6b44a1badc9bfbf5cf176f75265cc5729e520e99,gupy,Aviva Desenvolvimento Infantil,aviva,https://aviva.gupy.io,HIGH_CONFIDENCE,SLUG_PLUS_NAME,board slug/host token equals domain company token + compatible names,false,,UNSUPPORTED,MULTI_SOURCE_CANDIDATE
EMP-07317,Aviva,aviva.com,Multi-region | UK,ats-scrapers,6b44a1badc9bfbf5cf176f75265cc5729e520e99,workday,Aviva Investors (External),aviva/External,https://aviva.wd1.myworkdayjobs.com/External,HIGH_CONFIDENCE,SLUG_PLUS_NAME,board slug/host token equals domain company token + compatible names,false,,LEGACY_SUPPORTED,MULTI_SOURCE_CANDIDATE
EMP-07317,Aviva,aviva.com,Multi-region | UK,ats-scrapers,6b44a1badc9bfbf5cf176f75265cc5729e520e99,workday,Aviva Investors,aviva/aviva_investors_external,https://aviva.wd1.myworkdayjobs.com/aviva_investors_external,HIGH_CONFIDENCE,SLUG_PLUS_NAME,board slug/host token equals domain company token + compatible names,false,,LEGACY_SUPPORTED,MULTI_SOURCE_CANDIDATE
EMP-07319,Starling Bank,starlingbank.com,Multi-region | UK,ats-scrapers,6b44a1badc9bfbf5cf176f75265cc5729e520e99,workable,Starling,starling-bank,https://apply.workable.com/starling-bank,HIGH_CONFIDENCE,SLUG_PLUS_NAME,board slug/host token equals domain company token + compatible names,false,,UNSUPPORTED,SINGLE_SOURCE_CANDIDATE
EMP-07322,Netflix,jobs.netflix.com,Multi-region | USA,ats-scrapers,6b44a1badc9bfbf5cf176f75265cc5729e520e99,eightfold,Netflix,netflix,https://explore.jobs.netflix.net/careers,HIGH_CONFIDENCE,URL_EXACT,internal resolved portal URL equals external board URL,false,,DECLARATIVE_SUPPORTED,MULTI_SOURCE_CANDIDATE
EMP-07322,Netflix,jobs.netflix.com,Multi-region | USA,ats-scrapers,6b44a1badc9bfbf5cf176f75265cc5729e520e99,smartrecruiters,Netflix,netflix,https://careers.smartrecruiters.com/netflix,HIGH_CONFIDENCE,SLUG_PLUS_NAME,board slug/host token equals domain company token + compatible names,false,,LEGACY_SUPPORTED,MULTI_SOURCE_CANDIDATE
EMP-07322,Netflix,jobs.netflix.com,Multi-region | USA,ats-scrapers,6b44a1badc9bfbf5cf176f75265cc5729e520e99,teamtailor,Netflix,netflix,https://netflix.teamtailor.com,HIGH_CONFIDENCE,SLUG_PLUS_NAME,board slug/host token equals domain company token + compatible names,false,,UNSUPPORTED,MULTI_SOURCE_CANDIDATE
EMP-07323,Oracle,oracle.com,Multi-region | USA,ats-scrapers,6b44a1badc9bfbf5cf176f75265cc5729e520e99,smartrecruiters,Oracle,oracle,https://careers.smartrecruiters.com/oracle,HIGH_CONFIDENCE,SLUG_PLUS_NAME,board slug/host token equals domain company token + compatible names,false,,LEGACY_SUPPORTED,SINGLE_SOURCE_CANDIDATE
EMP-07324,Okta,okta.com,Multi-region | USA,ats-scrapers,6b44a1badc9bfbf5cf176f75265cc5729e520e99,greenhouse,okta,okta,https://job-boards.greenhouse.io/okta,HIGH_CONFIDENCE,SLUG_PLUS_NAME,board slug/host token equals domain company token + compatible names,false,,LEGACY_SUPPORTED,SINGLE_SOURCE_CANDIDATE
EMP-07325,Booz Allen Hamilton,boozallen.com,Multi-region | USA,ats-scrapers,6b44a1badc9bfbf5cf176f75265cc5729e520e99,avature,Booz Allen Hamilton,boozallen,https://boozallen.avature.net/careers/SearchJobs,HIGH_CONFIDENCE,SLUG_PLUS_NAME,board slug/host token equals domain company token + compatible names,false,,LEGACY_SUPPORTED,SINGLE_SOURCE_CANDIDATE
EMP-07327,Digital Realty,digitalrealty.com,Multi-region | USA,ats-scrapers,6b44a1badc9bfbf5cf176f75265cc5729e520e99,oracle,Hdep,hdep/cx,https://hdep.fa.us2.oraclecloud.com/hcmUI/CandidateExperience/en/sites/CX,HIGH_CONFIDENCE,URL_EXACT,internal resolved portal URL equals external board URL,false,,LEGACY_SUPPORTED,SINGLE_SOURCE_CANDIDATE
EMP-07328,Equinix,equinix.com,Multi-region | USA,ats-scrapers,6b44a1badc9bfbf5cf176f75265cc5729e520e99,workday,Equinix,equinix/external,https://equinix.wd1.myworkdayjobs.com/external,HIGH_CONFIDENCE,SLUG_PLUS_NAME,board slug/host token equals domain company token + compatible names,false,,LEGACY_SUPPORTED,SINGLE_SOURCE_CANDIDATE
EMP-07329,Boston Scientific,bostonscientific.com,Multi-region | USA,ats-scrapers,6b44a1badc9bfbf5cf176f75265cc5729e520e99,eightfold,Boston Scientific,bostonscientific,https://bostonscientific.eightfold.ai/careers,HIGH_CONFIDENCE,SLUG_PLUS_NAME,board slug/host token equals domain company token + compatible names,false,,DECLARATIVE_SUPPORTED,MULTI_SOURCE_CANDIDATE
EMP-07329,Boston Scientific,bostonscientific.com,Multi-region | USA,ats-scrapers,6b44a1badc9bfbf5cf176f75265cc5729e520e99,successfactors,Boston Scientific,jobs,https://jobs.bostonscientific.com,HIGH_CONFIDENCE,URL_EXACT,internal resolved portal URL equals external board URL,false,,LEGACY_SUPPORTED,MULTI_SOURCE_CANDIDATE
EMP-07330,Danaher,danaher.com,Multi-region | USA,ats-scrapers,6b44a1badc9bfbf5cf176f75265cc5729e520e99,workday,Danaher,danaher/danaherjobs,https://danaher.wd1.myworkdayjobs.com/danaherjobs,HIGH_CONFIDENCE,SLUG_PLUS_NAME,board slug/host token equals domain company token + compatible names,false,,LEGACY_SUPPORTED,MULTI_SOURCE_CANDIDATE
EMP-07331,Medtronic,medtronic.com,Multi-region | USA,ats-scrapers,6b44a1badc9bfbf5cf176f75265cc5729e520e99,workday,Medtronic,medtronic/medtroniccareers,https://medtronic.wd1.myworkdayjobs.com/medtroniccareers,HIGH_CONFIDENCE,SLUG_PLUS_NAME,board slug/host token equals domain company token + compatible names,false,,LEGACY_SUPPORTED,MULTI_SOURCE_CANDIDATE
EMP-07331,Medtronic,medtronic.com,Multi-region | USA,ats-scrapers,6b44a1badc9bfbf5cf176f75265cc5729e520e99,workday,Medtronic (Redeploymentmedtroniccareers),medtronic/redeploymentmedtroniccareers,https://medtronic.wd1.myworkdayjobs.com/redeploymentmedtroniccareers,HIGH_CONFIDENCE,SLUG_PLUS_NAME,board slug/host token equals domain company token + compatible names,false,,LEGACY_SUPPORTED,MULTI_SOURCE_CANDIDATE
EMP-07332,Stryker,stryker.com,Multi-region | USA,ats-scrapers,6b44a1badc9bfbf5cf176f75265cc5729e520e99,workday,Stryker,stryker/strykercareers,https://stryker.wd1.myworkdayjobs.com/strykercareers,HIGH_CONFIDENCE,SLUG_PLUS_NAME,board slug/host token equals domain company token + compatible names,false,,LEGACY_SUPPORTED,SINGLE_SOURCE_CANDIDATE
EMP-07333,Parker Hannifin,parker.com,Multi-region | USA,ats-scrapers,6b44a1badc9bfbf5cf176f75265cc5729e520e99,icims,Parker,parker,https://careers-parker.icims.com,HIGH_CONFIDENCE,SLUG_PLUS_NAME,board slug/host token equals domain company token + compatible names,false,,UNSUPPORTED,MULTI_SOURCE_CANDIDATE
EMP-07333,Parker Hannifin,parker.com,Multi-region | USA,ats-scrapers,6b44a1badc9bfbf5cf176f75265cc5729e520e99,smartrecruiters,parker,parker,https://careers.smartrecruiters.com/parker,HIGH_CONFIDENCE,SLUG_PLUS_NAME,board slug/host token equals domain company token + compatible names,false,,LEGACY_SUPPORTED,MULTI_SOURCE_CANDIDATE
EMP-07336,MetLife,metlife.com,Multi-region | USA,ats-scrapers,6b44a1badc9bfbf5cf176f75265cc5729e520e99,lever,MetLife,metlife,https://jobs.lever.co/metlife,HIGH_CONFIDENCE,SLUG_PLUS_NAME,board slug/host token equals domain company token + compatible names,false,,LEGACY_SUPPORTED,SINGLE_SOURCE_CANDIDATE
EMP-07339,Fiserv,fiserv.com,Multi-region | USA,ats-scrapers,6b44a1badc9bfbf5cf176f75265cc5729e520e99,workday,There's a reason why Fiserv,fiserv/ext,https://fiserv.wd5.myworkdayjobs.com/ext,HIGH_CONFIDENCE,SLUG_PLUS_NAME,board slug/host token equals domain company token + compatible names,false,,LEGACY_SUPPORTED,MULTI_SOURCE_CANDIDATE
EMP-07341,Intercontinental Exchange,ice.com,Multi-region | USA,ats-scrapers,6b44a1badc9bfbf5cf176f75265cc5729e520e99,icims,"Intercontinental Exchange, Inc.",ice,https://careers-ice.icims.com,HIGH_CONFIDENCE,SLUG_PLUS_NAME,board slug/host token equals domain company token + compatible names,false,,UNSUPPORTED,SINGLE_SOURCE_CANDIDATE
EMP-07342,Nasdaq,nasdaq.com,Multi-region | USA,ats-scrapers,6b44a1badc9bfbf5cf176f75265cc5729e520e99,workday,Nasdaq,nasdaq/global_external_site,https://nasdaq.wd1.myworkdayjobs.com/global_external_site,HIGH_CONFIDENCE,SLUG_PLUS_NAME,board slug/host token equals domain company token + compatible names,false,,LEGACY_SUPPORTED,MULTI_SOURCE_CANDIDATE
EMP-07342,Nasdaq,nasdaq.com,Multi-region | USA,ats-scrapers,6b44a1badc9bfbf5cf176f75265cc5729e520e99,workday,Nasdaq,nasdaq/us_external_career_site,https://nasdaq.wd1.myworkdayjobs.com/us_external_career_site,HIGH_CONFIDENCE,SLUG_PLUS_NAME,board slug/host token equals domain company token + compatible names,false,,LEGACY_SUPPORTED,MULTI_SOURCE_CANDIDATE
EMP-07343,Visa,corporate.visa.com,Multi-region | USA,ats-scrapers,6b44a1badc9bfbf5cf176f75265cc5729e520e99,smartrecruiters,Visa,visa,https://careers.smartrecruiters.com/visa,HIGH_CONFIDENCE,SLUG_PLUS_NAME,board slug/host token equals domain company token + compatible names,false,,LEGACY_SUPPORTED,MULTI_SOURCE_CANDIDATE
EMP-07343,Visa,corporate.visa.com,Multi-region | USA,ats-scrapers,6b44a1badc9bfbf5cf176f75265cc5729e520e99,workday,Visa,visa/visa,https://visa.wd5.myworkdayjobs.com/visa,HIGH_CONFIDENCE,SLUG_PLUS_NAME,board slug/host token equals domain company token + compatible names,false,,LEGACY_SUPPORTED,MULTI_SOURCE_CANDIDATE
EMP-07344,Costco,costco.com,Multi-region | USA,ats-scrapers,6b44a1badc9bfbf5cf176f75265cc5729e520e99,icims,costco,costco,https://careers-costco.icims.com,HIGH_CONFIDENCE,SLUG_PLUS_NAME,board slug/host token equals domain company token + compatible names,false,,UNSUPPORTED,MULTI_SOURCE_CANDIDATE
EMP-07345,Target,corporate.target.com,Multi-region | USA,ats-scrapers,6b44a1badc9bfbf5cf176f75265cc5729e520e99,workday,Target,target/targetcareers,https://target.wd5.myworkdayjobs.com/targetcareers,HIGH_CONFIDENCE,SLUG_PLUS_NAME,board slug/host token equals domain company token + compatible names,false,,LEGACY_SUPPORTED,MULTI_SOURCE_CANDIDATE
EMP-07346,Walmart,corporate.walmart.com,Multi-region | USA,ats-scrapers,6b44a1badc9bfbf5cf176f75265cc5729e520e99,bamboohr,walmart,walmart,https://walmart.bamboohr.com/careers,HIGH_CONFIDENCE,SLUG_PLUS_NAME,board slug/host token equals domain company token + compatible names,false,,UNSUPPORTED,MULTI_SOURCE_CANDIDATE
EMP-07346,Walmart,corporate.walmart.com,Multi-region | USA,ats-scrapers,6b44a1badc9bfbf5cf176f75265cc5729e520e99,workday,Walmart,walmart/walmartexternal,https://walmart.wd5.myworkdayjobs.com/walmartexternal,HIGH_CONFIDENCE,SLUG_PLUS_NAME,board slug/host token equals domain company token + compatible names,false,,LEGACY_SUPPORTED,MULTI_SOURCE_CANDIDATE
EMP-07347,Boeing,boeing.com,Multi-region | USA | Canada,ats-scrapers,6b44a1badc9bfbf5cf176f75265cc5729e520e99,workday,Boeing (INTERN),boeing/INTERN,https://boeing.wd1.myworkdayjobs.com/INTERN,HIGH_CONFIDENCE,SLUG_PLUS_NAME,board slug/host token equals domain company token + compatible names,false,,LEGACY_SUPPORTED,MULTI_SOURCE_CANDIDATE
EMP-07347,Boeing,boeing.com,Multi-region | USA | Canada,ats-scrapers,6b44a1badc9bfbf5cf176f75265cc5729e520e99,workday,Boeing (PRIDE),boeing/PRIDE,https://boeing.wd1.myworkdayjobs.com/PRIDE,HIGH_CONFIDENCE,SLUG_PLUS_NAME,board slug/host token equals domain company token + compatible names,false,,LEGACY_SUPPORTED,MULTI_SOURCE_CANDIDATE
EMP-07347,Boeing,boeing.com,Multi-region | USA | Canada,ats-scrapers,6b44a1badc9bfbf5cf176f75265cc5729e520e99,workday,Boeing (TAP2),boeing/TAP2,https://boeing.wd1.myworkdayjobs.com/TAP2,HIGH_CONFIDENCE,SLUG_PLUS_NAME,board slug/host token equals domain company token + compatible names,false,,LEGACY_SUPPORTED,MULTI_SOURCE_CANDIDATE
EMP-07347,Boeing,boeing.com,Multi-region | USA | Canada,ats-scrapers,6b44a1badc9bfbf5cf176f75265cc5729e520e99,workday,Boeing,boeing/external_careers,https://boeing.wd1.myworkdayjobs.com/external_careers,HIGH_CONFIDENCE,SLUG_PLUS_NAME,board slug/host token equals domain company token + compatible names,false,,LEGACY_SUPPORTED,MULTI_SOURCE_CANDIDATE
EMP-07347,Boeing,boeing.com,Multi-region | USA | Canada,ats-scrapers,6b44a1badc9bfbf5cf176f75265cc5729e520e99,workday,Boeing,boeing/external_subsidiary,https://boeing.wd1.myworkdayjobs.com/external_subsidiary,HIGH_CONFIDENCE,SLUG_PLUS_NAME,board slug/host token equals domain company token + compatible names,false,,LEGACY_SUPPORTED,MULTI_SOURCE_CANDIDATE
EMP-07347,Boeing,boeing.com,Multi-region | USA | Canada,ats-scrapers,6b44a1badc9bfbf5cf176f75265cc5729e520e99,workday,Boeing,boeing/tap3,https://boeing.wd1.myworkdayjobs.com/tap3,HIGH_CONFIDENCE,SLUG_PLUS_NAME,board slug/host token equals domain company token + compatible names,false,,LEGACY_SUPPORTED,MULTI_SOURCE_CANDIDATE
EMP-07348,FedEx,fedex.com,Multi-region | USA | Portugal,ats-scrapers,6b44a1badc9bfbf5cf176f75265cc5729e520e99,workday,Fedex (FTN APAC External),fedex/FTN_APAC_External,https://fedex.wd1.myworkdayjobs.com/FTN_APAC_External,HIGH_CONFIDENCE,SLUG_PLUS_NAME,board slug/host token equals domain company token + compatible names,false,,LEGACY_SUPPORTED,MULTI_SOURCE_CANDIDATE
EMP-07348,FedEx,fedex.com,Multi-region | USA | Portugal,ats-scrapers,6b44a1badc9bfbf5cf176f75265cc5729e520e99,workday,Fedex (FTN EMEIA External),fedex/FTN_EMEIA_External,https://fedex.wd1.myworkdayjobs.com/FTN_EMEIA_External,HIGH_CONFIDENCE,SLUG_PLUS_NAME,board slug/host token equals domain company token + compatible names,false,,LEGACY_SUPPORTED,MULTI_SOURCE_CANDIDATE
EMP-07348,FedEx,fedex.com,Multi-region | USA | Portugal,ats-scrapers,6b44a1badc9bfbf5cf176f75265cc5729e520e99,workday,Fedex (FXE Canada External Career Site),fedex/FXE-Canada_External_Career_Site,https://fedex.wd1.myworkdayjobs.com/FXE-Canada_External_Career_Site,HIGH_CONFIDENCE,SLUG_PLUS_NAME,board slug/host token equals domain company token + compatible names,false,,LEGACY_SUPPORTED,MULTI_SOURCE_CANDIDATE
EMP-07348,FedEx,fedex.com,Multi-region | USA | Portugal,ats-scrapers,6b44a1badc9bfbf5cf176f75265cc5729e520e99,workday,Fedex (FXE EU External),fedex/FXE-EU_External,https://fedex.wd1.myworkdayjobs.com/FXE-EU_External,HIGH_CONFIDENCE,SLUG_PLUS_NAME,board slug/host token equals domain company token + compatible names,false,,LEGACY_SUPPORTED,MULTI_SOURCE_CANDIDATE
EMP-07348,FedEx,fedex.com,Multi-region | USA | Portugal,ats-scrapers,6b44a1badc9bfbf5cf176f75265cc5729e520e99,workday,Fedex,fedex/fxe-lac_external_career_site,https://fedex.wd1.myworkdayjobs.com/fxe-lac_external_career_site,HIGH_CONFIDENCE,SLUG_PLUS_NAME,board slug/host token equals domain company token + compatible names,false,,LEGACY_SUPPORTED,MULTI_SOURCE_CANDIDATE
EMP-07348,FedEx,fedex.com,Multi-region | USA | Portugal,ats-scrapers,6b44a1badc9bfbf5cf176f75265cc5729e520e99,workday,FedEx Express,fedex/fxe-meisa-external,https://fedex.wd1.myworkdayjobs.com/fxe-meisa-external,HIGH_CONFIDENCE,SLUG_PLUS_NAME,board slug/host token equals domain company token + compatible names,false,,LEGACY_SUPPORTED,MULTI_SOURCE_CANDIDATE
EMP-07348,FedEx,fedex.com,Multi-region | USA | Portugal,ats-scrapers,6b44a1badc9bfbf5cf176f75265cc5729e520e99,workday,Fedex,fedex/fxe_apac_external,https://fedex.wd1.myworkdayjobs.com/fxe_apac_external,HIGH_CONFIDENCE,SLUG_PLUS_NAME,board slug/host token equals domain company token + compatible names,false,,LEGACY_SUPPORTED,MULTI_SOURCE_CANDIDATE
EMP-07349,Rockwell Automation,rockwellautomation.com,Multi-region | USA | Singapore,ats-scrapers,6b44a1badc9bfbf5cf176f75265cc5729e520e99,workday,Rockwellautomation (External Rockwell Automation Early Careers),rockwellautomation/External-Rockwell-Automation-Early-Careers,https://rockwellautomation.wd1.myworkdayjobs.com/External-Rockwell-Automation-Early-Careers,HIGH_CONFIDENCE,SLUG_PLUS_NAME,board slug/host token equals domain company token + compatible names,false,,LEGACY_SUPPORTED,MULTI_SOURCE_CANDIDATE
EMP-07349,Rockwell Automation,rockwellautomation.com,Multi-region | USA | Singapore,ats-scrapers,6b44a1badc9bfbf5cf176f75265cc5729e520e99,workday,Rockwellautomation,rockwellautomation/external_rockwell_automation,https://rockwellautomation.wd1.myworkdayjobs.com/external_rockwell_automation,HIGH_CONFIDENCE,SLUG_PLUS_NAME,board slug/host token equals domain company token + compatible names,false,,LEGACY_SUPPORTED,MULTI_SOURCE_CANDIDATE
EMP-07350,Chubb,chubb.com,Multi-region | USA | Switzerland,ats-scrapers,6b44a1badc9bfbf5cf176f75265cc5729e520e99,hrmos,Chubb損害保険株式会社,chubb,https://hrmos.co/pages/chubb/jobs,HIGH_CONFIDENCE,SLUG_PLUS_NAME,board slug/host token equals domain company token + compatible names,false,,UNSUPPORTED,SINGLE_SOURCE_CANDIDATE
EMP-07351,Tesla,tesla.com,Multi-region | USA | UK,ats-scrapers,6b44a1badc9bfbf5cf176f75265cc5729e520e99,moka,Tesla China Campus,tesla/41460/campus,https://app.mokahr.com/campus-recruitment/tesla/41460,HIGH_CONFIDENCE,SLUG_PLUS_NAME,board slug/host token equals domain company token + compatible names,false,,UNSUPPORTED,MULTI_SOURCE_CANDIDATE
EMP-07351,Tesla,tesla.com,Multi-region | USA | UK,ats-scrapers,6b44a1badc9bfbf5cf176f75265cc5729e520e99,moka,Tesla China,tesla/46129,https://app.mokahr.com/social-recruitment/tesla/46129,HIGH_CONFIDENCE,SLUG_PLUS_NAME,board slug/host token equals domain company token + compatible names,false,,UNSUPPORTED,MULTI_SOURCE_CANDIDATE
EMP-07352,GE Vernova,gevernova.com,Multi-region | USA | UK,ats-scrapers,6b44a1badc9bfbf5cf176f75265cc5729e520e99,workday,Gevernova (Only Confidential Executive Recruiting),gevernova/only_confidential_executive_recruiting,https://gevernova.wd5.myworkdayjobs.com/only_confidential_executive_recruiting,HIGH_CONFIDENCE,SLUG_PLUS_NAME,board slug/host token equals domain company token + compatible names,false,,LEGACY_SUPPORTED,MULTI_SOURCE_CANDIDATE
EMP-07352,GE Vernova,gevernova.com,Multi-region | USA | UK,ats-scrapers,6b44a1badc9bfbf5cf176f75265cc5729e520e99,workday,Gevernova,gevernova/vernova_externalsite,https://gevernova.wd5.myworkdayjobs.com/vernova_externalsite,HIGH_CONFIDENCE,SLUG_PLUS_NAME,board slug/host token equals domain company token + compatible names,false,,LEGACY_SUPPORTED,MULTI_SOURCE_CANDIDATE
EMP-07353,CME Group,cmegroup.com,Multi-region | USA | UK,ats-scrapers,6b44a1badc9bfbf5cf176f75265cc5729e520e99,workday,Cmegroup,cmegroup/cme_careers,https://cmegroup.wd1.myworkdayjobs.com/cme_careers,HIGH_CONFIDENCE,SLUG_PLUS_NAME,board slug/host token equals domain company token + compatible names,false,,LEGACY_SUPPORTED,SINGLE_SOURCE_CANDIDATE
EMP-07354,PayPal,paypal.com,Multi-region | USA | UK,ats-scrapers,6b44a1badc9bfbf5cf176f75265cc5729e520e99,eightfold,PayPal,paypal,https://paypal.eightfold.ai/careers,HIGH_CONFIDENCE,SLUG_PLUS_NAME,board slug/host token equals domain company token + compatible names,false,,DECLARATIVE_SUPPORTED,MULTI_SOURCE_CANDIDATE
EMP-07354,PayPal,paypal.com,Multi-region | USA | UK,ats-scrapers,6b44a1badc9bfbf5cf176f75265cc5729e520e99,workday,PayPal,paypal/jobs,https://paypal.wd1.myworkdayjobs.com/jobs,HIGH_CONFIDENCE,URL_EXACT,internal resolved portal URL equals external board URL,false,,LEGACY_SUPPORTED,MULTI_SOURCE_CANDIDATE
EMP-07374,Atos Netherlands,atos.net,Netherlands,ats-scrapers,6b44a1badc9bfbf5cf176f75265cc5729e520e99,successfactors,Atos,jobs,https://jobs.atos.net,HIGH_CONFIDENCE,URL_EXACT,internal resolved portal URL equals external board URL,false,,LEGACY_SUPPORTED,SINGLE_SOURCE_CANDIDATE
EMP-07402,Airbus Defence & Space Netherlands B.V.,airbus.com,Netherlands,ats-scrapers,6b44a1badc9bfbf5cf176f75265cc5729e520e99,bamboohr,airbus,airbus,https://airbus.bamboohr.com/careers,HIGH_CONFIDENCE,SLUG_PLUS_NAME,board slug/host token equals domain company token + compatible names,false,,UNSUPPORTED,SINGLE_SOURCE_CANDIDATE
EMP-07425,Boeing the Netherlands BV,boeing.com,Netherlands,ats-scrapers,6b44a1badc9bfbf5cf176f75265cc5729e520e99,workday,Boeing,boeing/external_careers,https://boeing.wd1.myworkdayjobs.com/external_careers,HIGH_CONFIDENCE,SLUG_PLUS_NAME,board slug/host token equals domain company token + compatible names,false,,LEGACY_SUPPORTED,MULTI_SOURCE_CANDIDATE
EMP-07425,Boeing the Netherlands BV,boeing.com,Netherlands,ats-scrapers,6b44a1badc9bfbf5cf176f75265cc5729e520e99,workday,Boeing,boeing/external_subsidiary,https://boeing.wd1.myworkdayjobs.com/external_subsidiary,HIGH_CONFIDENCE,SLUG_PLUS_NAME,board slug/host token equals domain company token + compatible names,false,,LEGACY_SUPPORTED,MULTI_SOURCE_CANDIDATE
EMP-07425,Boeing the Netherlands BV,boeing.com,Netherlands,ats-scrapers,6b44a1badc9bfbf5cf176f75265cc5729e520e99,workday,Boeing,boeing/tap3,https://boeing.wd1.myworkdayjobs.com/tap3,HIGH_CONFIDENCE,SLUG_PLUS_NAME,board slug/host token equals domain company token + compatible names,false,,LEGACY_SUPPORTED,MULTI_SOURCE_CANDIDATE
EMP-07465,EY Nederland B.V.,ey.com,Netherlands,ats-scrapers,6b44a1badc9bfbf5cf176f75265cc5729e520e99,successfactors,Careers at EY: search jobs,EYHRISPRD1,https://careers.ey.com,HIGH_CONFIDENCE,URL_EXACT,internal resolved portal URL equals external board URL,false,,LEGACY_SUPPORTED,MULTI_SOURCE_CANDIDATE
EMP-07501,KPMG Advisory N.V.,kpmg.com,Netherlands,ats-scrapers,6b44a1badc9bfbf5cf176f75265cc5729e520e99,moka,KPMG,kpmg/74216,https://app.mokahr.com/social-recruitment/kpmg/74216,HIGH_CONFIDENCE,SLUG_PLUS_NAME,board slug/host token equals domain company token + compatible names,false,,UNSUPPORTED,MULTI_SOURCE_CANDIDATE
EMP-07501,KPMG Advisory N.V.,kpmg.com,Netherlands,ats-scrapers,6b44a1badc9bfbf5cf176f75265cc5729e520e99,successfactors,Kpmg,KPMGHITPRD,https://careers.kpmg.it,HIGH_CONFIDENCE,URL_EXACT,internal resolved portal URL equals external board URL,false,,LEGACY_SUPPORTED,MULTI_SOURCE_CANDIDATE
EMP-07531,Nokia Solutions and Networks Nederland B.V.,nokia.com,Netherlands,ats-scrapers,6b44a1badc9bfbf5cf176f75265cc5729e520e99,smartrecruiters,nokia,nokia,https://careers.smartrecruiters.com/nokia,HIGH_CONFIDENCE,SLUG_PLUS_NAME,board slug/host token equals domain company token + compatible names,false,,LEGACY_SUPPORTED,SINGLE_SOURCE_CANDIDATE
EMP-07551,SKF B.V.,skf.com,Netherlands,ats-scrapers,6b44a1badc9bfbf5cf176f75265cc5729e520e99,successfactors,SKF,career,https://career.skf.com,HIGH_CONFIDENCE,URL_EXACT,internal resolved portal URL equals external board URL,false,,LEGACY_SUPPORTED,SINGLE_SOURCE_CANDIDATE
EMP-07557,Sopra Steria Nederland B.V.,soprasteria.com,Netherlands,ats-scrapers,6b44a1badc9bfbf5cf176f75265cc5729e520e99,bamboohr,soprasteria,soprasteria,https://soprasteria.bamboohr.com/careers,HIGH_CONFIDENCE,SLUG_PLUS_NAME,board slug/host token equals domain company token + compatible names,false,,UNSUPPORTED,SINGLE_SOURCE_CANDIDATE
EMP-07674,Deloitte Netherlands,deloitte.com,Netherlands,ats-scrapers,6b44a1badc9bfbf5cf176f75265cc5729e520e99,eightfold,Deloitte,deloitte,https://deloitte.eightfold.ai/careers,HIGH_CONFIDENCE,SLUG_PLUS_NAME,board slug/host token equals domain company token + compatible names,false,,DECLARATIVE_SUPPORTED,MULTI_SOURCE_CANDIDATE
EMP-07676,EY Netherlands,ey.com,Netherlands,ats-scrapers,6b44a1badc9bfbf5cf176f75265cc5729e520e99,successfactors,Careers at EY: search jobs,EYHRISPRD1,https://careers.ey.com,HIGH_CONFIDENCE,URL_EXACT,internal resolved portal URL equals external board URL,false,,LEGACY_SUPPORTED,MULTI_SOURCE_CANDIDATE
EMP-07682,KPMG Netherlands,kpmg.com,Netherlands,ats-scrapers,6b44a1badc9bfbf5cf176f75265cc5729e520e99,moka,KPMG,kpmg/74216,https://app.mokahr.com/social-recruitment/kpmg/74216,HIGH_CONFIDENCE,SLUG_PLUS_NAME,board slug/host token equals domain company token + compatible names,false,,UNSUPPORTED,MULTI_SOURCE_CANDIDATE
EMP-07682,KPMG Netherlands,kpmg.com,Netherlands,ats-scrapers,6b44a1badc9bfbf5cf176f75265cc5729e520e99,successfactors,Kpmg,KPMGHITPRD,https://careers.kpmg.it,HIGH_CONFIDENCE,URL_EXACT,internal resolved portal URL equals external board URL,false,,LEGACY_SUPPORTED,MULTI_SOURCE_CANDIDATE
EMP-07717,Chubb Insurance New Zealand,chubb.com,New Zealand,ats-scrapers,6b44a1badc9bfbf5cf176f75265cc5729e520e99,hrmos,Chubb損害保険株式会社,chubb,https://hrmos.co/pages/chubb/jobs,HIGH_CONFIDENCE,SLUG_PLUS_NAME,board slug/host token equals domain company token + compatible names,false,,UNSUPPORTED,SINGLE_SOURCE_CANDIDATE
EMP-07724,HSBC New Zealand,hsbc.com,New Zealand,ats-scrapers,6b44a1badc9bfbf5cf176f75265cc5729e520e99,eightfold,HSBC,hsbc,https://hsbc.eightfold.ai/careers,HIGH_CONFIDENCE,SLUG_PLUS_NAME,board slug/host token equals domain company token + compatible names,false,,DECLARATIVE_SUPPORTED,SINGLE_SOURCE_CANDIDATE
EMP-07729,Munich Re New Zealand Service,munichre.com,New Zealand,ats-scrapers,6b44a1badc9bfbf5cf176f75265cc5729e520e99,bamboohr,munichre,munichre,https://munichre.bamboohr.com/careers,HIGH_CONFIDENCE,SLUG_PLUS_NAME,board slug/host token equals domain company token + compatible names,false,,UNSUPPORTED,SINGLE_SOURCE_CANDIDATE
EMP-07737,Swiss Re New Zealand,swissre.com,New Zealand,ats-scrapers,6b44a1badc9bfbf5cf176f75265cc5729e520e99,successfactors,Swiss Re,careers,https://careers.swissre.com,HIGH_CONFIDENCE,URL_EXACT,internal resolved portal URL equals external board URL,false,,LEGACY_SUPPORTED,SINGLE_SOURCE_CANDIDATE
EMP-07856,DNB Asset Management,dnb.no,Norway,ats-scrapers,6b44a1badc9bfbf5cf176f75265cc5729e520e99,successfactors,Jobb,jobb,https://jobb.dnb.no,HIGH_CONFIDENCE,URL_EXACT,internal resolved portal URL equals external board URL,false,,LEGACY_SUPPORTED,MULTI_SOURCE_CANDIDATE
EMP-07857,DNB Bank,dnb.no,Norway,ats-scrapers,6b44a1badc9bfbf5cf176f75265cc5729e520e99,successfactors,Jobb,jobb,https://jobb.dnb.no,HIGH_CONFIDENCE,URL_EXACT,internal resolved portal URL equals external board URL,false,,LEGACY_SUPPORTED,MULTI_SOURCE_CANDIDATE
EMP-07858,DNB Boligkreditt,dnb.no,Norway,ats-scrapers,6b44a1badc9bfbf5cf176f75265cc5729e520e99,successfactors,Jobb,jobb,https://jobb.dnb.no,HIGH_CONFIDENCE,URL_EXACT,internal resolved portal URL equals external board URL,false,,LEGACY_SUPPORTED,MULTI_SOURCE_CANDIDATE
EMP-07859,DNB Eiendom,dnb.no,Norway,ats-scrapers,6b44a1badc9bfbf5cf176f75265cc5729e520e99,successfactors,Jobb,jobb,https://jobb.dnb.no,HIGH_CONFIDENCE,URL_EXACT,internal resolved portal URL equals external board URL,false,,LEGACY_SUPPORTED,MULTI_SOURCE_CANDIDATE
EMP-07860,DNB Finans,dnb.no,Norway,ats-scrapers,6b44a1badc9bfbf5cf176f75265cc5729e520e99,successfactors,Jobb,jobb,https://jobb.dnb.no,HIGH_CONFIDENCE,URL_EXACT,internal resolved portal URL equals external board URL,false,,LEGACY_SUPPORTED,MULTI_SOURCE_CANDIDATE
EMP-07861,DNB Livsforsikring,dnb.no,Norway,ats-scrapers,6b44a1badc9bfbf5cf176f75265cc5729e520e99,successfactors,Jobb,jobb,https://jobb.dnb.no,HIGH_CONFIDENCE,URL_EXACT,internal resolved portal URL equals external board URL,false,,LEGACY_SUPPORTED,MULTI_SOURCE_CANDIDATE
EMP-07892,Mastercard Payment Services Norway,mastercard.com,Norway,ats-scrapers,6b44a1badc9bfbf5cf176f75265cc5729e520e99,smartrecruiters,MasterCard,mastercard,https://careers.smartrecruiters.com/mastercard,HIGH_CONFIDENCE,SLUG_PLUS_NAME,board slug/host token equals domain company token + compatible names,false,,LEGACY_SUPPORTED,MULTI_SOURCE_CANDIDATE
EMP-07892,Mastercard Payment Services Norway,mastercard.com,Norway,ats-scrapers,6b44a1badc9bfbf5cf176f75265cc5729e520e99,workday,Mastercard,mastercard/corporatecareers,https://mastercard.wd1.myworkdayjobs.com/corporatecareers,HIGH_CONFIDENCE,SLUG_PLUS_NAME,board slug/host token equals domain company token + compatible names,false,,LEGACY_SUPPORTED,MULTI_SOURCE_CANDIDATE
EMP-07902,Santander Consumer Bank Norway,santander.com,Norway,ats-scrapers,6b44a1badc9bfbf5cf176f75265cc5729e520e99,workday,Santander,santander/santandercareers,https://santander.wd3.myworkdayjobs.com/santandercareers,HIGH_CONFIDENCE,SLUG_PLUS_NAME,board slug/host token equals domain company token + compatible names,false,,LEGACY_SUPPORTED,SINGLE_SOURCE_CANDIDATE
EMP-07924,Deloitte Norway,deloitte.com,Norway,ats-scrapers,6b44a1badc9bfbf5cf176f75265cc5729e520e99,eightfold,Deloitte,deloitte,https://deloitte.eightfold.ai/careers,HIGH_CONFIDENCE,SLUG_PLUS_NAME,board slug/host token equals domain company token + compatible names,false,,DECLARATIVE_SUPPORTED,SINGLE_SOURCE_CANDIDATE
EMP-07925,EY Norway,ey.com,Norway,ats-scrapers,6b44a1badc9bfbf5cf176f75265cc5729e520e99,successfactors,Careers at EY: search jobs,EYHRISPRD1,https://careers.ey.com,HIGH_CONFIDENCE,URL_EXACT,internal resolved portal URL equals external board URL,false,,LEGACY_SUPPORTED,MULTI_SOURCE_CANDIDATE
EMP-07928,KPMG Norway,kpmg.com,Norway,ats-scrapers,6b44a1badc9bfbf5cf176f75265cc5729e520e99,moka,KPMG,kpmg/74216,https://app.mokahr.com/social-recruitment/kpmg/74216,HIGH_CONFIDENCE,SLUG_PLUS_NAME,board slug/host token equals domain company token + compatible names,false,,UNSUPPORTED,MULTI_SOURCE_CANDIDATE
EMP-07928,KPMG Norway,kpmg.com,Norway,ats-scrapers,6b44a1badc9bfbf5cf176f75265cc5729e520e99,successfactors,Kpmg,KPMGHITPRD,https://careers.kpmg.it,HIGH_CONFIDENCE,URL_EXACT,internal resolved portal URL equals external board URL,false,,LEGACY_SUPPORTED,MULTI_SOURCE_CANDIDATE
EMP-08012,DNB Bank Polska,dnb.no,Poland,ats-scrapers,6b44a1badc9bfbf5cf176f75265cc5729e520e99,successfactors,Jobb,jobb,https://jobb.dnb.no,HIGH_CONFIDENCE,URL_EXACT,internal resolved portal URL equals external board URL,false,,LEGACY_SUPPORTED,MULTI_SOURCE_CANDIDATE
EMP-08015,HSBC Continental Europe Poland,continental.com,Poland,ats-scrapers,6b44a1badc9bfbf5cf176f75265cc5729e520e99,smartrecruiters,Continental,continental,https://careers.smartrecruiters.com/continental,HIGH_CONFIDENCE,SLUG_PLUS_NAME,board slug/host token equals domain company token + compatible names,false,,LEGACY_SUPPORTED,SINGLE_SOURCE_CANDIDATE
EMP-08021,Intesa Sanpaolo Poland,group.intesasanpaolo.com,Poland,ats-scrapers,6b44a1badc9bfbf5cf176f75265cc5729e520e99,successfactors,Intesa Sanpaolo,jobs,https://jobs.intesasanpaolo.com,HIGH_CONFIDENCE,URL_EXACT,internal resolved portal URL equals external board URL,false,,LEGACY_SUPPORTED,SINGLE_SOURCE_CANDIDATE
EMP-08037,Santander Bank Polska,santander.com,Poland,ats-scrapers,6b44a1badc9bfbf5cf176f75265cc5729e520e99,workday,Santander,santander/santandercareers,https://santander.wd3.myworkdayjobs.com/santandercareers,HIGH_CONFIDENCE,SLUG_PLUS_NAME,board slug/host token equals domain company token + compatible names,false,,LEGACY_SUPPORTED,SINGLE_SOURCE_CANDIDATE
EMP-08038,Santander Consumer Bank Poland,santander.com,Poland,ats-scrapers,6b44a1badc9bfbf5cf176f75265cc5729e520e99,workday,Santander,santander/santandercareers,https://santander.wd3.myworkdayjobs.com/santandercareers,HIGH_CONFIDENCE,SLUG_PLUS_NAME,board slug/host token equals domain company token + compatible names,false,,LEGACY_SUPPORTED,SINGLE_SOURCE_CANDIDATE
EMP-08045,Volkswagen Bank Poland,volkswagen-group.com,Poland,ats-scrapers,6b44a1badc9bfbf5cf176f75265cc5729e520e99,successfactors,Your job at the Volkswagen Group,VWAGLPPROD10,https://jobs.volkswagen-group.com,HIGH_CONFIDENCE,URL_EXACT,internal resolved portal URL equals external board URL,false,,LEGACY_SUPPORTED,SINGLE_SOURCE_CANDIDATE
EMP-08140,Equinor Poland,equinor.com,Poland,ats-scrapers,6b44a1badc9bfbf5cf176f75265cc5729e520e99,workday,Equinor,equinor/eqnr,https://equinor.wd3.myworkdayjobs.com/eqnr,HIGH_CONFIDENCE,SLUG_PLUS_NAME,board slug/host token equals domain company token + compatible names,false,,LEGACY_SUPPORTED,SINGLE_SOURCE_CANDIDATE
EMP-08157,Siemens Gamesa Poland,siemens.com,Poland,ats-scrapers,6b44a1badc9bfbf5cf176f75265cc5729e520e99,teamtailor,Siemens,siemens,https://siemens.teamtailor.com,HIGH_CONFIDENCE,SLUG_PLUS_NAME,board slug/host token equals domain company token + compatible names,false,,UNSUPPORTED,SINGLE_SOURCE_CANDIDATE
EMP-08161,Vestas Poland,vestas.com,Poland,ats-scrapers,6b44a1badc9bfbf5cf176f75265cc5729e520e99,successfactors,Vestas,careers,https://careers.vestas.com,HIGH_CONFIDENCE,URL_EXACT,internal resolved portal URL equals external board URL,false,,LEGACY_SUPPORTED,SINGLE_SOURCE_CANDIDATE
EMP-08176,Generali Polska,generali.com,Poland,ats-scrapers,6b44a1badc9bfbf5cf176f75265cc5729e520e99,teamtailor,Generali,generali,https://generali.teamtailor.com,HIGH_CONFIDENCE,SLUG_PLUS_NAME,board slug/host token equals domain company token + compatible names,false,,UNSUPPORTED,SINGLE_SOURCE_CANDIDATE
EMP-08177,Generali Życie,generali.com,Poland,ats-scrapers,6b44a1badc9bfbf5cf176f75265cc5729e520e99,teamtailor,Generali,generali,https://generali.teamtailor.com,HIGH_CONFIDENCE,SLUG_PLUS_NAME,board slug/host token equals domain company token + compatible names,false,,UNSUPPORTED,SINGLE_SOURCE_CANDIDATE
EMP-08192,Santander Allianz TU,santander.com,Poland,ats-scrapers,6b44a1badc9bfbf5cf176f75265cc5729e520e99,workday,Santander,santander/santandercareers,https://santander.wd3.myworkdayjobs.com/santandercareers,HIGH_CONFIDENCE,SLUG_PLUS_NAME,board slug/host token equals domain company token + compatible names,false,,LEGACY_SUPPORTED,SINGLE_SOURCE_CANDIDATE
EMP-08193,Santander Allianz Życie,santander.com,Poland,ats-scrapers,6b44a1badc9bfbf5cf176f75265cc5729e520e99,workday,Santander,santander/santandercareers,https://santander.wd3.myworkdayjobs.com/santandercareers,HIGH_CONFIDENCE,SLUG_PLUS_NAME,board slug/host token equals domain company token + compatible names,false,,LEGACY_SUPPORTED,SINGLE_SOURCE_CANDIDATE
EMP-08212,Airbus Atlantic,airbus.com,Portugal,ats-scrapers,6b44a1badc9bfbf5cf176f75265cc5729e520e99,bamboohr,airbus,airbus,https://airbus.bamboohr.com/careers,HIGH_CONFIDENCE,SLUG_PLUS_NAME,board slug/host token equals domain company token + compatible names,false,,UNSUPPORTED,SINGLE_SOURCE_CANDIDATE
EMP-08343,Banco Santander Totta,santander.com,Portugal,ats-scrapers,6b44a1badc9bfbf5cf176f75265cc5729e520e99,workday,Santander,santander/santandercareers,https://santander.wd3.myworkdayjobs.com/santandercareers,HIGH_CONFIDENCE,SLUG_PLUS_NAME,board slug/host token equals domain company token + compatible names,false,,LEGACY_SUPPORTED,SINGLE_SOURCE_CANDIDATE
EMP-08349,Deloitte Portugal,deloitte.com,Portugal,ats-scrapers,6b44a1badc9bfbf5cf176f75265cc5729e520e99,eightfold,Deloitte,deloitte,https://deloitte.eightfold.ai/careers,HIGH_CONFIDENCE,SLUG_PLUS_NAME,board slug/host token equals domain company token + compatible names,false,,DECLARATIVE_SUPPORTED,SINGLE_SOURCE_CANDIDATE
EMP-08353,EY Portugal,ey.com,Portugal,ats-scrapers,6b44a1badc9bfbf5cf176f75265cc5729e520e99,successfactors,Careers at EY: search jobs,EYHRISPRD1,https://careers.ey.com,HIGH_CONFIDENCE,URL_EXACT,internal resolved portal URL equals external board URL,false,,LEGACY_SUPPORTED,MULTI_SOURCE_CANDIDATE
EMP-08361,KPMG Portugal,kpmg.com,Portugal,ats-scrapers,6b44a1badc9bfbf5cf176f75265cc5729e520e99,moka,KPMG,kpmg/74216,https://app.mokahr.com/social-recruitment/kpmg/74216,HIGH_CONFIDENCE,SLUG_PLUS_NAME,board slug/host token equals domain company token + compatible names,false,,UNSUPPORTED,MULTI_SOURCE_CANDIDATE
EMP-08361,KPMG Portugal,kpmg.com,Portugal,ats-scrapers,6b44a1badc9bfbf5cf176f75265cc5729e520e99,successfactors,Kpmg,KPMGHITPRD,https://careers.kpmg.it,HIGH_CONFIDENCE,URL_EXACT,internal resolved portal URL equals external board URL,false,,LEGACY_SUPPORTED,MULTI_SOURCE_CANDIDATE
EMP-08363,NTT DATA Portugal,nttdata.com,Portugal,ats-scrapers,6b44a1badc9bfbf5cf176f75265cc5729e520e99,eightfold,NTT DATA,nttdata,https://nttdata.eightfold.ai/careers,HIGH_CONFIDENCE,SLUG_PLUS_NAME,board slug/host token equals domain company token + compatible names,false,,DECLARATIVE_SUPPORTED,MULTI_SOURCE_CANDIDATE
EMP-08363,NTT DATA Portugal,nttdata.com,Portugal,ats-scrapers,6b44a1badc9bfbf5cf176f75265cc5729e520e99,smartrecruiters,NTT Data,nttdata,https://careers.smartrecruiters.com/nttdata,HIGH_CONFIDENCE,SLUG_PLUS_NAME,board slug/host token equals domain company token + compatible names,false,,LEGACY_SUPPORTED,MULTI_SOURCE_CANDIDATE
EMP-08416,Intesa Sanpaolo Bank Romania,group.intesasanpaolo.com,Romania,ats-scrapers,6b44a1badc9bfbf5cf176f75265cc5729e520e99,successfactors,Intesa Sanpaolo,jobs,https://jobs.intesasanpaolo.com,HIGH_CONFIDENCE,URL_EXACT,internal resolved portal URL equals external board URL,false,,LEGACY_SUPPORTED,SINGLE_SOURCE_CANDIDATE
EMP-08462,Generali România,generali.com,Romania,ats-scrapers,6b44a1badc9bfbf5cf176f75265cc5729e520e99,teamtailor,Generali,generali,https://generali.teamtailor.com,HIGH_CONFIDENCE,SLUG_PLUS_NAME,board slug/host token equals domain company token + compatible names,false,,UNSUPPORTED,SINGLE_SOURCE_CANDIDATE
EMP-08477,Amazon Development Center Romania,amazon.com,Romania,ats-scrapers,6b44a1badc9bfbf5cf176f75265cc5729e520e99,breezy,Amazon,amazon,https://amazon.breezy.hr,HIGH_CONFIDENCE,SLUG_PLUS_NAME,board slug/host token equals domain company token + compatible names,false,,UNSUPPORTED,MULTI_SOURCE_CANDIDATE
EMP-08477,Amazon Development Center Romania,amazon.com,Romania,ats-scrapers,6b44a1badc9bfbf5cf176f75265cc5729e520e99,personio,amazon,amazon,https://amazon.jobs.personio.com,HIGH_CONFIDENCE,SLUG_PLUS_NAME,board slug/host token equals domain company token + compatible names,false,,UNSUPPORTED,MULTI_SOURCE_CANDIDATE
EMP-08477,Amazon Development Center Romania,amazon.com,Romania,ats-scrapers,6b44a1badc9bfbf5cf176f75265cc5729e520e99,smartrecruiters,Amazon,amazon,https://careers.smartrecruiters.com/amazon,HIGH_CONFIDENCE,SLUG_PLUS_NAME,board slug/host token equals domain company token + compatible names,false,,LEGACY_SUPPORTED,MULTI_SOURCE_CANDIDATE
EMP-08477,Amazon Development Center Romania,amazon.com,Romania,ats-scrapers,6b44a1badc9bfbf5cf176f75265cc5729e520e99,workable,Amazon,amazon,https://apply.workable.com/amazon,HIGH_CONFIDENCE,SLUG_PLUS_NAME,board slug/host token equals domain company token + compatible names,false,,UNSUPPORTED,MULTI_SOURCE_CANDIDATE
EMP-08490,Eviden Romania,atos.net,Romania,ats-scrapers,6b44a1badc9bfbf5cf176f75265cc5729e520e99,successfactors,Atos,jobs,https://jobs.atos.net,HIGH_CONFIDENCE,URL_EXACT,internal resolved portal URL equals external board URL,false,,LEGACY_SUPPORTED,SINGLE_SOURCE_CANDIDATE
EMP-08498,Microsoft Romania,microsoft.com,Romania,ats-scrapers,6b44a1badc9bfbf5cf176f75265cc5729e520e99,eightfold,Microsoft,microsoft,https://microsoft.eightfold.ai/careers,HIGH_CONFIDENCE,SLUG_PLUS_NAME,board slug/host token equals domain company token + compatible names,false,,DECLARATIVE_SUPPORTED,MULTI_SOURCE_CANDIDATE
EMP-08498,Microsoft Romania,microsoft.com,Romania,ats-scrapers,6b44a1badc9bfbf5cf176f75265cc5729e520e99,smartrecruiters,Microsoft,microsoft,https://careers.smartrecruiters.com/microsoft,HIGH_CONFIDENCE,SLUG_PLUS_NAME,board slug/host token equals domain company token + compatible names,false,,LEGACY_SUPPORTED,MULTI_SOURCE_CANDIDATE
EMP-08498,Microsoft Romania,microsoft.com,Romania,ats-scrapers,6b44a1badc9bfbf5cf176f75265cc5729e520e99,workable,Microsoft,microsoft,https://apply.workable.com/microsoft,HIGH_CONFIDENCE,SLUG_PLUS_NAME,board slug/host token equals domain company token + compatible names,false,,UNSUPPORTED,MULTI_SOURCE_CANDIDATE
EMP-08501,Oracle Romania,oracle.com,Romania,ats-scrapers,6b44a1badc9bfbf5cf176f75265cc5729e520e99,smartrecruiters,Oracle,oracle,https://careers.smartrecruiters.com/oracle,HIGH_CONFIDENCE,SLUG_PLUS_NAME,board slug/host token equals domain company token + compatible names,false,,LEGACY_SUPPORTED,SINGLE_SOURCE_CANDIDATE
EMP-08506,SAP Romania,sap.com,Romania,ats-scrapers,6b44a1badc9bfbf5cf176f75265cc5729e520e99,successfactors,SAP,jobs,https://jobs.sap.com,HIGH_CONFIDENCE,URL_EXACT,internal resolved portal URL equals external board URL,false,,LEGACY_SUPPORTED,MULTI_SOURCE_CANDIDATE
EMP-08513,Vodafone Romania,vodafone.com,Romania,ats-scrapers,6b44a1badc9bfbf5cf176f75265cc5729e520e99,eightfold,Vodafone,vodafone,https://vodafone.eightfold.ai/careers,HIGH_CONFIDENCE,SLUG_PLUS_NAME,board slug/host token equals domain company token + compatible names,false,,DECLARATIVE_SUPPORTED,MULTI_SOURCE_CANDIDATE
EMP-08513,Vodafone Romania,vodafone.com,Romania,ats-scrapers,6b44a1badc9bfbf5cf176f75265cc5729e520e99,smartrecruiters,Vodafone,vodafone,https://careers.smartrecruiters.com/vodafone,HIGH_CONFIDENCE,SLUG_PLUS_NAME,board slug/host token equals domain company token + compatible names,false,,LEGACY_SUPPORTED,MULTI_SOURCE_CANDIDATE
EMP-08513,Vodafone Romania,vodafone.com,Romania,ats-scrapers,6b44a1badc9bfbf5cf176f75265cc5729e520e99,successfactors,Vodafone,vodafone,https://opportunities.vodafone.com,HIGH_CONFIDENCE,SLUG_PLUS_NAME,board slug/host token equals domain company token + compatible names,false,,LEGACY_SUPPORTED,MULTI_SOURCE_CANDIDATE
EMP-08535,OCBC,ocbc.com,Singapore,ats-scrapers,6b44a1badc9bfbf5cf176f75265cc5729e520e99,workday,Ocbc,ocbc/external,https://ocbc.wd102.myworkdayjobs.com/external,HIGH_CONFIDENCE,SLUG_PLUS_NAME,board slug/host token equals domain company token + compatible names,false,,LEGACY_SUPPORTED,MULTI_SOURCE_CANDIDATE
EMP-08536,United Overseas Bank,uobgroup.com,Singapore,ats-scrapers,6b44a1badc9bfbf5cf176f75265cc5729e520e99,workday,United Overseas Bank,uobgroup/UOBExternal,https://uobgroup.wd3.myworkdayjobs.com/UOBExternal,HIGH_CONFIDENCE,SLUG_PLUS_NAME,board slug/host token equals domain company token + compatible names,false,,LEGACY_SUPPORTED,SINGLE_SOURCE_CANDIDATE
EMP-08545,Cisco Systems Singapore,cisco.com,Singapore,ats-scrapers,6b44a1badc9bfbf5cf176f75265cc5729e520e99,workday,Cisco,cisco/cisco_careers,https://cisco.wd5.myworkdayjobs.com/cisco_careers,HIGH_CONFIDENCE,SLUG_PLUS_NAME,board slug/host token equals domain company token + compatible names,false,,LEGACY_SUPPORTED,SINGLE_SOURCE_CANDIDATE
EMP-08563,Proofpoint Singapore,proofpoint.com,Singapore,ats-scrapers,6b44a1badc9bfbf5cf176f75265cc5729e520e99,workday,Proofpoint,proofpoint/proofpointcareers,https://proofpoint.wd5.myworkdayjobs.com/proofpointcareers,HIGH_CONFIDENCE,URL_EXACT,internal resolved portal URL equals external board URL,false,,LEGACY_SUPPORTED,SINGLE_SOURCE_CANDIDATE
EMP-08572,Trend Micro Singapore,trendmicro.com,Singapore,ats-scrapers,6b44a1badc9bfbf5cf176f75265cc5729e520e99,workday,Trendmicro,trendmicro/external,https://trendmicro.wd3.myworkdayjobs.com/external,HIGH_CONFIDENCE,SLUG_PLUS_NAME,board slug/host token equals domain company token + compatible names,false,,LEGACY_SUPPORTED,SINGLE_SOURCE_CANDIDATE
EMP-08578,Cisco Singapore,cisco.com,Singapore,ats-scrapers,6b44a1badc9bfbf5cf176f75265cc5729e520e99,workday,Cisco,cisco/cisco_careers,https://cisco.wd5.myworkdayjobs.com/cisco_careers,HIGH_CONFIDENCE,SLUG_PLUS_NAME,board slug/host token equals domain company token + compatible names,false,,LEGACY_SUPPORTED,SINGLE_SOURCE_CANDIDATE
EMP-08579,Cloudflare Singapore,cloudflare.com,Singapore,ats-scrapers,6b44a1badc9bfbf5cf176f75265cc5729e520e99,greenhouse,Cloudflare,cloudflare,https://job-boards.greenhouse.io/cloudflare,HIGH_CONFIDENCE,SLUG_PLUS_NAME,board slug/host token equals domain company token + compatible names,false,,LEGACY_SUPPORTED,MULTI_SOURCE_CANDIDATE
EMP-08579,Cloudflare Singapore,cloudflare.com,Singapore,ats-scrapers,6b44a1badc9bfbf5cf176f75265cc5729e520e99,smartrecruiters,Cloudflare,cloudflare,https://careers.smartrecruiters.com/cloudflare,HIGH_CONFIDENCE,SLUG_PLUS_NAME,board slug/host token equals domain company token + compatible names,false,,LEGACY_SUPPORTED,MULTI_SOURCE_CANDIDATE
EMP-08580,CrowdStrike Singapore,crowdstrike.com,Singapore,ats-scrapers,6b44a1badc9bfbf5cf176f75265cc5729e520e99,workday,CrowdStrike,crowdstrike/crowdstrikecareers,https://crowdstrike.wd5.myworkdayjobs.com/crowdstrikecareers,HIGH_CONFIDENCE,URL_EXACT,internal resolved portal URL equals external board URL,false,,LEGACY_SUPPORTED,SINGLE_SOURCE_CANDIDATE
EMP-08590,Palo Alto Networks Singapore,paloaltonetworks.com,Singapore,ats-scrapers,6b44a1badc9bfbf5cf176f75265cc5729e520e99,workday,Paloaltonetworks,paloaltonetworks/panwexternalcareers,https://paloaltonetworks.wd5.myworkdayjobs.com/panwexternalcareers,HIGH_CONFIDENCE,SLUG_PLUS_NAME,board slug/host token equals domain company token + compatible names,false,,LEGACY_SUPPORTED,SINGLE_SOURCE_CANDIDATE
EMP-08614,Singtel,singtel.com,Singapore,ats-scrapers,6b44a1badc9bfbf5cf176f75265cc5729e520e99,successfactors,Groupcareers,groupcareers,https://groupcareers.singtel.com,HIGH_CONFIDENCE,URL_EXACT,internal resolved portal URL equals external board URL,false,,LEGACY_SUPPORTED,SINGLE_SOURCE_CANDIDATE
EMP-08615,ST Engineering,stengg.com,Singapore,ats-scrapers,6b44a1badc9bfbf5cf176f75265cc5729e520e99,join_com,ST Engineering Applied Solutions GmbH,stengg,https://join.com/companies/stengg,HIGH_CONFIDENCE,SLUG_PLUS_NAME,board slug/host token equals domain company token + compatible names,false,,UNSUPPORTED,MULTI_SOURCE_CANDIDATE
EMP-08615,ST Engineering,stengg.com,Singapore,ats-scrapers,6b44a1badc9bfbf5cf176f75265cc5729e520e99,successfactors,ST Engineering,careers,https://careers.stengg.com,HIGH_CONFIDENCE,URL_EXACT,internal resolved portal URL equals external board URL,false,,LEGACY_SUPPORTED,MULTI_SOURCE_CANDIDATE
EMP-08697,Deloitte & Touche,deloitte.com,Singapore,ats-scrapers,6b44a1badc9bfbf5cf176f75265cc5729e520e99,eightfold,Deloitte,deloitte,https://deloitte.eightfold.ai/careers,HIGH_CONFIDENCE,SLUG_PLUS_NAME,board slug/host token equals domain company token + compatible names,false,,DECLARATIVE_SUPPORTED,SINGLE_SOURCE_CANDIDATE
EMP-08706,DSV Air & Sea,dsv.com,Singapore,ats-scrapers,6b44a1badc9bfbf5cf176f75265cc5729e520e99,successfactors,Work for DSV and forward your career | DSV,jobs,https://jobs.dsv.com,HIGH_CONFIDENCE,URL_EXACT,internal resolved portal URL equals external board URL,false,,LEGACY_SUPPORTED,SINGLE_SOURCE_CANDIDATE
EMP-08924,ANZ,anz.com,Singapore | Australia,ats-scrapers,6b44a1badc9bfbf5cf176f75265cc5729e520e99,successfactors,ANZ Banking Careers,anzbanking,https://careers.anz.com,HIGH_CONFIDENCE,URL_EXACT,internal resolved portal URL equals external board URL,false,,LEGACY_SUPPORTED,SINGLE_SOURCE_CANDIDATE
EMP-08926,Bitdefender,bitdefender.com,Singapore | Europe | Romania,ats-scrapers,6b44a1badc9bfbf5cf176f75265cc5729e520e99,cornerstone,Bitdefender,bitdefender,https://bitdefender.csod.com/ux/ats/careersite/1/home?c=bitdefender,HIGH_CONFIDENCE,SLUG_PLUS_NAME,board slug/host token equals domain company token + compatible names,false,,UNSUPPORTED,MULTI_SOURCE_CANDIDATE
EMP-08926,Bitdefender,bitdefender.com,Singapore | Europe | Romania,ats-scrapers,6b44a1badc9bfbf5cf176f75265cc5729e520e99,smartrecruiters,Bitdefender,bitdefender,https://careers.smartrecruiters.com/bitdefender,HIGH_CONFIDENCE,SLUG_PLUS_NAME,board slug/host token equals domain company token + compatible names,false,,LEGACY_SUPPORTED,MULTI_SOURCE_CANDIDATE
EMP-08928,Infineon Technologies,infineon.com,Singapore | Germany,ats-scrapers,6b44a1badc9bfbf5cf176f75265cc5729e520e99,eightfold,Infineon Technologies,infineon,https://infineon.eightfold.ai/careers,HIGH_CONFIDENCE,DOMAIN_EXACT,eightfold registry domain equals internal corporate domain,false,,DECLARATIVE_SUPPORTED,SINGLE_SOURCE_CANDIDATE
EMP-08966,Siemens Healthcare s.r.o.,siemens.com,Slovakia,ats-scrapers,6b44a1badc9bfbf5cf176f75265cc5729e520e99,teamtailor,Siemens,siemens,https://siemens.teamtailor.com,HIGH_CONFIDENCE,SLUG_PLUS_NAME,board slug/host token equals domain company token + compatible names,false,,UNSUPPORTED,SINGLE_SOURCE_CANDIDATE
EMP-08997,Generali Poisťovňa Slovakia,generali.com,Slovakia,ats-scrapers,6b44a1badc9bfbf5cf176f75265cc5729e520e99,teamtailor,Generali,generali,https://generali.teamtailor.com,HIGH_CONFIDENCE,SLUG_PLUS_NAME,board slug/host token equals domain company token + compatible names,false,,UNSUPPORTED,SINGLE_SOURCE_CANDIDATE
EMP-09000,MetLife Slovakia,metlife.com,Slovakia,ats-scrapers,6b44a1badc9bfbf5cf176f75265cc5729e520e99,lever,MetLife,metlife,https://jobs.lever.co/metlife,HIGH_CONFIDENCE,SLUG_PLUS_NAME,board slug/host token equals domain company token + compatible names,false,,LEGACY_SUPPORTED,SINGLE_SOURCE_CANDIDATE
EMP-09070,Aptiv Spain,aptiv.com,Spain,ats-scrapers,6b44a1badc9bfbf5cf176f75265cc5729e520e99,workday,Aptiv,aptiv/aptiv_careers,https://aptiv.wd5.myworkdayjobs.com/aptiv_careers,HIGH_CONFIDENCE,SLUG_PLUS_NAME,board slug/host token equals domain company token + compatible names,false,,LEGACY_SUPPORTED,MULTI_SOURCE_CANDIDATE
EMP-09074,Continental Automotive Spain,continental.com,Spain,ats-scrapers,6b44a1badc9bfbf5cf176f75265cc5729e520e99,smartrecruiters,Continental,continental,https://careers.smartrecruiters.com/continental,HIGH_CONFIDENCE,SLUG_PLUS_NAME,board slug/host token equals domain company token + compatible names,false,,LEGACY_SUPPORTED,SINGLE_SOURCE_CANDIDATE
EMP-09092,Valeo España,valeo.com,Spain,ats-scrapers,6b44a1badc9bfbf5cf176f75265cc5729e520e99,workday,Valeo,valeo/valeo_jobs,https://valeo.wd3.myworkdayjobs.com/valeo_jobs,HIGH_CONFIDENCE,SLUG_PLUS_NAME,board slug/host token equals domain company token + compatible names,false,,LEGACY_SUPPORTED,SINGLE_SOURCE_CANDIDATE
EMP-09093,Volkswagen Group España Distribución,volkswagen-group.com,Spain,ats-scrapers,6b44a1badc9bfbf5cf176f75265cc5729e520e99,successfactors,Your job at the Volkswagen Group,VWAGLPPROD10,https://jobs.volkswagen-group.com,HIGH_CONFIDENCE,URL_EXACT,internal resolved portal URL equals external board URL,false,,LEGACY_SUPPORTED,SINGLE_SOURCE_CANDIDATE
EMP-09095,ZF España,zf.com,Spain,ats-scrapers,6b44a1badc9bfbf5cf176f75265cc5729e520e99,successfactors,ZF,jobs,https://jobs.zf.com,HIGH_CONFIDENCE,URL_EXACT,internal resolved portal URL equals external board URL,false,,LEGACY_SUPPORTED,SINGLE_SOURCE_CANDIDATE
EMP-09171,Trend Micro Spain,trendmicro.com,Spain,ats-scrapers,6b44a1badc9bfbf5cf176f75265cc5729e520e99,workday,Trendmicro,trendmicro/external,https://trendmicro.wd3.myworkdayjobs.com/external,HIGH_CONFIDENCE,SLUG_PLUS_NAME,board slug/host token equals domain company token + compatible names,false,,LEGACY_SUPPORTED,SINGLE_SOURCE_CANDIDATE
EMP-09176,WISE SECURITY GLOBAL,wise.com,Spain,ats-scrapers,6b44a1badc9bfbf5cf176f75265cc5729e520e99,smartrecruiters,Wise,Wise,https://careers.smartrecruiters.com/Wise,HIGH_CONFIDENCE,SLUG_PLUS_NAME,board slug/host token equals domain company token + compatible names,false,,LEGACY_SUPPORTED,SINGLE_SOURCE_CANDIDATE
EMP-09217,Sopra Steria / Cimpa,soprasteria.com,Spain,ats-scrapers,6b44a1badc9bfbf5cf176f75265cc5729e520e99,bamboohr,soprasteria,soprasteria,https://soprasteria.bamboohr.com/careers,HIGH_CONFIDENCE,SLUG_PLUS_NAME,board slug/host token equals domain company token + compatible names,false,,UNSUPPORTED,SINGLE_SOURCE_CANDIDATE
EMP-09234,Repsol,repsol.com,Spain,ats-scrapers,6b44a1badc9bfbf5cf176f75265cc5729e520e99,workday,Repsol (Repsol),repsol/Repsol,https://repsol.wd3.myworkdayjobs.com/Repsol,HIGH_CONFIDENCE,SLUG_PLUS_NAME,board slug/host token equals domain company token + compatible names,false,,LEGACY_SUPPORTED,MULTI_SOURCE_CANDIDATE
EMP-09234,Repsol,repsol.com,Spain,ats-scrapers,6b44a1badc9bfbf5cf176f75265cc5729e520e99,workday,Repsol (Ref Ext),repsol/ref_ext,https://repsol.wd3.myworkdayjobs.com/ref_ext,HIGH_CONFIDENCE,SLUG_PLUS_NAME,board slug/host token equals domain company token + compatible names,false,,LEGACY_SUPPORTED,MULTI_SOURCE_CANDIDATE
EMP-09236,TotalEnergies España,totalenergies.com,Spain,ats-scrapers,6b44a1badc9bfbf5cf176f75265cc5729e520e99,bamboohr,totalenergies,totalenergies,https://totalenergies.bamboohr.com/careers,HIGH_CONFIDENCE,SLUG_PLUS_NAME,board slug/host token equals domain company token + compatible names,false,,UNSUPPORTED,MULTI_SOURCE_CANDIDATE
EMP-09236,TotalEnergies España,totalenergies.com,Spain,ats-scrapers,6b44a1badc9bfbf5cf176f75265cc5729e520e99,moka,TotalEnergies,totalenergies/100441,https://app.mokahr.com/social-recruitment/totalenergies/100441,HIGH_CONFIDENCE,SLUG_PLUS_NAME,board slug/host token equals domain company token + compatible names,false,,UNSUPPORTED,MULTI_SOURCE_CANDIDATE
EMP-09265,Chubb European Group Spain,chubb.com,Spain,ats-scrapers,6b44a1badc9bfbf5cf176f75265cc5729e520e99,hrmos,Chubb損害保険株式会社,chubb,https://hrmos.co/pages/chubb/jobs,HIGH_CONFIDENCE,SLUG_PLUS_NAME,board slug/host token equals domain company token + compatible names,false,,UNSUPPORTED,SINGLE_SOURCE_CANDIDATE
EMP-09272,Generali España,generali.com,Spain,ats-scrapers,6b44a1badc9bfbf5cf176f75265cc5729e520e99,teamtailor,Generali,generali,https://generali.teamtailor.com,HIGH_CONFIDENCE,SLUG_PLUS_NAME,board slug/host token equals domain company token + compatible names,false,,UNSUPPORTED,SINGLE_SOURCE_CANDIDATE
EMP-09280,Mapfre España,mapfre.com,Spain,ats-scrapers,6b44a1badc9bfbf5cf176f75265cc5729e520e99,successfactors,Jobs MAPFRE,jobs,https://jobs.mapfre.com,HIGH_CONFIDENCE,URL_EXACT,internal resolved portal URL equals external board URL,false,,LEGACY_SUPPORTED,SINGLE_SOURCE_CANDIDATE
EMP-09281,Mapfre Vida,mapfre.com,Spain,ats-scrapers,6b44a1badc9bfbf5cf176f75265cc5729e520e99,successfactors,Jobs MAPFRE,jobs,https://jobs.mapfre.com,HIGH_CONFIDENCE,URL_EXACT,internal resolved portal URL equals external board URL,false,,LEGACY_SUPPORTED,SINGLE_SOURCE_CANDIDATE
EMP-09284,MetLife Spain,metlife.com,Spain,ats-scrapers,6b44a1badc9bfbf5cf176f75265cc5729e520e99,lever,MetLife,metlife,https://jobs.lever.co/metlife,HIGH_CONFIDENCE,SLUG_PLUS_NAME,board slug/host token equals domain company token + compatible names,false,,LEGACY_SUPPORTED,SINGLE_SOURCE_CANDIDATE
EMP-09289,Munich Re Spain,munichre.com,Spain,ats-scrapers,6b44a1badc9bfbf5cf176f75265cc5729e520e99,bamboohr,munichre,munichre,https://munichre.bamboohr.com/careers,HIGH_CONFIDENCE,SLUG_PLUS_NAME,board slug/host token equals domain company token + compatible names,false,,UNSUPPORTED,SINGLE_SOURCE_CANDIDATE
EMP-09300,Santander Generales Seguros y Reaseguros,santander.com,Spain,ats-scrapers,6b44a1badc9bfbf5cf176f75265cc5729e520e99,workday,Santander,santander/santandercareers,https://santander.wd3.myworkdayjobs.com/santandercareers,HIGH_CONFIDENCE,SLUG_PLUS_NAME,board slug/host token equals domain company token + compatible names,false,,LEGACY_SUPPORTED,SINGLE_SOURCE_CANDIDATE
EMP-09301,Santander Vida Seguros y Reaseguros,santander.com,Spain,ats-scrapers,6b44a1badc9bfbf5cf176f75265cc5729e520e99,workday,Santander,santander/santandercareers,https://santander.wd3.myworkdayjobs.com/santandercareers,HIGH_CONFIDENCE,SLUG_PLUS_NAME,board slug/host token equals domain company token + compatible names,false,,LEGACY_SUPPORTED,SINGLE_SOURCE_CANDIDATE
EMP-09303,Swiss Re Europe Spain,swissre.com,Spain,ats-scrapers,6b44a1badc9bfbf5cf176f75265cc5729e520e99,successfactors,Swiss Re,careers,https://careers.swissre.com,HIGH_CONFIDENCE,URL_EXACT,internal resolved portal URL equals external board URL,false,,LEGACY_SUPPORTED,SINGLE_SOURCE_CANDIDATE
EMP-09315,DNB Sweden,dnb.no,Sweden,ats-scrapers,6b44a1badc9bfbf5cf176f75265cc5729e520e99,successfactors,Jobb,jobb,https://jobb.dnb.no,HIGH_CONFIDENCE,URL_EXACT,internal resolved portal URL equals external board URL,false,,LEGACY_SUPPORTED,MULTI_SOURCE_CANDIDATE
EMP-09350,SKF,skf.com,Sweden,ats-scrapers,6b44a1badc9bfbf5cf176f75265cc5729e520e99,successfactors,SKF,career,https://career.skf.com,HIGH_CONFIDENCE,URL_EXACT,internal resolved portal URL equals external board URL,false,,LEGACY_SUPPORTED,SINGLE_SOURCE_CANDIDATE
EMP-09353,BAE Systems Hägglunds AB,baesystems.com,Sweden,ats-scrapers,6b44a1badc9bfbf5cf176f75265cc5729e520e99,bamboohr,baesystems,baesystems,https://baesystems.bamboohr.com/careers,HIGH_CONFIDENCE,SLUG_PLUS_NAME,board slug/host token equals domain company token + compatible names,false,,UNSUPPORTED,SINGLE_SOURCE_CANDIDATE
EMP-09418,Vattenfall Eldistribution,group.vattenfall.com,Sweden,ats-scrapers,6b44a1badc9bfbf5cf176f75265cc5729e520e99,smartrecruiters,Vattenfall,Vattenfall,https://careers.smartrecruiters.com/Vattenfall,HIGH_CONFIDENCE,SLUG_PLUS_NAME,board slug/host token equals domain company token + compatible names,false,,LEGACY_SUPPORTED,SINGLE_SOURCE_CANDIDATE
EMP-09434,Chubb Sweden,chubb.com,Sweden,ats-scrapers,6b44a1badc9bfbf5cf176f75265cc5729e520e99,hrmos,Chubb損害保険株式会社,chubb,https://hrmos.co/pages/chubb/jobs,HIGH_CONFIDENCE,SLUG_PLUS_NAME,board slug/host token equals domain company token + compatible names,false,,UNSUPPORTED,SINGLE_SOURCE_CANDIDATE
EMP-09476,Santander Consumer Bank Sweden,santander.com,Sweden,ats-scrapers,6b44a1badc9bfbf5cf176f75265cc5729e520e99,workday,Santander,santander/santandercareers,https://santander.wd3.myworkdayjobs.com/santandercareers,HIGH_CONFIDENCE,SLUG_PLUS_NAME,board slug/host token equals domain company token + compatible names,false,,LEGACY_SUPPORTED,SINGLE_SOURCE_CANDIDATE
EMP-09551,Microsoft Schweiz GmbH,microsoft.com,Switzerland,ats-scrapers,6b44a1badc9bfbf5cf176f75265cc5729e520e99,eightfold,Microsoft,microsoft,https://microsoft.eightfold.ai/careers,HIGH_CONFIDENCE,SLUG_PLUS_NAME,board slug/host token equals domain company token + compatible names,false,,DECLARATIVE_SUPPORTED,MULTI_SOURCE_CANDIDATE
EMP-09551,Microsoft Schweiz GmbH,microsoft.com,Switzerland,ats-scrapers,6b44a1badc9bfbf5cf176f75265cc5729e520e99,smartrecruiters,Microsoft,microsoft,https://careers.smartrecruiters.com/microsoft,HIGH_CONFIDENCE,SLUG_PLUS_NAME,board slug/host token equals domain company token + compatible names,false,,LEGACY_SUPPORTED,MULTI_SOURCE_CANDIDATE
EMP-09551,Microsoft Schweiz GmbH,microsoft.com,Switzerland,ats-scrapers,6b44a1badc9bfbf5cf176f75265cc5729e520e99,workable,Microsoft,microsoft,https://apply.workable.com/microsoft,HIGH_CONFIDENCE,SLUG_PLUS_NAME,board slug/host token equals domain company token + compatible names,false,,UNSUPPORTED,MULTI_SOURCE_CANDIDATE
EMP-09611,Chubb Insurance (Switzerland) Limited,chubb.com,Switzerland,ats-scrapers,6b44a1badc9bfbf5cf176f75265cc5729e520e99,hrmos,Chubb損害保険株式会社,chubb,https://hrmos.co/pages/chubb/jobs,HIGH_CONFIDENCE,SLUG_PLUS_NAME,board slug/host token equals domain company token + compatible names,false,,UNSUPPORTED,SINGLE_SOURCE_CANDIDATE
EMP-09621,GENERALI Allgemeine Versicherungen AG,generali.com,Switzerland,ats-scrapers,6b44a1badc9bfbf5cf176f75265cc5729e520e99,teamtailor,Generali,generali,https://generali.teamtailor.com,HIGH_CONFIDENCE,SLUG_PLUS_NAME,board slug/host token equals domain company token + compatible names,false,,UNSUPPORTED,SINGLE_SOURCE_CANDIDATE
EMP-09622,GENERALI Personenversicherungen AG,generali.com,Switzerland,ats-scrapers,6b44a1badc9bfbf5cf176f75265cc5729e520e99,teamtailor,Generali,generali,https://generali.teamtailor.com,HIGH_CONFIDENCE,SLUG_PLUS_NAME,board slug/host token equals domain company token + compatible names,false,,UNSUPPORTED,SINGLE_SOURCE_CANDIDATE
EMP-09788,MSD Consulting GmbH,merck.com,Switzerland,ats-scrapers,6b44a1badc9bfbf5cf176f75265cc5729e520e99,phenom,Merck,,https://jobs.merck.com,HIGH_CONFIDENCE,URL_EXACT,internal resolved portal URL equals external board URL,false,,LEGACY_SUPPORTED,SINGLE_SOURCE_CANDIDATE
EMP-09856,Airbus Operations Ltd,airbus.com,UK,ats-scrapers,6b44a1badc9bfbf5cf176f75265cc5729e520e99,bamboohr,airbus,airbus,https://airbus.bamboohr.com/careers,HIGH_CONFIDENCE,SLUG_PLUS_NAME,board slug/host token equals domain company token + compatible names,false,,UNSUPPORTED,SINGLE_SOURCE_CANDIDATE
EMP-09987,HSBC Bank Plc,hsbc.com,UK,ats-scrapers,6b44a1badc9bfbf5cf176f75265cc5729e520e99,eightfold,HSBC,hsbc,https://hsbc.eightfold.ai/careers,HIGH_CONFIDENCE,SLUG_PLUS_NAME,board slug/host token equals domain company token + compatible names,false,,DECLARATIVE_SUPPORTED,SINGLE_SOURCE_CANDIDATE
EMP-09988,HSBC Global Banking & Markets,hsbc.com,UK,ats-scrapers,6b44a1badc9bfbf5cf176f75265cc5729e520e99,eightfold,HSBC,hsbc,https://hsbc.eightfold.ai/careers,HIGH_CONFIDENCE,SLUG_PLUS_NAME,board slug/host token equals domain company token + compatible names,false,,DECLARATIVE_SUPPORTED,SINGLE_SOURCE_CANDIDATE
EMP-09989,HSBC Holdings plc,hsbc.com,UK,ats-scrapers,6b44a1badc9bfbf5cf176f75265cc5729e520e99,eightfold,HSBC,hsbc,https://hsbc.eightfold.ai/careers,HIGH_CONFIDENCE,SLUG_PLUS_NAME,board slug/host token equals domain company token + compatible names,false,,DECLARATIVE_SUPPORTED,SINGLE_SOURCE_CANDIDATE
EMP-09990,HSBC Innovation Bank,hsbc.com,UK,ats-scrapers,6b44a1badc9bfbf5cf176f75265cc5729e520e99,eightfold,HSBC,hsbc,https://hsbc.eightfold.ai/careers,HIGH_CONFIDENCE,SLUG_PLUS_NAME,board slug/host token equals domain company token + compatible names,false,,DECLARATIVE_SUPPORTED,SINGLE_SOURCE_CANDIDATE
EMP-09991,HSBC Investment Bank plc,hsbc.com,UK,ats-scrapers,6b44a1badc9bfbf5cf176f75265cc5729e520e99,eightfold,HSBC,hsbc,https://hsbc.eightfold.ai/careers,HIGH_CONFIDENCE,SLUG_PLUS_NAME,board slug/host token equals domain company token + compatible names,false,,DECLARATIVE_SUPPORTED,SINGLE_SOURCE_CANDIDATE
EMP-09992,HSBC Invoice Finance (UK) Ltd,hsbc.com,UK,ats-scrapers,6b44a1badc9bfbf5cf176f75265cc5729e520e99,eightfold,HSBC,hsbc,https://hsbc.eightfold.ai/careers,HIGH_CONFIDENCE,SLUG_PLUS_NAME,board slug/host token equals domain company token + compatible names,false,,DECLARATIVE_SUPPORTED,SINGLE_SOURCE_CANDIDATE
EMP-09993,HSBC Merchant Services,hsbc.com,UK,ats-scrapers,6b44a1badc9bfbf5cf176f75265cc5729e520e99,eightfold,HSBC,hsbc,https://hsbc.eightfold.ai/careers,HIGH_CONFIDENCE,SLUG_PLUS_NAME,board slug/host token equals domain company token + compatible names,false,,DECLARATIVE_SUPPORTED,SINGLE_SOURCE_CANDIDATE
EMP-09994,HSBC Private Bank Limited,hsbc.com,UK,ats-scrapers,6b44a1badc9bfbf5cf176f75265cc5729e520e99,eightfold,HSBC,hsbc,https://hsbc.eightfold.ai/careers,HIGH_CONFIDENCE,SLUG_PLUS_NAME,board slug/host token equals domain company token + compatible names,false,,DECLARATIVE_SUPPORTED,SINGLE_SOURCE_CANDIDATE
EMP-09995,HSBC Trust Company (UK) Ltd,hsbc.com,UK,ats-scrapers,6b44a1badc9bfbf5cf176f75265cc5729e520e99,eightfold,HSBC,hsbc,https://hsbc.eightfold.ai/careers,HIGH_CONFIDENCE,SLUG_PLUS_NAME,board slug/host token equals domain company token + compatible names,false,,DECLARATIVE_SUPPORTED,SINGLE_SOURCE_CANDIDATE
EMP-10047,Morgan Stanley & Co. International PLC,morganstanley.com,UK,ats-scrapers,6b44a1badc9bfbf5cf176f75265cc5729e520e99,eightfold,Morgan Stanley,morganstanley,https://morganstanley.eightfold.ai/careers,HIGH_CONFIDENCE,SLUG_PLUS_NAME,board slug/host token equals domain company token + compatible names,false,,DECLARATIVE_SUPPORTED,MULTI_SOURCE_CANDIDATE
EMP-10047,Morgan Stanley & Co. International PLC,morganstanley.com,UK,ats-scrapers,6b44a1badc9bfbf5cf176f75265cc5729e520e99,smartrecruiters,Morgan stanley,morganstanley,https://careers.smartrecruiters.com/morganstanley,HIGH_CONFIDENCE,SLUG_PLUS_NAME,board slug/host token equals domain company token + compatible names,false,,LEGACY_SUPPORTED,MULTI_SOURCE_CANDIDATE
EMP-10105,Santander Asset Management,santander.com,UK,ats-scrapers,6b44a1badc9bfbf5cf176f75265cc5729e520e99,workday,Santander,santander/santandercareers,https://santander.wd3.myworkdayjobs.com/santandercareers,HIGH_CONFIDENCE,SLUG_PLUS_NAME,board slug/host token equals domain company token + compatible names,false,,LEGACY_SUPPORTED,SINGLE_SOURCE_CANDIDATE
EMP-10106,Santander Invoice Finance,santander.com,UK,ats-scrapers,6b44a1badc9bfbf5cf176f75265cc5729e520e99,workday,Santander,santander/santandercareers,https://santander.wd3.myworkdayjobs.com/santandercareers,HIGH_CONFIDENCE,SLUG_PLUS_NAME,board slug/host token equals domain company token + compatible names,false,,LEGACY_SUPPORTED,SINGLE_SOURCE_CANDIDATE
EMP-10107,Santander Private Banking,santander.com,UK,ats-scrapers,6b44a1badc9bfbf5cf176f75265cc5729e520e99,workday,Santander,santander/santandercareers,https://santander.wd3.myworkdayjobs.com/santandercareers,HIGH_CONFIDENCE,SLUG_PLUS_NAME,board slug/host token equals domain company token + compatible names,false,,LEGACY_SUPPORTED,SINGLE_SOURCE_CANDIDATE
EMP-10108,Santander UK Plc,santander.com,UK,ats-scrapers,6b44a1badc9bfbf5cf176f75265cc5729e520e99,workday,Santander,santander/santandercareers,https://santander.wd3.myworkdayjobs.com/santandercareers,HIGH_CONFIDENCE,SLUG_PLUS_NAME,board slug/host token equals domain company token + compatible names,false,,LEGACY_SUPPORTED,SINGLE_SOURCE_CANDIDATE
EMP-10128,Stripe Payment UK Ltd,stripe.com,UK,ats-scrapers,6b44a1badc9bfbf5cf176f75265cc5729e520e99,greenhouse,Stripe,stripe,https://job-boards.greenhouse.io/stripe,HIGH_CONFIDENCE,URL_EXACT,internal resolved portal URL equals external board URL,false,,LEGACY_SUPPORTED,SINGLE_SOURCE_CANDIDATE
EMP-10140,The Bank of Nova Scotia,scotiabank.com,UK,ats-scrapers,6b44a1badc9bfbf5cf176f75265cc5729e520e99,successfactors,The Bank of Nova Scotia P,jobs,https://jobs.scotiabank.com,HIGH_CONFIDENCE,URL_EXACT,internal resolved portal URL equals external board URL,false,,LEGACY_SUPPORTED,SINGLE_SOURCE_CANDIDATE
EMP-10171,Visa Europe,corporate.visa.com,UK,ats-scrapers,6b44a1badc9bfbf5cf176f75265cc5729e520e99,smartrecruiters,Visa,visa,https://careers.smartrecruiters.com/visa,HIGH_CONFIDENCE,SLUG_PLUS_NAME,board slug/host token equals domain company token + compatible names,false,,LEGACY_SUPPORTED,MULTI_SOURCE_CANDIDATE
EMP-10171,Visa Europe,corporate.visa.com,UK,ats-scrapers,6b44a1badc9bfbf5cf176f75265cc5729e520e99,workday,Visa,visa/visa,https://visa.wd5.myworkdayjobs.com/visa,HIGH_CONFIDENCE,SLUG_PLUS_NAME,board slug/host token equals domain company token + compatible names,false,,LEGACY_SUPPORTED,MULTI_SOURCE_CANDIDATE
EMP-10172,Visa Payments,corporate.visa.com,UK,ats-scrapers,6b44a1badc9bfbf5cf176f75265cc5729e520e99,smartrecruiters,Visa,visa,https://careers.smartrecruiters.com/visa,HIGH_CONFIDENCE,SLUG_PLUS_NAME,board slug/host token equals domain company token + compatible names,false,,LEGACY_SUPPORTED,MULTI_SOURCE_CANDIDATE
EMP-10172,Visa Payments,corporate.visa.com,UK,ats-scrapers,6b44a1badc9bfbf5cf176f75265cc5729e520e99,workday,Visa,visa/visa,https://visa.wd5.myworkdayjobs.com/visa,HIGH_CONFIDENCE,SLUG_PLUS_NAME,board slug/host token equals domain company token + compatible names,false,,LEGACY_SUPPORTED,MULTI_SOURCE_CANDIDATE
EMP-10187,Boeing Defence UK Ltd,boeing.com,UK,ats-scrapers,6b44a1badc9bfbf5cf176f75265cc5729e520e99,workday,Boeing,boeing/external_careers,https://boeing.wd1.myworkdayjobs.com/external_careers,HIGH_CONFIDENCE,SLUG_PLUS_NAME,board slug/host token equals domain company token + compatible names,false,,LEGACY_SUPPORTED,MULTI_SOURCE_CANDIDATE
EMP-10187,Boeing Defence UK Ltd,boeing.com,UK,ats-scrapers,6b44a1badc9bfbf5cf176f75265cc5729e520e99,workday,Boeing,boeing/external_subsidiary,https://boeing.wd1.myworkdayjobs.com/external_subsidiary,HIGH_CONFIDENCE,SLUG_PLUS_NAME,board slug/host token equals domain company token + compatible names,false,,LEGACY_SUPPORTED,MULTI_SOURCE_CANDIDATE
EMP-10187,Boeing Defence UK Ltd,boeing.com,UK,ats-scrapers,6b44a1badc9bfbf5cf176f75265cc5729e520e99,workday,Boeing,boeing/tap3,https://boeing.wd1.myworkdayjobs.com/tap3,HIGH_CONFIDENCE,SLUG_PLUS_NAME,board slug/host token equals domain company token + compatible names,false,,LEGACY_SUPPORTED,MULTI_SOURCE_CANDIDATE
EMP-10277,Ernst & Young,ey.com,UK,ats-scrapers,6b44a1badc9bfbf5cf176f75265cc5729e520e99,moka,EY (Ernst & Young),ey/47410,https://app.mokahr.com/social-recruitment/ey/47410,HIGH_CONFIDENCE,SLUG_PLUS_NAME,board slug/host token equals domain company token + compatible names,false,,UNSUPPORTED,MULTI_SOURCE_CANDIDATE
EMP-10277,Ernst & Young,ey.com,UK,ats-scrapers,6b44a1badc9bfbf5cf176f75265cc5729e520e99,successfactors,Careers at EY: search jobs,EYHRISPRD1,https://careers.ey.com,HIGH_CONFIDENCE,URL_EXACT,internal resolved portal URL equals external board URL,false,,LEGACY_SUPPORTED,MULTI_SOURCE_CANDIDATE
EMP-10348,Total Energies Gas & Power,totalenergies.com,UK,ats-scrapers,6b44a1badc9bfbf5cf176f75265cc5729e520e99,bamboohr,totalenergies,totalenergies,https://totalenergies.bamboohr.com/careers,HIGH_CONFIDENCE,SLUG_PLUS_NAME,board slug/host token equals domain company token + compatible names,false,,UNSUPPORTED,MULTI_SOURCE_CANDIDATE
EMP-10348,Total Energies Gas & Power,totalenergies.com,UK,ats-scrapers,6b44a1badc9bfbf5cf176f75265cc5729e520e99,moka,TotalEnergies,totalenergies/100441,https://app.mokahr.com/social-recruitment/totalenergies/100441,HIGH_CONFIDENCE,SLUG_PLUS_NAME,board slug/host token equals domain company token + compatible names,false,,UNSUPPORTED,MULTI_SOURCE_CANDIDATE
EMP-10357,Vattenfall Heat UK,group.vattenfall.com,UK,ats-scrapers,6b44a1badc9bfbf5cf176f75265cc5729e520e99,smartrecruiters,Vattenfall,Vattenfall,https://careers.smartrecruiters.com/Vattenfall,HIGH_CONFIDENCE,SLUG_PLUS_NAME,board slug/host token equals domain company token + compatible names,false,,LEGACY_SUPPORTED,SINGLE_SOURCE_CANDIDATE
EMP-10384,Eli Lilly and Company Limited,lilly.com,UK,ats-scrapers,6b44a1badc9bfbf5cf176f75265cc5729e520e99,phenom,Lilly,,https://careers.lilly.com,HIGH_CONFIDENCE,URL_EXACT,internal resolved portal URL equals external board URL,false,,LEGACY_SUPPORTED,MULTI_SOURCE_CANDIDATE
EMP-10384,Eli Lilly and Company Limited,lilly.com,UK,ats-scrapers,6b44a1badc9bfbf5cf176f75265cc5729e520e99,workday,Lilly,lilly/cmp,https://lilly.wd5.myworkdayjobs.com/cmp,HIGH_CONFIDENCE,SLUG_PLUS_NAME,board slug/host token equals domain company token + compatible names,false,,LEGACY_SUPPORTED,MULTI_SOURCE_CANDIDATE
EMP-10384,Eli Lilly and Company Limited,lilly.com,UK,ats-scrapers,6b44a1badc9bfbf5cf176f75265cc5729e520e99,workday,Lilly,lilly/lly,https://lilly.wd5.myworkdayjobs.com/lly,HIGH_CONFIDENCE,SLUG_PLUS_NAME,board slug/host token equals domain company token + compatible names,false,,LEGACY_SUPPORTED,MULTI_SOURCE_CANDIDATE
EMP-10396,Merck Sharp & Dohme Limited,merck.com,UK,ats-scrapers,6b44a1badc9bfbf5cf176f75265cc5729e520e99,phenom,Merck,,https://jobs.merck.com,HIGH_CONFIDENCE,URL_EXACT,internal resolved portal URL equals external board URL,false,,LEGACY_SUPPORTED,SINGLE_SOURCE_CANDIDATE
EMP-10398,Novartis Pharmaceuticals UK Limited,novartis.com,UK,ats-scrapers,6b44a1badc9bfbf5cf176f75265cc5729e520e99,workday,Novartis,novartis/novartis_careers,https://novartis.wd3.myworkdayjobs.com/novartis_careers,HIGH_CONFIDENCE,SLUG_PLUS_NAME,board slug/host token equals domain company token + compatible names,false,,LEGACY_SUPPORTED,MULTI_SOURCE_CANDIDATE
EMP-10410,Takeda UK Limited,takeda.com,UK,ats-scrapers,6b44a1badc9bfbf5cf176f75265cc5729e520e99,workday,Takeda,takeda/external,https://takeda.wd3.myworkdayjobs.com/external,HIGH_CONFIDENCE,SLUG_PLUS_NAME,board slug/host token equals domain company token + compatible names,false,,LEGACY_SUPPORTED,SINGLE_SOURCE_CANDIDATE
EMP-10479,Airbus Defence and Space – Space Systems,airbus.com,UK / Ireland,ats-scrapers,6b44a1badc9bfbf5cf176f75265cc5729e520e99,bamboohr,airbus,airbus,https://airbus.bamboohr.com/careers,HIGH_CONFIDENCE,SLUG_PLUS_NAME,board slug/host token equals domain company token + compatible names,false,,UNSUPPORTED,SINGLE_SOURCE_CANDIDATE
EMP-10562,Babcock International Group PLC,babcockinternational.com,UK / Ireland | Australia,ats-scrapers,6b44a1badc9bfbf5cf176f75265cc5729e520e99,successfactors,Babcock,jobs,https://jobs.babcockinternational.com,HIGH_CONFIDENCE,URL_EXACT,internal resolved portal URL equals external board URL,false,,LEGACY_SUPPORTED,SINGLE_SOURCE_CANDIDATE
EMP-10563,Airbus Helicopters,airbus.com,UK / Ireland | France,ats-scrapers,6b44a1badc9bfbf5cf176f75265cc5729e520e99,bamboohr,airbus,airbus,https://airbus.bamboohr.com/careers,HIGH_CONFIDENCE,SLUG_PLUS_NAME,board slug/host token equals domain company token + compatible names,false,,UNSUPPORTED,SINGLE_SOURCE_CANDIDATE
EMP-10590,Shell Energy,shell.com,UK | Netherlands,ats-scrapers,6b44a1badc9bfbf5cf176f75265cc5729e520e99,workday,Work at Shell,shell/shellcareers,https://shell.wd3.myworkdayjobs.com/shellcareers,HIGH_CONFIDENCE,URL_EXACT,internal resolved portal URL equals external board URL,false,,LEGACY_SUPPORTED,MULTI_SOURCE_CANDIDATE
EMP-10593,Banco Santander,santander.com,UK | Spain,ats-scrapers,6b44a1badc9bfbf5cf176f75265cc5729e520e99,workday,Santander,santander/santandercareers,https://santander.wd3.myworkdayjobs.com/santandercareers,HIGH_CONFIDENCE,SLUG_PLUS_NAME,board slug/host token equals domain company token + compatible names,false,,LEGACY_SUPPORTED,SINGLE_SOURCE_CANDIDATE
EMP-10599,"Airbus Americas, Inc.",airbus.com,USA,ats-scrapers,6b44a1badc9bfbf5cf176f75265cc5729e520e99,bamboohr,airbus,airbus,https://airbus.bamboohr.com/careers,HIGH_CONFIDENCE,SLUG_PLUS_NAME,board slug/host token equals domain company token + compatible names,false,,UNSUPPORTED,SINGLE_SOURCE_CANDIDATE
EMP-10697,Siemens Government Technology Group,siemens.com,USA,ats-scrapers,6b44a1badc9bfbf5cf176f75265cc5729e520e99,teamtailor,Siemens,siemens,https://siemens.teamtailor.com,HIGH_CONFIDENCE,SLUG_PLUS_NAME,board slug/host token equals domain company token + compatible names,false,,UNSUPPORTED,SINGLE_SOURCE_CANDIDATE
EMP-10718,Honeywell Aerospace,honeywell.com,USA,ats-scrapers,6b44a1badc9bfbf5cf176f75265cc5729e520e99,oracle,Honeywell,ibqbjb,https://ibqbjb.fa.ocs.oraclecloud.com/hcmUI/CandidateExperience/en/sites/CX_1,HIGH_CONFIDENCE,URL_EXACT,internal resolved portal URL equals external board URL,false,,LEGACY_SUPPORTED,MULTI_SOURCE_CANDIDATE
EMP-10718,Honeywell Aerospace,honeywell.com,USA,ats-scrapers,6b44a1badc9bfbf5cf176f75265cc5729e520e99,smartrecruiters,Honeywell,honeywell,https://careers.smartrecruiters.com/honeywell,HIGH_CONFIDENCE,SLUG_PLUS_NAME,board slug/host token equals domain company token + compatible names,false,,LEGACY_SUPPORTED,MULTI_SOURCE_CANDIDATE
EMP-10722,Palantir Technologies Inc.,palantir.com,USA,ats-scrapers,6b44a1badc9bfbf5cf176f75265cc5729e520e99,bamboohr,Palantir,palantir,https://palantir.bamboohr.com/careers,HIGH_CONFIDENCE,SLUG_PLUS_NAME,board slug/host token equals domain company token + compatible names,false,,UNSUPPORTED,MULTI_SOURCE_CANDIDATE
EMP-10722,Palantir Technologies Inc.,palantir.com,USA,ats-scrapers,6b44a1badc9bfbf5cf176f75265cc5729e520e99,lever,Palantir Technologies,palantir,https://jobs.lever.co/palantir,HIGH_CONFIDENCE,SLUG_PLUS_NAME,board slug/host token equals domain company token + compatible names,false,,LEGACY_SUPPORTED,MULTI_SOURCE_CANDIDATE
EMP-10722,Palantir Technologies Inc.,palantir.com,USA,ats-scrapers,6b44a1badc9bfbf5cf176f75265cc5729e520e99,smartrecruiters,Palantir,palantir,https://careers.smartrecruiters.com/palantir,HIGH_CONFIDENCE,SLUG_PLUS_NAME,board slug/host token equals domain company token + compatible names,false,,LEGACY_SUPPORTED,MULTI_SOURCE_CANDIDATE
EMP-10723,Textron Inc.,textron.com,USA,ats-scrapers,6b44a1badc9bfbf5cf176f75265cc5729e520e99,jazzhr,textron,textron,https://textron.applytojob.com,HIGH_CONFIDENCE,SLUG_PLUS_NAME,board slug/host token equals domain company token + compatible names,false,,UNSUPPORTED,SINGLE_SOURCE_CANDIDATE
EMP-10742,"SAP America, Inc.",sap.com,USA,ats-scrapers,6b44a1badc9bfbf5cf176f75265cc5729e520e99,successfactors,SAP,jobs,https://jobs.sap.com,HIGH_CONFIDENCE,URL_EXACT,internal resolved portal URL equals external board URL,false,,LEGACY_SUPPORTED,MULTI_SOURCE_CANDIDATE
EMP-10748,The Boeing Company,boeing.com,USA,ats-scrapers,6b44a1badc9bfbf5cf176f75265cc5729e520e99,workday,Boeing,boeing/external_careers,https://boeing.wd1.myworkdayjobs.com/external_careers,HIGH_CONFIDENCE,SLUG_PLUS_NAME,board slug/host token equals domain company token + compatible names,false,,LEGACY_SUPPORTED,MULTI_SOURCE_CANDIDATE
EMP-10748,The Boeing Company,boeing.com,USA,ats-scrapers,6b44a1badc9bfbf5cf176f75265cc5729e520e99,workday,Boeing,boeing/external_subsidiary,https://boeing.wd1.myworkdayjobs.com/external_subsidiary,HIGH_CONFIDENCE,SLUG_PLUS_NAME,board slug/host token equals domain company token + compatible names,false,,LEGACY_SUPPORTED,MULTI_SOURCE_CANDIDATE
EMP-10748,The Boeing Company,boeing.com,USA,ats-scrapers,6b44a1badc9bfbf5cf176f75265cc5729e520e99,workday,Boeing,boeing/tap3,https://boeing.wd1.myworkdayjobs.com/tap3,HIGH_CONFIDENCE,SLUG_PLUS_NAME,board slug/host token equals domain company token + compatible names,false,,LEGACY_SUPPORTED,MULTI_SOURCE_CANDIDATE
EMP-10768,Magna,magna.com,USA,ats-scrapers,6b44a1badc9bfbf5cf176f75265cc5729e520e99,personio,magna,magna,https://magna.jobs.personio.com,HIGH_CONFIDENCE,SLUG_PLUS_NAME,board slug/host token equals domain company token + compatible names,false,,UNSUPPORTED,MULTI_SOURCE_CANDIDATE
EMP-10768,Magna,magna.com,USA,ats-scrapers,6b44a1badc9bfbf5cf176f75265cc5729e520e99,workday,Magna,magna/magna,https://magna.wd3.myworkdayjobs.com/magna,HIGH_CONFIDENCE,SLUG_PLUS_NAME,board slug/host token equals domain company token + compatible names,false,,LEGACY_SUPPORTED,MULTI_SOURCE_CANDIDATE
EMP-10775,Porsche,volkswagen-group.com,USA,ats-scrapers,6b44a1badc9bfbf5cf176f75265cc5729e520e99,successfactors,Your job at the Volkswagen Group,VWAGLPPROD10,https://jobs.volkswagen-group.com,HIGH_CONFIDENCE,URL_EXACT,internal resolved portal URL equals external board URL,false,,LEGACY_SUPPORTED,SINGLE_SOURCE_CANDIDATE
EMP-10785,Texas Instruments,ti.com,USA,ats-scrapers,6b44a1badc9bfbf5cf176f75265cc5729e520e99,moka,Texas Instruments,ti/143985,https://app.mokahr.com/social-recruitment/ti/143985,HIGH_CONFIDENCE,SLUG_PLUS_NAME,board slug/host token equals domain company token + compatible names,false,,UNSUPPORTED,MULTI_SOURCE_CANDIDATE
EMP-10829,BlackRock,blackrock.com,USA,ats-scrapers,6b44a1badc9bfbf5cf176f75265cc5729e520e99,bamboohr,blackrock,blackrock,https://blackrock.bamboohr.com/careers,HIGH_CONFIDENCE,SLUG_PLUS_NAME,board slug/host token equals domain company token + compatible names,false,,UNSUPPORTED,MULTI_SOURCE_CANDIDATE
EMP-10829,BlackRock,blackrock.com,USA,ats-scrapers,6b44a1badc9bfbf5cf176f75265cc5729e520e99,workday,Blackrock,blackrock/blackrock_professional,https://blackrock.wd1.myworkdayjobs.com/blackrock_professional,HIGH_CONFIDENCE,SLUG_PLUS_NAME,board slug/host token equals domain company token + compatible names,false,,LEGACY_SUPPORTED,MULTI_SOURCE_CANDIDATE
EMP-10899,Eli Lilly,lilly.com,USA,ats-scrapers,6b44a1badc9bfbf5cf176f75265cc5729e520e99,phenom,Lilly,,https://careers.lilly.com,HIGH_CONFIDENCE,URL_EXACT,internal resolved portal URL equals external board URL,false,,LEGACY_SUPPORTED,MULTI_SOURCE_CANDIDATE
EMP-10899,Eli Lilly,lilly.com,USA,ats-scrapers,6b44a1badc9bfbf5cf176f75265cc5729e520e99,workday,Lilly,lilly/cmp,https://lilly.wd5.myworkdayjobs.com/cmp,HIGH_CONFIDENCE,SLUG_PLUS_NAME,board slug/host token equals domain company token + compatible names,false,,LEGACY_SUPPORTED,MULTI_SOURCE_CANDIDATE
EMP-10899,Eli Lilly,lilly.com,USA,ats-scrapers,6b44a1badc9bfbf5cf176f75265cc5729e520e99,workday,Lilly,lilly/lly,https://lilly.wd5.myworkdayjobs.com/lly,HIGH_CONFIDENCE,SLUG_PLUS_NAME,board slug/host token equals domain company token + compatible names,false,,LEGACY_SUPPORTED,MULTI_SOURCE_CANDIDATE
EMP-10947,Honeywell Technologies,honeywell.com,USA,ats-scrapers,6b44a1badc9bfbf5cf176f75265cc5729e520e99,oracle,Honeywell,ibqbjb,https://ibqbjb.fa.ocs.oraclecloud.com/hcmUI/CandidateExperience/en/sites/CX_1,HIGH_CONFIDENCE,URL_EXACT,internal resolved portal URL equals external board URL,false,,LEGACY_SUPPORTED,MULTI_SOURCE_CANDIDATE
EMP-10947,Honeywell Technologies,honeywell.com,USA,ats-scrapers,6b44a1badc9bfbf5cf176f75265cc5729e520e99,smartrecruiters,Honeywell,honeywell,https://careers.smartrecruiters.com/honeywell,HIGH_CONFIDENCE,SLUG_PLUS_NAME,board slug/host token equals domain company token + compatible names,false,,LEGACY_SUPPORTED,MULTI_SOURCE_CANDIDATE
EMP-10950,HP Inc.,hp.com,USA,ats-scrapers,6b44a1badc9bfbf5cf176f75265cc5729e520e99,eightfold,HP,hp,https://hp.eightfold.ai/careers,HIGH_CONFIDENCE,DOMAIN_EXACT,eightfold registry domain equals internal corporate domain,false,,DECLARATIVE_SUPPORTED,MULTI_SOURCE_CANDIDATE
EMP-11010,Morgan Stanley,morganstanley.com,USA,ats-scrapers,6b44a1badc9bfbf5cf176f75265cc5729e520e99,eightfold,Morgan Stanley,morganstanley,https://morganstanley.eightfold.ai/careers,HIGH_CONFIDENCE,SLUG_PLUS_NAME,board slug/host token equals domain company token + compatible names,false,,DECLARATIVE_SUPPORTED,MULTI_SOURCE_CANDIDATE
EMP-11010,Morgan Stanley,morganstanley.com,USA,ats-scrapers,6b44a1badc9bfbf5cf176f75265cc5729e520e99,smartrecruiters,Morgan stanley,morganstanley,https://careers.smartrecruiters.com/morganstanley,HIGH_CONFIDENCE,SLUG_PLUS_NAME,board slug/host token equals domain company token + compatible names,false,,LEGACY_SUPPORTED,MULTI_SOURCE_CANDIDATE
EMP-11137,Huntington Ingalls Industries,hii.com,USA,ats-scrapers,6b44a1badc9bfbf5cf176f75265cc5729e520e99,successfactors,HII - Build Your Career,huntingt01P2,https://careers.huntingtoningalls.com,HIGH_CONFIDENCE,URL_EXACT,internal resolved portal URL equals external board URL,false,,LEGACY_SUPPORTED,SINGLE_SOURCE_CANDIDATE
EMP-11139,Truist Financial,truist.com,USA,ats-scrapers,6b44a1badc9bfbf5cf176f75265cc5729e520e99,workday,Truist,truist/careers,https://truist.wd1.myworkdayjobs.com/careers,HIGH_CONFIDENCE,SLUG_PLUS_NAME,board slug/host token equals domain company token + compatible names,false,,LEGACY_SUPPORTED,SINGLE_SOURCE_CANDIDATE
EMP-11145,Charter Communications,corporate.charter.com,USA,ats-scrapers,6b44a1badc9bfbf5cf176f75265cc5729e520e99,bamboohr,charter,charter,https://charter.bamboohr.com/careers,HIGH_CONFIDENCE,SLUG_PLUS_NAME,board slug/host token equals domain company token + compatible names,false,,UNSUPPORTED,SINGLE_SOURCE_CANDIDATE
EMP-11146,Broadcom,broadcom.com,USA,ats-scrapers,6b44a1badc9bfbf5cf176f75265cc5729e520e99,workday,Broadcom,broadcom/external_career,https://broadcom.wd1.myworkdayjobs.com/external_career,HIGH_CONFIDENCE,SLUG_PLUS_NAME,board slug/host token equals domain company token + compatible names,false,,LEGACY_SUPPORTED,SINGLE_SOURCE_CANDIDATE
EMP-11156,Accenture Federal Services,accenture.com,USA,ats-scrapers,6b44a1badc9bfbf5cf176f75265cc5729e520e99,bamboohr,accenture,accenture,https://accenture.bamboohr.com/careers,HIGH_CONFIDENCE,SLUG_PLUS_NAME,board slug/host token equals domain company token + compatible names,false,,UNSUPPORTED,MULTI_SOURCE_CANDIDATE
EMP-11156,Accenture Federal Services,accenture.com,USA,ats-scrapers,6b44a1badc9bfbf5cf176f75265cc5729e520e99,breezy,Accenture,accenture,https://accenture.breezy.hr,HIGH_CONFIDENCE,SLUG_PLUS_NAME,board slug/host token equals domain company token + compatible names,false,,UNSUPPORTED,MULTI_SOURCE_CANDIDATE
EMP-11156,Accenture Federal Services,accenture.com,USA,ats-scrapers,6b44a1badc9bfbf5cf176f75265cc5729e520e99,join_com,Accenture,accenture,https://join.com/companies/accenture,HIGH_CONFIDENCE,SLUG_PLUS_NAME,board slug/host token equals domain company token + compatible names,false,,UNSUPPORTED,MULTI_SOURCE_CANDIDATE
EMP-11156,Accenture Federal Services,accenture.com,USA,ats-scrapers,6b44a1badc9bfbf5cf176f75265cc5729e520e99,pinpoint,Accenture,accenture,https://accenture.pinpointhq.com,HIGH_CONFIDENCE,SLUG_PLUS_NAME,board slug/host token equals domain company token + compatible names,false,,UNSUPPORTED,MULTI_SOURCE_CANDIDATE
EMP-11156,Accenture Federal Services,accenture.com,USA,ats-scrapers,6b44a1badc9bfbf5cf176f75265cc5729e520e99,smartrecruiters,accenture,accenture,https://careers.smartrecruiters.com/accenture,HIGH_CONFIDENCE,SLUG_PLUS_NAME,board slug/host token equals domain company token + compatible names,false,,LEGACY_SUPPORTED,MULTI_SOURCE_CANDIDATE
EMP-11156,Accenture Federal Services,accenture.com,USA,ats-scrapers,6b44a1badc9bfbf5cf176f75265cc5729e520e99,workable,Accenture,accenture,https://apply.workable.com/accenture,HIGH_CONFIDENCE,SLUG_PLUS_NAME,board slug/host token equals domain company token + compatible names,false,,UNSUPPORTED,MULTI_SOURCE_CANDIDATE
EMP-11156,Accenture Federal Services,accenture.com,USA,ats-scrapers,6b44a1badc9bfbf5cf176f75265cc5729e520e99,workday,Accenture,accenture/accenturecareers,https://accenture.wd103.myworkdayjobs.com/accenturecareers,HIGH_CONFIDENCE,SLUG_PLUS_NAME,board slug/host token equals domain company token + compatible names,false,,LEGACY_SUPPORTED,MULTI_SOURCE_CANDIDATE
EMP-11195,"Airbus U.S. Space & Defense, Inc.",airbus.com,USA,ats-scrapers,6b44a1badc9bfbf5cf176f75265cc5729e520e99,bamboohr,airbus,airbus,https://airbus.bamboohr.com/careers,HIGH_CONFIDENCE,SLUG_PLUS_NAME,board slug/host token equals domain company token + compatible names,false,,UNSUPPORTED,SINGLE_SOURCE_CANDIDATE
EMP-11243,BAE Systems OneARC,baesystems.com,USA,ats-scrapers,6b44a1badc9bfbf5cf176f75265cc5729e520e99,bamboohr,baesystems,baesystems,https://baesystems.bamboohr.com/careers,HIGH_CONFIDENCE,SLUG_PLUS_NAME,board slug/host token equals domain company token + compatible names,false,,UNSUPPORTED,SINGLE_SOURCE_CANDIDATE
EMP-12046,SAP National Security Services,sap.com,USA,ats-scrapers,6b44a1badc9bfbf5cf176f75265cc5729e520e99,successfactors,SAP,jobs,https://jobs.sap.com,HIGH_CONFIDENCE,URL_EXACT,internal resolved portal URL equals external board URL,false,,LEGACY_SUPPORTED,MULTI_SOURCE_CANDIDATE
EMP-12090,"Siemens Medical Solutions USA, Inc.",siemens.com,USA,ats-scrapers,6b44a1badc9bfbf5cf176f75265cc5729e520e99,teamtailor,Siemens,siemens,https://siemens.teamtailor.com,HIGH_CONFIDENCE,SLUG_PLUS_NAME,board slug/host token equals domain company token + compatible names,false,,UNSUPPORTED,SINGLE_SOURCE_CANDIDATE
EMP-12412,Eli Lilly and Company,lilly.com,USA,ats-scrapers,6b44a1badc9bfbf5cf176f75265cc5729e520e99,phenom,Lilly,,https://careers.lilly.com,HIGH_CONFIDENCE,URL_EXACT,internal resolved portal URL equals external board URL,false,,LEGACY_SUPPORTED,MULTI_SOURCE_CANDIDATE
EMP-12412,Eli Lilly and Company,lilly.com,USA,ats-scrapers,6b44a1badc9bfbf5cf176f75265cc5729e520e99,workday,Lilly,lilly/cmp,https://lilly.wd5.myworkdayjobs.com/cmp,HIGH_CONFIDENCE,SLUG_PLUS_NAME,board slug/host token equals domain company token + compatible names,false,,LEGACY_SUPPORTED,MULTI_SOURCE_CANDIDATE
EMP-12412,Eli Lilly and Company,lilly.com,USA,ats-scrapers,6b44a1badc9bfbf5cf176f75265cc5729e520e99,workday,Lilly,lilly/lly,https://lilly.wd5.myworkdayjobs.com/lly,HIGH_CONFIDENCE,SLUG_PLUS_NAME,board slug/host token equals domain company token + compatible names,false,,LEGACY_SUPPORTED,MULTI_SOURCE_CANDIDATE
EMP-12415,Novartis,novartis.com,USA,ats-scrapers,6b44a1badc9bfbf5cf176f75265cc5729e520e99,workday,Novartis (Internal Careers for Acquired Entities),novartis/Internal_Careers_for_Acquired_Entities,https://novartis.wd3.myworkdayjobs.com/Internal_Careers_for_Acquired_Entities,HIGH_CONFIDENCE,SLUG_PLUS_NAME,board slug/host token equals domain company token + compatible names,false,,LEGACY_SUPPORTED,MULTI_SOURCE_CANDIDATE
EMP-12415,Novartis,novartis.com,USA,ats-scrapers,6b44a1badc9bfbf5cf176f75265cc5729e520e99,workday,Novartis,novartis/novartis_careers,https://novartis.wd3.myworkdayjobs.com/novartis_careers,HIGH_CONFIDENCE,SLUG_PLUS_NAME,board slug/host token equals domain company token + compatible names,false,,LEGACY_SUPPORTED,MULTI_SOURCE_CANDIDATE
EMP-12418,Takeda,takeda.com,USA,ats-scrapers,6b44a1badc9bfbf5cf176f75265cc5729e520e99,workday,Takeda,takeda/external,https://takeda.wd3.myworkdayjobs.com/external,HIGH_CONFIDENCE,SLUG_PLUS_NAME,board slug/host token equals domain company token + compatible names,false,,LEGACY_SUPPORTED,SINGLE_SOURCE_CANDIDATE
EMP-12422,Merck & Co.,merck.com,USA,ats-scrapers,6b44a1badc9bfbf5cf176f75265cc5729e520e99,phenom,Merck,,https://jobs.merck.com,HIGH_CONFIDENCE,URL_EXACT,internal resolved portal URL equals external board URL,false,,LEGACY_SUPPORTED,SINGLE_SOURCE_CANDIDATE
EMP-12432,NVIDIA,nvidia.com,USA,ats-scrapers,6b44a1badc9bfbf5cf176f75265cc5729e520e99,eightfold,NVIDIA Corporation,nvidia,https://nvidia.eightfold.ai/careers,HIGH_CONFIDENCE,SLUG_PLUS_NAME,board slug/host token equals domain company token + compatible names,false,,DECLARATIVE_SUPPORTED,MULTI_SOURCE_CANDIDATE
EMP-12432,NVIDIA,nvidia.com,USA,ats-scrapers,6b44a1badc9bfbf5cf176f75265cc5729e520e99,smartrecruiters,NVIDIA,nvidia,https://careers.smartrecruiters.com/nvidia,HIGH_CONFIDENCE,SLUG_PLUS_NAME,board slug/host token equals domain company token + compatible names,false,,LEGACY_SUPPORTED,MULTI_SOURCE_CANDIDATE
EMP-12432,NVIDIA,nvidia.com,USA,ats-scrapers,6b44a1badc9bfbf5cf176f75265cc5729e520e99,workday,NVIDIA,nvidia/nvidiaexternalcareersite,https://nvidia.wd5.myworkdayjobs.com/nvidiaexternalcareersite,HIGH_CONFIDENCE,SLUG_PLUS_NAME,board slug/host token equals domain company token + compatible names,false,,LEGACY_SUPPORTED,MULTI_SOURCE_CANDIDATE
EMP-12438,BAE Systems,baesystems.com,USA | Australia | Multi-region | Canada,ats-scrapers,6b44a1badc9bfbf5cf176f75265cc5729e520e99,bamboohr,baesystems,baesystems,https://baesystems.bamboohr.com/careers,HIGH_CONFIDENCE,SLUG_PLUS_NAME,board slug/host token equals domain company token + compatible names,false,,UNSUPPORTED,SINGLE_SOURCE_CANDIDATE
EMP-12450,"KPMG, LLP",kpmg.com,USA | Canada,ats-scrapers,6b44a1badc9bfbf5cf176f75265cc5729e520e99,lever,KPMG LLP,kpmg,https://jobs.lever.co/kpmg,HIGH_CONFIDENCE,SLUG_PLUS_NAME,board slug/host token equals domain company token + compatible names,false,,LEGACY_SUPPORTED,MULTI_SOURCE_CANDIDATE
EMP-12450,"KPMG, LLP",kpmg.com,USA | Canada,ats-scrapers,6b44a1badc9bfbf5cf176f75265cc5729e520e99,moka,KPMG,kpmg/74216,https://app.mokahr.com/social-recruitment/kpmg/74216,HIGH_CONFIDENCE,SLUG_PLUS_NAME,board slug/host token equals domain company token + compatible names,false,,UNSUPPORTED,MULTI_SOURCE_CANDIDATE
EMP-12450,"KPMG, LLP",kpmg.com,USA | Canada,ats-scrapers,6b44a1badc9bfbf5cf176f75265cc5729e520e99,successfactors,Kpmg,KPMGHITPRD,https://careers.kpmg.it,HIGH_CONFIDENCE,URL_EXACT,internal resolved portal URL equals external board URL,false,,LEGACY_SUPPORTED,MULTI_SOURCE_CANDIDATE
EMP-12451,Ernst & Young LLP,ey.com,USA | Canada,ats-scrapers,6b44a1badc9bfbf5cf176f75265cc5729e520e99,successfactors,Careers at EY: search jobs,EYHRISPRD1,https://careers.ey.com,HIGH_CONFIDENCE,URL_EXACT,internal resolved portal URL equals external board URL,false,,LEGACY_SUPPORTED,MULTI_SOURCE_CANDIDATE
EMP-12452,Amazon,amazon.com,USA | EU / Europe,ats-scrapers,6b44a1badc9bfbf5cf176f75265cc5729e520e99,breezy,Amazon,amazon,https://amazon.breezy.hr,HIGH_CONFIDENCE,SLUG_PLUS_NAME,board slug/host token equals domain company token + compatible names,false,,UNSUPPORTED,MULTI_SOURCE_CANDIDATE
EMP-12452,Amazon,amazon.com,USA | EU / Europe,ats-scrapers,6b44a1badc9bfbf5cf176f75265cc5729e520e99,personio,amazon,amazon,https://amazon.jobs.personio.com,HIGH_CONFIDENCE,SLUG_PLUS_NAME,board slug/host token equals domain company token + compatible names,false,,UNSUPPORTED,MULTI_SOURCE_CANDIDATE
EMP-12452,Amazon,amazon.com,USA | EU / Europe,ats-scrapers,6b44a1badc9bfbf5cf176f75265cc5729e520e99,smartrecruiters,Amazon,amazon,https://careers.smartrecruiters.com/amazon,HIGH_CONFIDENCE,SLUG_PLUS_NAME,board slug/host token equals domain company token + compatible names,false,,LEGACY_SUPPORTED,MULTI_SOURCE_CANDIDATE
EMP-12452,Amazon,amazon.com,USA | EU / Europe,ats-scrapers,6b44a1badc9bfbf5cf176f75265cc5729e520e99,workable,Amazon,amazon,https://apply.workable.com/amazon,HIGH_CONFIDENCE,SLUG_PLUS_NAME,board slug/host token equals domain company token + compatible names,false,,UNSUPPORTED,MULTI_SOURCE_CANDIDATE
EMP-12455,Intel,intel.com,USA | EU / Europe,ats-scrapers,6b44a1badc9bfbf5cf176f75265cc5729e520e99,teamtailor,Intel,intel,https://intel.teamtailor.com,HIGH_CONFIDENCE,SLUG_PLUS_NAME,board slug/host token equals domain company token + compatible names,false,,UNSUPPORTED,MULTI_SOURCE_CANDIDATE
EMP-12455,Intel,intel.com,USA | EU / Europe,ats-scrapers,6b44a1badc9bfbf5cf176f75265cc5729e520e99,workday,Intel,intel/external,https://intel.wd1.myworkdayjobs.com/external,HIGH_CONFIDENCE,SLUG_PLUS_NAME,board slug/host token equals domain company token + compatible names,false,,LEGACY_SUPPORTED,MULTI_SOURCE_CANDIDATE
EMP-12457,Cisco,cisco.com,USA | Europe | Italy,ats-scrapers,6b44a1badc9bfbf5cf176f75265cc5729e520e99,workday,Cisco,cisco/cisco_careers,https://cisco.wd5.myworkdayjobs.com/cisco_careers,HIGH_CONFIDENCE,SLUG_PLUS_NAME,board slug/host token equals domain company token + compatible names,false,,LEGACY_SUPPORTED,SINGLE_SOURCE_CANDIDATE
EMP-12459,Volkswagen,volkswagen-group.com,USA | Germany,ats-scrapers,6b44a1badc9bfbf5cf176f75265cc5729e520e99,successfactors,Your job at the Volkswagen Group,VWAGLPPROD10,https://jobs.volkswagen-group.com,HIGH_CONFIDENCE,URL_EXACT,internal resolved portal URL equals external board URL,false,,LEGACY_SUPPORTED,SINGLE_SOURCE_CANDIDATE
EMP-12467,Leidos Corporation,leidos.com,USA | Multi-region,ats-scrapers,6b44a1badc9bfbf5cf176f75265cc5729e520e99,bamboohr,leidos,leidos,https://leidos.bamboohr.com/careers,HIGH_CONFIDENCE,SLUG_PLUS_NAME,board slug/host token equals domain company token + compatible names,false,,UNSUPPORTED,MULTI_SOURCE_CANDIDATE
EMP-12467,Leidos Corporation,leidos.com,USA | Multi-region,ats-scrapers,6b44a1badc9bfbf5cf176f75265cc5729e520e99,workday,Leidos,leidos/external,https://leidos.wd5.myworkdayjobs.com/external,HIGH_CONFIDENCE,SLUG_PLUS_NAME,board slug/host token equals domain company token + compatible names,false,,LEGACY_SUPPORTED,MULTI_SOURCE_CANDIDATE
EMP-12468,Eaton Corporation,eaton.com,USA | Multi-region,ats-scrapers,6b44a1badc9bfbf5cf176f75265cc5729e520e99,eightfold,Eaton,eaton,https://eaton.eightfold.ai/careers,HIGH_CONFIDENCE,URL_EXACT,internal resolved portal URL equals external board URL,false,,DECLARATIVE_SUPPORTED,SINGLE_SOURCE_CANDIDATE
EMP-12469,Aptiv,aptiv.com,USA | Multi-region,ats-scrapers,6b44a1badc9bfbf5cf176f75265cc5729e520e99,join_com,Aptiv Services Deutschland GmbH,aptiv,https://join.com/companies/aptiv,HIGH_CONFIDENCE,SLUG_PLUS_NAME,board slug/host token equals domain company token + compatible names,false,,UNSUPPORTED,MULTI_SOURCE_CANDIDATE
EMP-12469,Aptiv,aptiv.com,USA | Multi-region,ats-scrapers,6b44a1badc9bfbf5cf176f75265cc5729e520e99,workday,Aptiv,aptiv/aptiv_careers,https://aptiv.wd5.myworkdayjobs.com/aptiv_careers,HIGH_CONFIDENCE,SLUG_PLUS_NAME,board slug/host token equals domain company token + compatible names,false,,LEGACY_SUPPORTED,MULTI_SOURCE_CANDIDATE
EMP-12471,Zscaler,zscaler.com,USA | Multi-region,ats-scrapers,6b44a1badc9bfbf5cf176f75265cc5729e520e99,greenhouse,Zscaler,zscaler,https://job-boards.greenhouse.io/zscaler,HIGH_CONFIDENCE,SLUG_PLUS_NAME,board slug/host token equals domain company token + compatible names,false,,LEGACY_SUPPORTED,SINGLE_SOURCE_CANDIDATE
EMP-12474,Salesforce,salesforce.com,USA | Multi-region | Italy,ats-scrapers,6b44a1badc9bfbf5cf176f75265cc5729e520e99,workday,Salesforce (Mulesoft Careersite),salesforce/Mulesoft_Careersite,https://salesforce.wd12.myworkdayjobs.com/Mulesoft_Careersite,HIGH_CONFIDENCE,SLUG_PLUS_NAME,board slug/host token equals domain company token + compatible names,false,,LEGACY_SUPPORTED,MULTI_SOURCE_CANDIDATE
EMP-12474,Salesforce,salesforce.com,USA | Multi-region | Italy,ats-scrapers,6b44a1badc9bfbf5cf176f75265cc5729e520e99,workday,Salesforce,salesforce/external_career_site,https://salesforce.wd12.myworkdayjobs.com/external_career_site,HIGH_CONFIDENCE,SLUG_PLUS_NAME,board slug/host token equals domain company token + compatible names,false,,LEGACY_SUPPORTED,MULTI_SOURCE_CANDIDATE
EMP-12491,AbbVie,abbvie.com,USA | UK,ats-scrapers,6b44a1badc9bfbf5cf176f75265cc5729e520e99,smartrecruiters,AbbVie,abbvie,https://careers.smartrecruiters.com/abbvie,HIGH_CONFIDENCE,SLUG_PLUS_NAME,board slug/host token equals domain company token + compatible names,false,,LEGACY_SUPPORTED,SINGLE_SOURCE_CANDIDATE
EMP-12492,Amgen,amgen.com,USA | UK,ats-scrapers,6b44a1badc9bfbf5cf176f75265cc5729e520e99,workday,Amgen,amgen/careers,https://amgen.wd1.myworkdayjobs.com/careers,HIGH_CONFIDENCE,SLUG_PLUS_NAME,board slug/host token equals domain company token + compatible names,false,,LEGACY_SUPPORTED,SINGLE_SOURCE_CANDIDATE
EMP-12493,Gilead Sciences,gilead.com,USA | UK,ats-scrapers,6b44a1badc9bfbf5cf176f75265cc5729e520e99,workday,"Gilead Sciences, Inc",gilead/gileadcareers,https://gilead.wd1.myworkdayjobs.com/gileadcareers,HIGH_CONFIDENCE,SLUG_PLUS_NAME,board slug/host token equals domain company token + compatible names,false,,LEGACY_SUPPORTED,MULTI_SOURCE_CANDIDATE
EMP-12493,Gilead Sciences,gilead.com,USA | UK,ats-scrapers,6b44a1badc9bfbf5cf176f75265cc5729e520e99,workday,"Gilead Sciences, Inc (Gileadhotjobcareers)",gilead/gileadhotjobcareers,https://gilead.wd1.myworkdayjobs.com/gileadhotjobcareers,HIGH_CONFIDENCE,SLUG_PLUS_NAME,board slug/host token equals domain company token + compatible names,false,,LEGACY_SUPPORTED,MULTI_SOURCE_CANDIDATE
EMP-12493,Gilead Sciences,gilead.com,USA | UK,ats-scrapers,6b44a1badc9bfbf5cf176f75265cc5729e520e99,workday,"Gilead Sciences, Inc (Kitepharmacareers)",gilead/kitepharmacareers,https://gilead.wd1.myworkdayjobs.com/kitepharmacareers,HIGH_CONFIDENCE,SLUG_PLUS_NAME,board slug/host token equals domain company token + compatible names,false,,LEGACY_SUPPORTED,MULTI_SOURCE_CANDIDATE
EMP-12494,Pfizer,pfizer.com,USA | UK,ats-scrapers,6b44a1badc9bfbf5cf176f75265cc5729e520e99,workday,Pfizer (Internaljobs),pfizer/internaljobs,https://pfizer.wd1.myworkdayjobs.com/internaljobs,HIGH_CONFIDENCE,SLUG_PLUS_NAME,board slug/host token equals domain company token + compatible names,false,,LEGACY_SUPPORTED,MULTI_SOURCE_CANDIDATE
EMP-12494,Pfizer,pfizer.com,USA | UK,ats-scrapers,6b44a1badc9bfbf5cf176f75265cc5729e520e99,workday,Pfizer,pfizer/pfizercareers,https://pfizer.wd1.myworkdayjobs.com/pfizercareers,HIGH_CONFIDENCE,SLUG_PLUS_NAME,board slug/host token equals domain company token + compatible names,false,,LEGACY_SUPPORTED,MULTI_SOURCE_CANDIDATE
EMP-12496,AstraZeneca,astrazeneca.com,USA | UK,ats-scrapers,6b44a1badc9bfbf5cf176f75265cc5729e520e99,eightfold,AstraZeneca,astrazeneca,https://astrazeneca.eightfold.ai/careers,HIGH_CONFIDENCE,DOMAIN_EXACT,eightfold registry domain equals internal corporate domain,false,,DECLARATIVE_SUPPORTED,MULTI_SOURCE_CANDIDATE
EMP-12496,AstraZeneca,astrazeneca.com,USA | UK,ats-scrapers,6b44a1badc9bfbf5cf176f75265cc5729e520e99,workday,AstraZeneca (Alexion),astrazeneca/Alexion,https://astrazeneca.wd3.myworkdayjobs.com/Alexion,HIGH_CONFIDENCE,SLUG_PLUS_NAME,board slug/host token equals domain company token + compatible names,false,,LEGACY_SUPPORTED,MULTI_SOURCE_CANDIDATE
EMP-12496,AstraZeneca,astrazeneca.com,USA | UK,ats-scrapers,6b44a1badc9bfbf5cf176f75265cc5729e520e99,workday,AstraZeneca (Emerging Talent),astrazeneca/Emerging-Talent,https://astrazeneca.wd3.myworkdayjobs.com/Emerging-Talent,HIGH_CONFIDENCE,SLUG_PLUS_NAME,board slug/host token equals domain company token + compatible names,false,,LEGACY_SUPPORTED,MULTI_SOURCE_CANDIDATE
EMP-12496,AstraZeneca,astrazeneca.com,USA | UK,ats-scrapers,6b44a1badc9bfbf5cf176f75265cc5729e520e99,workday,AstraZeneca,astrazeneca/careers,https://astrazeneca.wd3.myworkdayjobs.com/careers,HIGH_CONFIDENCE,SLUG_PLUS_NAME,board slug/host token equals domain company token + compatible names,false,,LEGACY_SUPPORTED,MULTI_SOURCE_CANDIDATE
EMP-12502,Novo Nordisk,novonordisk.com,USA | UK,ats-scrapers,6b44a1badc9bfbf5cf176f75265cc5729e520e99,successfactors,Novo Nordisk,novonordisk,https://careers.novonordisk.com,HIGH_CONFIDENCE,SLUG_PLUS_NAME,board slug/host token equals domain company token + compatible names,false,,LEGACY_SUPPORTED,SINGLE_SOURCE_CANDIDATE
EMP-12503,Sanofi,sanofi.com,USA | UK | France,ats-scrapers,6b44a1badc9bfbf5cf176f75265cc5729e520e99,workday,Sanofi,sanofi/sanoficareers,https://sanofi.wd3.myworkdayjobs.com/sanoficareers,HIGH_CONFIDENCE,SLUG_PLUS_NAME,board slug/host token equals domain company token + compatible names,false,,LEGACY_SUPPORTED,SINGLE_SOURCE_CANDIDATE
